record_id,problem_a,problem_b,category_a,category_b,description_a,description_b,location,distance_km,time_difference_hours,severity_a,severity_b,nearby_frequency,text_similarity,relationship,dependency_strength,dependency_label
NEG_0302,Sewer Overflow,Water Leakage,Drainage,Water,sewer water is overflowing,continuous water leakage,T Nagar,4.9,20.5,LOW,MEDIUM,4,0.024,NO_DEPENDENCY,0.187,0
POS_1191,Water Leakage,Stagnant Water,Water,Public Health,water pipe is leaking,stagnant water remains,Pallavaram,3.67,35.1,CRITICAL,HIGH,2,0.691,CAUSES,0.677,1
NEG_0318,Street Light Failure,Water Leakage,Lighting,Water,roadside light has failed,damaged water supply line,Nungambakkam,5.75,69.7,MEDIUM,HIGH,10,0.446,NO_DEPENDENCY,0.289,0
POS_0252,Waterlogging,Road Blockage,Flooding,Road,road is flooded,road is partially blocked,Pallavaram,3.75,35.2,CRITICAL,MEDIUM,11,0.635,CAUSES,0.714,1
NEG_1006,Street Light Failure,Garbage Accumulation,Lighting,Waste,roadside light has failed,large pile of waste reported,Kodambakkam,4.75,90.0,MEDIUM,HIGH,5,0.202,NO_DEPENDENCY,0.189,0
POS_1118,Pothole / Road Damage,Traffic Congestion,Road,Traffic,multiple potholes reported,severe congestion reported,Sholinganallur,3.31,6.0,MEDIUM,LOW,3,0.637,CONTRIBUTES_TO,0.656,1
POS_1412,Illegal Dumping,Blocked Drain,Waste,Drainage,open dumping observed,drain is clogged,Ambattur,0.83,1.1,HIGH,HIGH,3,0.926,CONTRIBUTES_TO,0.799,1
NEG_0614,Air Pollution,Sewer Overflow,Environment,Drainage,air quality is affected,sewer water is overflowing,Mylapore,7.56,18.4,MEDIUM,HIGH,8,0.188,NO_DEPENDENCY,0.218,0
POS_0409,Pothole / Road Damage,Traffic Congestion,Road,Traffic,road surface is badly damaged,traffic is moving slowly,Ambattur,3.31,30.3,LOW,CRITICAL,1,0.836,CONTRIBUTES_TO,0.632,1
NEG_1080,Illegal Dumping,Water Leakage,Waste,Water,waste is being dumped illegally,damaged water supply line,Thiruvanmiyur,3.37,76.0,CRITICAL,HIGH,11,0.051,NO_DEPENDENCY,0.206,0
NEG_0755,Poor Road Visibility,Traffic Congestion,Safety,Traffic,dark road section,traffic flow is disrupted,Nungambakkam,7.51,59.6,MEDIUM,LOW,15,0.226,NO_DEPENDENCY,0.23,0
POS_0053,Illegal Dumping,Blocked Drain,Waste,Drainage,waste is being dumped illegally,blocked drainage outlet,Porur,4.08,28.2,CRITICAL,CRITICAL,19,0.819,CONTRIBUTES_TO,0.724,1
POS_0645,Garbage Accumulation,Air Pollution,Waste,Environment,uncollected garbage is present,dust and pollution are increasing,Porur,0.63,1.3,MEDIUM,CRITICAL,12,0.635,CONTRIBUTES_TO,0.719,1
NEG_0264,Emergency Response Delay,Garbage Accumulation,Emergency,Waste,emergency movement is delayed,garbage has accumulated,Nungambakkam,0.77,90.5,LOW,CRITICAL,11,0.253,NO_DEPENDENCY,0.294,0
NEG_1277,Air Pollution,Sewer Overflow,Environment,Drainage,local air pollution observed,sewer line has overflowed,Velachery,5.47,2.9,HIGH,HIGH,0,0.109,NO_DEPENDENCY,0.198,0
POS_0901,Road Blockage,Traffic Congestion,Road,Traffic,vehicle movement is obstructed,traffic flow is disrupted,Pallavaram,2.61,4.5,LOW,CRITICAL,16,0.602,CAUSES,0.708,1
POS_1074,Road Blockage,Traffic Congestion,Road,Traffic,road passage is blocked,traffic is moving slowly,Nungambakkam,0.96,39.3,MEDIUM,CRITICAL,2,0.625,CAUSES,0.695,1
POS_0473,Sewer Overflow,Stagnant Water,Drainage,Public Health,sewer line has overflowed,standing water is not clearing,Nungambakkam,3.29,35.9,HIGH,CRITICAL,4,0.741,CAUSES,0.699,1
NEG_1239,Water Leakage,Emergency Response Delay,Water,Emergency,continuous water leakage,emergency vehicles cannot move quickly,Mylapore,0.87,93.3,CRITICAL,HIGH,13,0.173,NO_DEPENDENCY,0.276,0
NEG_1047,Illegal Dumping,Safety Risk,Waste,Safety,garbage dumped beside road,safety risk reported,Adyar,7.57,41.3,HIGH,MEDIUM,2,0.157,NO_DEPENDENCY,0.159,0
POS_0045,Traffic Congestion,Emergency Response Delay,Traffic,Emergency,severe congestion reported,emergency access is difficult,Tambaram,1.96,28.0,CRITICAL,CRITICAL,15,0.797,CAUSES,0.779,1
POS_0290,Road Blockage,Traffic Congestion,Road,Traffic,road passage is blocked,traffic is moving slowly,Mylapore,1.19,5.4,MEDIUM,LOW,4,0.754,CAUSES,0.768,1
POS_0913,Waterlogging,Road Blockage,Flooding,Road,standing rainwater on the street,traffic lane is obstructed,Anna Nagar,3.58,6.5,MEDIUM,LOW,1,0.632,CAUSES,0.682,1
NEG_0584,Illegal Dumping,Road Blockage,Waste,Road,open dumping observed,road is partially blocked,Adyar,0.71,3.4,LOW,MEDIUM,8,0.098,NO_DEPENDENCY,0.306,0
POS_1361,Pothole / Road Damage,Traffic Congestion,Road,Traffic,multiple potholes reported,vehicles are queued,Royapettah,1.74,43.5,HIGH,CRITICAL,2,0.651,CONTRIBUTES_TO,0.668,1
NEG_1396,Safety Risk,Pothole / Road Damage,Safety,Road,area has become unsafe,damaged road section,Perambur,6.06,16.4,MEDIUM,MEDIUM,14,0.324,NO_DEPENDENCY,0.313,0
NEG_1104,Traffic Congestion,Illegal Dumping,Traffic,Waste,vehicles are queued,garbage dumped beside road,Kodambakkam,2.92,32.0,MEDIUM,CRITICAL,1,0.166,NO_DEPENDENCY,0.234,0
POS_1227,Street Light Failure,Poor Road Visibility,Lighting,Safety,streetlights are off,visibility on road is poor,T Nagar,0.95,32.1,HIGH,LOW,4,0.661,CAUSES,0.735,1
POS_0297,Pothole / Road Damage,Poor Road Visibility,Road,Safety,road surface is badly damaged,low visibility reported,Velachery,3.81,20.1,LOW,LOW,15,0.925,CONTRIBUTES_TO,0.606,1
POS_1242,Waterlogging,Road Blockage,Flooding,Road,road is flooded,traffic lane is obstructed,Mylapore,1.13,16.0,CRITICAL,LOW,19,0.704,CAUSES,0.84,1
POS_1006,Stagnant Water,Public Health Risk,Public Health,Health,stagnant water remains,possible health hazard,Sholinganallur,3.73,31.1,CRITICAL,LOW,12,0.962,CAUSES,0.772,1
NEG_0166,Water Leakage,Traffic Congestion,Water,Traffic,water pipe is leaking,traffic flow is disrupted,Pallavaram,3.93,63.5,LOW,MEDIUM,6,0.336,NO_DEPENDENCY,0.269,0
POS_0747,Street Light Failure,Poor Road Visibility,Lighting,Safety,dark street due to light failure,visibility on road is poor,Guindy,1.73,35.5,MEDIUM,HIGH,17,0.506,CAUSES,0.687,1
NEG_1352,Poor Road Visibility,Waterlogging,Safety,Flooding,drivers cannot see clearly,water has accumulated on the road,Thiruvanmiyur,7.38,8.6,MEDIUM,MEDIUM,12,0.175,NO_DEPENDENCY,0.245,0
POS_0292,Pothole / Road Damage,Poor Road Visibility,Road,Safety,road surface is badly damaged,drivers cannot see clearly,T Nagar,3.26,13.4,LOW,LOW,12,0.491,CONTRIBUTES_TO,0.535,1
POS_0782,Traffic Congestion,Emergency Response Delay,Traffic,Emergency,traffic is moving slowly,emergency access is difficult,Adyar,0.53,11.8,HIGH,MEDIUM,2,0.631,CAUSES,0.747,1
NEG_0645,Safety Risk,Public Health Risk,Safety,Health,safety risk reported,possible health hazard,Mylapore,2.14,36.7,CRITICAL,MEDIUM,12,0.424,NO_DEPENDENCY,0.375,0
POS_0323,Garbage Accumulation,Public Health Risk,Waste,Health,waste has built up,possible health hazard,T Nagar,2.69,29.6,CRITICAL,MEDIUM,1,0.706,CAUSES,0.713,1
POS_0299,Garbage Accumulation,Public Health Risk,Waste,Health,garbage has accumulated,possible health hazard,Thiruvanmiyur,2.06,11.6,LOW,MEDIUM,5,0.95,CAUSES,0.738,1
POS_1299,Waterlogging,Road Blockage,Flooding,Road,standing rainwater on the street,traffic lane is obstructed,Guindy,3.22,43.9,MEDIUM,HIGH,9,0.801,CAUSES,0.693,1
POS_0195,Sewer Overflow,Stagnant Water,Drainage,Public Health,dirty wastewater is spreading,stagnant water remains,Guindy,4.08,11.2,CRITICAL,HIGH,4,0.573,CAUSES,0.705,1
POS_0064,Garbage Accumulation,Air Pollution,Waste,Environment,large pile of waste reported,polluted air reported,Kodambakkam,3.3,13.2,HIGH,CRITICAL,3,0.901,CONTRIBUTES_TO,0.692,1
POS_0394,Traffic Congestion,Emergency Response Delay,Traffic,Emergency,traffic is moving slowly,emergency access is difficult,Ambattur,4.08,29.7,HIGH,CRITICAL,2,0.779,CAUSES,0.663,1
POS_0728,Illegal Dumping,Waterlogging,Waste,Flooding,garbage dumped beside road,heavy waterlogging reported,Pallavaram,2.82,31.2,LOW,MEDIUM,14,0.688,CONTRIBUTES_TO,0.586,1
NEG_0084,Sewer Overflow,Water Leakage,Drainage,Water,sewer line has overflowed,water pipe is leaking,Porur,6.38,14.6,LOW,LOW,9,0.045,NO_DEPENDENCY,0.201,0
NEG_0048,Poor Road Visibility,Waterlogging,Safety,Flooding,drivers cannot see clearly,water has accumulated on the road,Velachery,7.93,62.4,LOW,HIGH,6,0.403,NO_DEPENDENCY,0.23,0
NEG_0926,Blocked Drain,Sewer Overflow,Drainage,Drainage,blocked drainage outlet,dirty wastewater is spreading,T Nagar,4.91,26.6,CRITICAL,CRITICAL,5,0.276,NO_DEPENDENCY,0.262,0
POS_0015,Pothole / Road Damage,Poor Road Visibility,Road,Safety,large pothole on the road,visibility on road is poor,Pallavaram,1.67,47.3,LOW,MEDIUM,8,0.878,CONTRIBUTES_TO,0.595,1
NEG_1068,Poor Road Visibility,Sewer Overflow,Safety,Drainage,low visibility reported,sewer water is overflowing,Royapettah,7.86,93.8,LOW,MEDIUM,7,0.288,NO_DEPENDENCY,0.175,0
NEG_0101,Poor Road Visibility,Stagnant Water,Safety,Public Health,drivers cannot see clearly,standing water is not clearing,Sholinganallur,0.77,79.9,CRITICAL,LOW,15,0.026,NO_DEPENDENCY,0.255,0
POS_1091,Poor Road Visibility,Safety Risk,Safety,Safety,low visibility reported,area has become unsafe,Ambattur,3.09,13.5,HIGH,HIGH,18,0.979,CONTRIBUTES_TO,0.766,1
NEG_0612,Water Leakage,Street Light Failure,Water,Lighting,pipeline leak near street,dark street due to light failure,Tambaram,4.38,72.1,CRITICAL,LOW,4,0.183,NO_DEPENDENCY,0.199,0
POS_0204,Traffic Congestion,Emergency Response Delay,Traffic,Emergency,traffic flow is disrupted,emergency vehicles cannot move quickly,Mylapore,4.31,23.2,HIGH,CRITICAL,20,0.691,CAUSES,0.693,1
NEG_0919,Road Blockage,Sewer Overflow,Road,Drainage,vehicle movement is obstructed,sewage overflow reported,Tambaram,5.31,84.6,CRITICAL,CRITICAL,5,0.356,NO_DEPENDENCY,0.232,0
POS_0153,Waterlogging,Road Blockage,Flooding,Road,road is flooded,road passage is blocked,Mylapore,0.26,20.4,LOW,LOW,15,0.871,CAUSES,0.804,1
NEG_1402,Garbage Accumulation,Water Leakage,Waste,Water,large pile of waste reported,pipeline leak near street,Guindy,7.03,18.1,CRITICAL,MEDIUM,0,0.221,NO_DEPENDENCY,0.196,0
POS_1360,Pothole / Road Damage,Traffic Congestion,Road,Traffic,road surface is badly damaged,traffic is moving slowly,Anna Nagar,3.39,36.6,HIGH,LOW,3,0.693,CONTRIBUTES_TO,0.648,1
POS_0773,Garbage Accumulation,Public Health Risk,Waste,Health,garbage has accumulated,disease risk is increasing,Nungambakkam,4.38,18.4,MEDIUM,LOW,13,0.769,CAUSES,0.679,1
NEG_1179,Air Pollution,Street Light Failure,Environment,Lighting,dust and pollution are increasing,dark street due to light failure,Tambaram,3.92,89.8,LOW,MEDIUM,7,0.443,NO_DEPENDENCY,0.284,0
POS_1002,Pothole / Road Damage,Traffic Congestion,Road,Traffic,damaged road section,traffic flow is disrupted,Kodambakkam,2.19,45.8,HIGH,CRITICAL,18,0.635,CONTRIBUTES_TO,0.691,1
POS_0719,Waterlogging,Road Blockage,Flooding,Road,standing rainwater on the street,vehicle movement is obstructed,Perambur,1.9,34.0,CRITICAL,HIGH,15,0.616,CAUSES,0.768,1
POS_0613,Road Blockage,Traffic Congestion,Road,Traffic,road is partially blocked,traffic is moving slowly,Porur,3.56,18.1,LOW,CRITICAL,1,0.696,CAUSES,0.647,1
POS_0843,Street Light Failure,Poor Road Visibility,Lighting,Safety,roadside light has failed,dark road section,Pallavaram,0.93,20.6,HIGH,CRITICAL,10,0.771,CAUSES,0.788,1
POS_0267,Stagnant Water,Public Health Risk,Public Health,Health,standing water is not clearing,disease risk is increasing,T Nagar,2.45,15.9,HIGH,LOW,10,0.823,CAUSES,0.767,1
POS_0052,Street Light Failure,Poor Road Visibility,Lighting,Safety,street light is not working,drivers cannot see clearly,Royapettah,0.73,10.7,CRITICAL,CRITICAL,11,0.67,CAUSES,0.814,1
POS_1196,Blocked Drain,Waterlogging,Drainage,Flooding,blocked drainage outlet,standing rainwater on the street,Royapettah,0.7,46.9,CRITICAL,LOW,4,0.788,CAUSES,0.815,1
POS_1271,Sewer Overflow,Stagnant Water,Drainage,Public Health,sewage overflow reported,stagnant water remains,Guindy,0.7,35.5,LOW,MEDIUM,13,0.901,CAUSES,0.769,1
POS_1492,Street Light Failure,Poor Road Visibility,Lighting,Safety,street light is not working,drivers cannot see clearly,Tambaram,2.46,17.7,HIGH,HIGH,14,0.844,CAUSES,0.779,1
NEG_0083,Blocked Drain,Traffic Congestion,Drainage,Traffic,stormwater drain is blocked,traffic flow is disrupted,Anna Nagar,5.57,33.4,HIGH,HIGH,15,0.294,NO_DEPENDENCY,0.302,0
POS_0522,Street Light Failure,Poor Road Visibility,Lighting,Safety,roadside light has failed,low visibility reported,Kodambakkam,3.31,4.8,LOW,CRITICAL,12,0.824,CAUSES,0.716,1
NEG_0195,Safety Risk,Blocked Drain,Safety,Drainage,risk to pedestrians and vehicles,stormwater drain is blocked,Tambaram,4.22,79.1,LOW,LOW,5,0.252,NO_DEPENDENCY,0.221,0
NEG_1164,Stagnant Water,Illegal Dumping,Public Health,Waste,stagnant water remains,open dumping observed,Pallavaram,5.69,60.4,HIGH,LOW,3,0.218,NO_DEPENDENCY,0.195,0
NEG_1249,Emergency Response Delay,Pothole / Road Damage,Emergency,Road,emergency vehicles cannot move quickly,damaged road section,T Nagar,2.71,58.8,HIGH,LOW,1,0.386,NO_DEPENDENCY,0.281,0
NEG_0422,Traffic Congestion,Garbage Accumulation,Traffic,Waste,traffic is moving slowly,waste has built up,Porur,3.8,29.2,MEDIUM,CRITICAL,10,0.217,NO_DEPENDENCY,0.284,0
POS_0103,Water Leakage,Stagnant Water,Water,Public Health,water pipe is leaking,water is collecting,Velachery,2.28,13.4,HIGH,HIGH,16,0.537,CAUSES,0.721,1
POS_0696,Traffic Congestion,Emergency Response Delay,Traffic,Emergency,traffic flow is disrupted,emergency vehicles cannot move quickly,Perambur,4.26,39.1,CRITICAL,MEDIUM,16,0.591,CAUSES,0.667,1
NEG_0833,Safety Risk,Emergency Response Delay,Safety,Emergency,area has become unsafe,emergency access is difficult,Mylapore,5.92,61.1,LOW,MEDIUM,5,0.257,NO_DEPENDENCY,0.212,0
NEG_1225,Road Blockage,Emergency Response Delay,Road,Emergency,road passage is blocked,response time is increasing,Velachery,0.93,73.0,LOW,HIGH,3,0.242,NO_DEPENDENCY,0.263,0
NEG_0773,Stagnant Water,Pothole / Road Damage,Public Health,Road,water is collecting,damaged road section,Guindy,0.7,69.9,HIGH,HIGH,8,0.11,NO_DEPENDENCY,0.254,0
NEG_0983,Pothole / Road Damage,Emergency Response Delay,Road,Emergency,large pothole on the road,emergency access is difficult,Sholinganallur,3.94,50.7,CRITICAL,CRITICAL,3,0.029,NO_DEPENDENCY,0.172,0
NEG_0343,Public Health Risk,Blocked Drain,Health,Drainage,possible health hazard,stormwater drain is blocked,Velachery,3.99,31.6,LOW,HIGH,9,0.388,NO_DEPENDENCY,0.325,0
NEG_0331,Pothole / Road Damage,Air Pollution,Road,Environment,road surface is badly damaged,air quality is affected,Perambur,3.81,81.6,LOW,HIGH,13,0.104,NO_DEPENDENCY,0.221,0
POS_0795,Blocked Drain,Waterlogging,Drainage,Flooding,drain is clogged,heavy waterlogging reported,Perambur,0.94,14.0,MEDIUM,HIGH,9,0.566,CAUSES,0.773,1
NEG_0321,Street Light Failure,Water Leakage,Lighting,Water,dark street due to light failure,continuous water leakage,Adyar,1.31,75.9,CRITICAL,HIGH,12,0.18,NO_DEPENDENCY,0.281,0
NEG_0502,Sewer Overflow,Safety Risk,Drainage,Safety,sewer water is overflowing,risk to pedestrians and vehicles,Mylapore,2.77,84.6,LOW,LOW,0,0.347,NO_DEPENDENCY,0.242,0
POS_0145,Road Blockage,Traffic Congestion,Road,Traffic,traffic lane is obstructed,vehicles are queued,Mylapore,0.85,33.4,CRITICAL,LOW,6,0.781,CAUSES,0.798,1
NEG_1026,Illegal Dumping,Emergency Response Delay,Waste,Emergency,unauthorized dumping reported,emergency movement is delayed,Velachery,5.5,21.9,CRITICAL,MEDIUM,12,0.276,NO_DEPENDENCY,0.292,0
POS_1331,Sewer Overflow,Stagnant Water,Drainage,Public Health,sewage overflow reported,pool of water has remained,Tambaram,3.12,3.8,CRITICAL,LOW,6,0.511,CAUSES,0.732,1
NEG_0978,Public Health Risk,Waterlogging,Health,Flooding,disease risk is increasing,water has accumulated on the road,Ambattur,4.89,95.1,CRITICAL,HIGH,6,0.337,NO_DEPENDENCY,0.229,0
NEG_1382,Emergency Response Delay,Public Health Risk,Emergency,Health,emergency vehicles cannot move quickly,sanitation may affect public health,T Nagar,5.12,73.9,MEDIUM,LOW,14,0.399,NO_DEPENDENCY,0.301,0
POS_0322,Pothole / Road Damage,Traffic Congestion,Road,Traffic,road surface is badly damaged,traffic is moving slowly,Velachery,0.14,12.9,MEDIUM,CRITICAL,11,0.506,CONTRIBUTES_TO,0.719,1
POS_1262,Road Blockage,Traffic Congestion,Road,Traffic,road is partially blocked,vehicles are queued,Royapettah,2.36,7.2,LOW,MEDIUM,2,0.699,CAUSES,0.695,1
NEG_0915,Road Blockage,Poor Road Visibility,Road,Safety,traffic lane is obstructed,low visibility reported,Perambur,6.93,10.3,MEDIUM,LOW,6,0.441,NO_DEPENDENCY,0.3,0
POS_1270,Street Light Failure,Poor Road Visibility,Lighting,Safety,streetlights are off,low visibility reported,Nungambakkam,2.98,16.1,HIGH,MEDIUM,19,0.966,CAUSES,0.805,1
NEG_0261,Blocked Drain,Sewer Overflow,Drainage,Drainage,rainwater drain is not flowing,sewer line has overflowed,T Nagar,4.68,90.2,MEDIUM,HIGH,12,0.041,NO_DEPENDENCY,0.177,0
POS_0417,Traffic Congestion,Emergency Response Delay,Traffic,Emergency,vehicles are queued,emergency movement is delayed,Pallavaram,0.72,8.0,MEDIUM,CRITICAL,4,0.769,CAUSES,0.755,1
NEG_1132,Traffic Congestion,Blocked Drain,Traffic,Drainage,severe congestion reported,stormwater drain is blocked,Sholinganallur,7.03,71.0,MEDIUM,MEDIUM,2,0.151,NO_DEPENDENCY,0.141,0
NEG_0792,Air Pollution,Street Light Failure,Environment,Lighting,polluted air reported,streetlights are off,Adyar,7.2,92.3,LOW,CRITICAL,7,0.179,NO_DEPENDENCY,0.154,0
POS_0175,Garbage Accumulation,Air Pollution,Waste,Environment,large pile of waste reported,polluted air reported,Anna Nagar,4.16,2.5,LOW,HIGH,3,0.908,CONTRIBUTES_TO,0.637,1
NEG_0226,Illegal Dumping,Air Pollution,Waste,Environment,open dumping observed,polluted air reported,Pallavaram,6.42,62.1,LOW,LOW,0,0.447,NO_DEPENDENCY,0.236,0
NEG_0676,Blocked Drain,Public Health Risk,Drainage,Health,drain is clogged,possible health hazard,Velachery,3.92,27.6,CRITICAL,LOW,9,0.326,NO_DEPENDENCY,0.311,0
POS_0046,Sewer Overflow,Stagnant Water,Drainage,Public Health,sewer line has overflowed,standing water is not clearing,Perambur,0.43,25.0,LOW,MEDIUM,11,0.785,CAUSES,0.762,1
POS_0686,Pothole / Road Damage,Poor Road Visibility,Road,Safety,damaged road section,dark road section,Porur,3.66,6.3,CRITICAL,LOW,15,0.909,CONTRIBUTES_TO,0.701,1
NEG_0108,Emergency Response Delay,Water Leakage,Emergency,Water,emergency movement is delayed,continuous water leakage,Velachery,1.27,3.8,CRITICAL,CRITICAL,15,0.363,NO_DEPENDENCY,0.412,0
POS_1232,Garbage Accumulation,Air Pollution,Waste,Environment,uncollected garbage is present,polluted air reported,Ambattur,4.08,34.7,CRITICAL,LOW,7,0.685,CONTRIBUTES_TO,0.634,1
POS_0863,Blocked Drain,Waterlogging,Drainage,Flooding,blocked drainage outlet,road is flooded,Mylapore,4.44,46.0,HIGH,LOW,1,0.881,CAUSES,0.709,1
NEG_0466,Street Light Failure,Emergency Response Delay,Lighting,Emergency,dark street due to light failure,emergency vehicles cannot move quickly,Thiruvanmiyur,2.12,91.9,MEDIUM,CRITICAL,4,0.284,NO_DEPENDENCY,0.247,0
POS_0332,Waterlogging,Road Blockage,Flooding,Road,road is flooded,road passage is blocked,Royapettah,1.78,19.4,CRITICAL,LOW,9,0.623,CAUSES,0.778,1
POS_0094,Street Light Failure,Poor Road Visibility,Lighting,Safety,streetlights are off,visibility on road is poor,T Nagar,0.45,47.0,CRITICAL,MEDIUM,4,0.853,CAUSES,0.79,1
NEG_0142,Poor Road Visibility,Blocked Drain,Safety,Drainage,dark road section,blocked drainage outlet,Tambaram,7.65,83.2,CRITICAL,CRITICAL,13,0.271,NO_DEPENDENCY,0.212,0
NEG_1487,Water Leakage,Pothole / Road Damage,Water,Road,water pipe is leaking,large pothole on the road,Kodambakkam,0.44,17.3,MEDIUM,CRITICAL,1,0.048,NO_DEPENDENCY,0.248,0
POS_0507,Pothole / Road Damage,Poor Road Visibility,Road,Safety,multiple potholes reported,dark road section,Porur,2.41,16.3,LOW,HIGH,6,0.659,CONTRIBUTES_TO,0.571,1
NEG_1410,Pothole / Road Damage,Garbage Accumulation,Road,Waste,multiple potholes reported,uncollected garbage is present,Tambaram,6.04,4.1,HIGH,CRITICAL,10,0.163,NO_DEPENDENCY,0.255,0
NEG_0546,Emergency Response Delay,Air Pollution,Emergency,Environment,emergency movement is delayed,polluted air reported,Velachery,4.43,29.5,LOW,HIGH,0,0.048,NO_DEPENDENCY,0.173,0
POS_0496,Illegal Dumping,Waterlogging,Waste,Flooding,unauthorized dumping reported,heavy waterlogging reported,Sholinganallur,3.4,27.8,HIGH,CRITICAL,14,0.498,CONTRIBUTES_TO,0.588,1
NEG_0633,Stagnant Water,Blocked Drain,Public Health,Drainage,water is collecting,blocked drainage outlet,T Nagar,1.76,44.2,LOW,MEDIUM,15,0.04,NO_DEPENDENCY,0.274,0
POS_0001,Sewer Overflow,Stagnant Water,Drainage,Public Health,dirty wastewater is spreading,stagnant water remains,Anna Nagar,0.55,35.7,LOW,LOW,5,0.58,CAUSES,0.688,1
POS_0315,Poor Road Visibility,Safety Risk,Safety,Safety,visibility on road is poor,residents feel unsafe,Porur,0.54,25.5,HIGH,CRITICAL,3,0.643,CONTRIBUTES_TO,0.708,1
POS_1273,Sewer Overflow,Stagnant Water,Drainage,Public Health,dirty wastewater is spreading,stagnant water remains,Ambattur,3.92,46.6,CRITICAL,HIGH,7,0.665,CAUSES,0.686,1
NEG_0442,Traffic Congestion,Poor Road Visibility,Traffic,Safety,vehicles are queued,dark road section,Perambur,6.36,45.4,CRITICAL,MEDIUM,9,0.173,NO_DEPENDENCY,0.214,0
NEG_1468,Public Health Risk,Blocked Drain,Health,Drainage,possible health hazard,blocked drainage outlet,Mylapore,4.19,55.6,HIGH,CRITICAL,12,0.274,NO_DEPENDENCY,0.283,0
POS_1317,Garbage Accumulation,Public Health Risk,Waste,Health,large pile of waste reported,possible health hazard,Thiruvanmiyur,0.48,33.0,MEDIUM,CRITICAL,12,0.532,CAUSES,0.707,1
POS_0756,Waterlogging,Road Blockage,Flooding,Road,water has accumulated on the road,traffic lane is obstructed,Ambattur,3.61,32.1,CRITICAL,HIGH,8,0.667,CAUSES,0.721,1
NEG_0271,Pothole / Road Damage,Waterlogging,Road,Flooding,road surface is badly damaged,standing rainwater on the street,Guindy,3.85,29.9,CRITICAL,HIGH,11,0.437,NO_DEPENDENCY,0.353,0
POS_1201,Traffic Congestion,Emergency Response Delay,Traffic,Emergency,vehicles are queued,emergency access is difficult,Pallavaram,0.13,15.9,CRITICAL,CRITICAL,10,0.484,CAUSES,0.766,1
NEG_0675,Waterlogging,Emergency Response Delay,Flooding,Emergency,standing rainwater on the street,emergency vehicles cannot move quickly,Pallavaram,7.95,77.1,MEDIUM,LOW,5,0.309,NO_DEPENDENCY,0.184,0
NEG_0492,Road Blockage,Stagnant Water,Road,Public Health,road passage is blocked,pool of water has remained,Porur,3.3,15.5,LOW,MEDIUM,8,0.098,NO_DEPENDENCY,0.257,0
POS_0880,Illegal Dumping,Blocked Drain,Waste,Drainage,waste is being dumped illegally,stormwater drain is blocked,Sholinganallur,3.07,8.5,CRITICAL,MEDIUM,12,0.48,CONTRIBUTES_TO,0.691,1
POS_0766,Illegal Dumping,Waterlogging,Waste,Flooding,unauthorized dumping reported,road is flooded,Thiruvanmiyur,0.42,30.7,HIGH,MEDIUM,5,0.558,CONTRIBUTES_TO,0.648,1
POS_0928,Water Leakage,Stagnant Water,Water,Public Health,water pipe is leaking,standing water is not clearing,Mylapore,3.2,25.4,HIGH,HIGH,8,0.611,CAUSES,0.676,1
NEG_0878,Blocked Drain,Poor Road Visibility,Drainage,Safety,stormwater drain is blocked,dark road section,Royapettah,2.82,65.7,CRITICAL,MEDIUM,9,0.281,NO_DEPENDENCY,0.282,0
POS_1375,Street Light Failure,Poor Road Visibility,Lighting,Safety,dark street due to light failure,drivers cannot see clearly,Guindy,1.62,22.6,CRITICAL,CRITICAL,13,0.695,CAUSES,0.786,1
NEG_0315,Illegal Dumping,Traffic Congestion,Waste,Traffic,unauthorized dumping reported,vehicles are queued,T Nagar,1.77,33.9,HIGH,CRITICAL,4,0.123,NO_DEPENDENCY,0.252,0
NEG_0299,Street Light Failure,Water Leakage,Lighting,Water,streetlights are off,water pipe is leaking,Adyar,7.55,49.8,HIGH,HIGH,5,0.27,NO_DEPENDENCY,0.201,0
POS_0930,Water Leakage,Stagnant Water,Water,Public Health,pipeline leak near street,standing water is not clearing,Royapettah,0.57,31.3,HIGH,LOW,12,0.785,CAUSES,0.778,1
POS_0437,Illegal Dumping,Waterlogging,Waste,Flooding,garbage dumped beside road,standing rainwater on the street,Adyar,4.19,27.8,LOW,LOW,14,0.588,CONTRIBUTES_TO,0.536,1
POS_0197,Sewer Overflow,Stagnant Water,Drainage,Public Health,dirty wastewater is spreading,standing water is not clearing,T Nagar,0.31,37.0,LOW,MEDIUM,8,0.796,CAUSES,0.743,1
NEG_0263,Waterlogging,Air Pollution,Flooding,Environment,road is flooded,dust and pollution are increasing,Velachery,3.99,63.3,MEDIUM,HIGH,5,0.412,NO_DEPENDENCY,0.286,0
POS_1065,Illegal Dumping,Waterlogging,Waste,Flooding,open dumping observed,road is flooded,Guindy,3.45,29.3,HIGH,LOW,6,0.896,CONTRIBUTES_TO,0.644,1
NEG_0843,Street Light Failure,Water Leakage,Lighting,Water,roadside light has failed,damaged water supply line,Kodambakkam,1.04,52.3,LOW,CRITICAL,9,0.156,NO_DEPENDENCY,0.283,0
NEG_1029,Air Pollution,Poor Road Visibility,Environment,Safety,dust and pollution are increasing,dark road section,Sholinganallur,4.07,75.7,HIGH,HIGH,11,0.435,NO_DEPENDENCY,0.311,0
POS_1269,Traffic Congestion,Emergency Response Delay,Traffic,Emergency,severe congestion reported,response time is increasing,Tambaram,2.98,35.8,LOW,MEDIUM,10,0.83,CAUSES,0.662,1
NEG_0824,Road Blockage,Emergency Response Delay,Road,Emergency,traffic lane is obstructed,emergency vehicles cannot move quickly,Ambattur,6.9,63.5,LOW,CRITICAL,7,0.138,NO_DEPENDENCY,0.17,0
NEG_1280,Sewer Overflow,Blocked Drain,Drainage,Drainage,sewage overflow reported,stormwater drain is blocked,Sholinganallur,2.68,3.7,CRITICAL,LOW,13,0.282,NO_DEPENDENCY,0.356,0
NEG_0726,Poor Road Visibility,Blocked Drain,Safety,Drainage,dark road section,stormwater drain is blocked,Perambur,1.55,76.9,MEDIUM,LOW,1,0.163,NO_DEPENDENCY,0.217,0
POS_0451,Poor Road Visibility,Safety Risk,Safety,Safety,drivers cannot see clearly,area has become unsafe,Perambur,2.22,12.4,CRITICAL,LOW,2,0.905,CONTRIBUTES_TO,0.759,1
NEG_0665,Sewer Overflow,Waterlogging,Drainage,Flooding,sewer water is overflowing,standing rainwater on the street,Nungambakkam,2.29,38.1,LOW,HIGH,1,0.438,NO_DEPENDENCY,0.32,0
NEG_0873,Water Leakage,Public Health Risk,Water,Health,damaged water supply line,possible health hazard,T Nagar,4.53,81.0,MEDIUM,MEDIUM,4,0.426,NO_DEPENDENCY,0.262,0
NEG_0513,Illegal Dumping,Sewer Overflow,Waste,Drainage,garbage dumped beside road,sewage overflow reported,Mylapore,2.73,14.8,MEDIUM,CRITICAL,11,0.118,NO_DEPENDENCY,0.287,0
POS_0271,Illegal Dumping,Blocked Drain,Waste,Drainage,open dumping observed,blocked drainage outlet,T Nagar,3.72,24.0,HIGH,MEDIUM,10,0.621,CONTRIBUTES_TO,0.652,1
NEG_0341,Pothole / Road Damage,Sewer Overflow,Road,Drainage,large pothole on the road,dirty wastewater is spreading,Mylapore,7.68,40.1,MEDIUM,HIGH,10,0.182,NO_DEPENDENCY,0.206,0
NEG_1435,Air Pollution,Street Light Failure,Environment,Lighting,dust and pollution are increasing,dark street due to light failure,Pallavaram,6.76,72.7,HIGH,HIGH,7,0.035,NO_DEPENDENCY,0.134,0
POS_0979,Illegal Dumping,Waterlogging,Waste,Flooding,waste is being dumped illegally,heavy waterlogging reported,Velachery,2.43,37.7,HIGH,CRITICAL,14,0.962,CONTRIBUTES_TO,0.691,1
NEG_0667,Traffic Congestion,Safety Risk,Traffic,Safety,traffic is moving slowly,safety risk reported,Anna Nagar,3.31,62.8,LOW,HIGH,0,0.373,NO_DEPENDENCY,0.26,0
POS_0355,Illegal Dumping,Blocked Drain,Waste,Drainage,waste is being dumped illegally,blocked drainage outlet,Perambur,1.96,23.2,MEDIUM,HIGH,18,0.452,CONTRIBUTES_TO,0.658,1
NEG_0377,Safety Risk,Public Health Risk,Safety,Health,area has become unsafe,disease risk is increasing,Royapettah,0.73,67.1,CRITICAL,HIGH,13,0.308,NO_DEPENDENCY,0.341,0
POS_0185,Blocked Drain,Waterlogging,Drainage,Flooding,blocked drainage outlet,standing rainwater on the street,Tambaram,0.66,16.3,MEDIUM,MEDIUM,15,0.701,CAUSES,0.819,1
NEG_1245,Air Pollution,Safety Risk,Environment,Safety,air quality is affected,risk to pedestrians and vehicles,Mylapore,4.95,43.4,HIGH,HIGH,0,0.034,NO_DEPENDENCY,0.15,0
NEG_0115,Illegal Dumping,Poor Road Visibility,Waste,Safety,unauthorized dumping reported,drivers cannot see clearly,Velachery,0.99,46.2,CRITICAL,CRITICAL,4,0.067,NO_DEPENDENCY,0.237,0
NEG_1260,Road Blockage,Emergency Response Delay,Road,Emergency,road is partially blocked,emergency access is difficult,Pallavaram,6.31,22.9,LOW,LOW,8,0.04,NO_DEPENDENCY,0.188,0
NEG_0207,Emergency Response Delay,Air Pollution,Emergency,Environment,emergency movement is delayed,air quality is affected,Velachery,3.28,16.2,LOW,CRITICAL,14,0.445,NO_DEPENDENCY,0.391,0
NEG_0362,Public Health Risk,Water Leakage,Health,Water,health risk reported,pipeline leak near street,Royapettah,7.07,84.4,MEDIUM,MEDIUM,5,0.133,NO_DEPENDENCY,0.139,0
POS_0247,Sewer Overflow,Stagnant Water,Drainage,Public Health,dirty wastewater is spreading,stagnant water remains,Nungambakkam,0.74,20.6,CRITICAL,CRITICAL,15,0.65,CAUSES,0.818,1
POS_0556,Road Blockage,Traffic Congestion,Road,Traffic,traffic lane is obstructed,traffic is moving slowly,Velachery,1.42,19.8,CRITICAL,HIGH,20,0.767,CAUSES,0.834,1
NEG_0253,Poor Road Visibility,Illegal Dumping,Safety,Waste,dark road section,waste is being dumped illegally,Nungambakkam,4.53,86.4,CRITICAL,LOW,15,0.263,NO_DEPENDENCY,0.264,0
POS_1365,Garbage Accumulation,Air Pollution,Waste,Environment,garbage has accumulated,air quality is affected,Guindy,4.09,3.8,HIGH,LOW,15,0.759,CONTRIBUTES_TO,0.687,1
POS_0068,Street Light Failure,Poor Road Visibility,Lighting,Safety,street light is not working,drivers cannot see clearly,Sholinganallur,2.5,17.2,HIGH,MEDIUM,10,0.69,CAUSES,0.738,1
NEG_1119,Illegal Dumping,Poor Road Visibility,Waste,Safety,waste is being dumped illegally,dark road section,Mylapore,4.07,9.5,MEDIUM,LOW,4,0.184,NO_DEPENDENCY,0.256,0
NEG_0785,Waterlogging,Pothole / Road Damage,Flooding,Road,road is flooded,road surface is badly damaged,Anna Nagar,2.01,93.9,LOW,HIGH,5,0.076,NO_DEPENDENCY,0.189,0
POS_0533,Waterlogging,Road Blockage,Flooding,Road,water has accumulated on the road,road is partially blocked,Nungambakkam,0.16,30.2,CRITICAL,CRITICAL,7,0.513,CAUSES,0.776,1
NEG_1374,Public Health Risk,Sewer Overflow,Health,Drainage,possible health hazard,sewer line has overflowed,Royapettah,7.57,48.9,MEDIUM,MEDIUM,12,0.393,NO_DEPENDENCY,0.274,0
NEG_1206,Waterlogging,Safety Risk,Flooding,Safety,heavy waterlogging reported,residents feel unsafe,Nungambakkam,5.08,43.3,LOW,LOW,4,0.273,NO_DEPENDENCY,0.24,0
NEG_0003,Emergency Response Delay,Road Blockage,Emergency,Road,emergency access is difficult,traffic lane is obstructed,Adyar,5.84,28.6,MEDIUM,CRITICAL,10,0.163,NO_DEPENDENCY,0.237,0
POS_0762,Stagnant Water,Public Health Risk,Public Health,Health,pool of water has remained,possible health hazard,Royapettah,4.33,9.1,CRITICAL,LOW,10,0.828,CAUSES,0.756,1
NEG_1253,Garbage Accumulation,Waterlogging,Waste,Flooding,waste has built up,standing rainwater on the street,Sholinganallur,0.68,64.5,CRITICAL,MEDIUM,15,0.248,NO_DEPENDENCY,0.335,0
POS_1212,Stagnant Water,Public Health Risk,Public Health,Health,standing water is not clearing,disease risk is increasing,Nungambakkam,2.83,33.0,CRITICAL,MEDIUM,1,0.954,CAUSES,0.763,1
NEG_0744,Public Health Risk,Water Leakage,Health,Water,health risk reported,continuous water leakage,Kodambakkam,3.31,12.2,HIGH,LOW,0,0.069,NO_DEPENDENCY,0.211,0
NEG_0294,Pothole / Road Damage,Street Light Failure,Road,Lighting,multiple potholes reported,dark street due to light failure,Thiruvanmiyur,0.27,67.3,MEDIUM,LOW,11,0.217,NO_DEPENDENCY,0.31,0
POS_0536,Pothole / Road Damage,Poor Road Visibility,Road,Safety,damaged road section,dark road section,Thiruvanmiyur,3.04,44.0,CRITICAL,MEDIUM,5,0.873,CONTRIBUTES_TO,0.632,1
NEG_0247,Air Pollution,Emergency Response Delay,Environment,Emergency,local air pollution observed,emergency access is difficult,Sholinganallur,3.48,72.6,MEDIUM,HIGH,4,0.388,NO_DEPENDENCY,0.274,0
POS_0464,Poor Road Visibility,Safety Risk,Safety,Safety,low visibility reported,risk to pedestrians and vehicles,Kodambakkam,1.97,14.4,HIGH,MEDIUM,1,0.573,CONTRIBUTES_TO,0.669,1
NEG_1178,Garbage Accumulation,Pothole / Road Damage,Waste,Road,large pile of waste reported,multiple potholes reported,Royapettah,4.96,94.6,MEDIUM,MEDIUM,9,0.137,NO_DEPENDENCY,0.183,0
NEG_0340,Emergency Response Delay,Road Blockage,Emergency,Road,response time is increasing,vehicle movement is obstructed,Tambaram,7.37,49.8,HIGH,MEDIUM,9,0.293,NO_DEPENDENCY,0.231,0
NEG_1363,Air Pollution,Public Health Risk,Environment,Health,dust and pollution are increasing,possible health hazard,Mylapore,4.58,80.1,LOW,CRITICAL,2,0.208,NO_DEPENDENCY,0.187,0
POS_0125,Waterlogging,Road Blockage,Flooding,Road,standing rainwater on the street,road is partially blocked,Velachery,3.37,10.7,MEDIUM,HIGH,11,0.673,CAUSES,0.715,1
POS_0179,Pothole / Road Damage,Traffic Congestion,Road,Traffic,road surface is badly damaged,vehicles are queued,Sholinganallur,2.05,7.2,CRITICAL,MEDIUM,13,0.477,CONTRIBUTES_TO,0.729,1
POS_0193,Poor Road Visibility,Safety Risk,Safety,Safety,dark road section,risk to pedestrians and vehicles,Perambur,3.63,14.3,HIGH,CRITICAL,3,0.602,CONTRIBUTES_TO,0.638,1
NEG_0808,Road Blockage,Sewer Overflow,Road,Drainage,road is partially blocked,sewer water is overflowing,Adyar,0.68,8.7,LOW,LOW,6,0.207,NO_DEPENDENCY,0.325,0
POS_1430,Street Light Failure,Poor Road Visibility,Lighting,Safety,dark street due to light failure,drivers cannot see clearly,Thiruvanmiyur,2.56,38.6,HIGH,LOW,2,0.734,CAUSES,0.695,1
NEG_0192,Safety Risk,Water Leakage,Safety,Water,risk to pedestrians and vehicles,water pipe is leaking,Guindy,3.62,13.3,LOW,CRITICAL,9,0.198,NO_DEPENDENCY,0.289,0
POS_0742,Street Light Failure,Poor Road Visibility,Lighting,Safety,street light is not working,dark road section,Kodambakkam,1.59,39.1,HIGH,LOW,7,0.794,CAUSES,0.743,1
POS_1035,Blocked Drain,Waterlogging,Drainage,Flooding,blocked drainage outlet,water has accumulated on the road,Guindy,3.73,14.8,CRITICAL,LOW,17,0.627,CAUSES,0.784,1
NEG_0467,Blocked Drain,Poor Road Visibility,Drainage,Safety,blocked drainage outlet,drivers cannot see clearly,Porur,1.44,57.9,CRITICAL,LOW,12,0.449,NO_DEPENDENCY,0.375,0
POS_0479,Garbage Accumulation,Public Health Risk,Waste,Health,large pile of waste reported,disease risk is increasing,Porur,3.31,13.6,MEDIUM,LOW,18,0.891,CAUSES,0.75,1
POS_1028,Pothole / Road Damage,Poor Road Visibility,Road,Safety,damaged road section,low visibility reported,Kodambakkam,0.21,13.1,HIGH,MEDIUM,4,0.485,CONTRIBUTES_TO,0.641,1
NEG_1102,Traffic Congestion,Street Light Failure,Traffic,Lighting,vehicles are queued,street light is not working,Thiruvanmiyur,1.71,17.8,CRITICAL,LOW,9,0.112,NO_DEPENDENCY,0.288,0
POS_0369,Illegal Dumping,Blocked Drain,Waste,Drainage,garbage dumped beside road,stormwater drain is blocked,Guindy,4.1,23.4,MEDIUM,CRITICAL,15,0.752,CONTRIBUTES_TO,0.657,1
NEG_1024,Stagnant Water,Waterlogging,Public Health,Flooding,water is collecting,road is flooded,Nungambakkam,7.74,59.4,HIGH,MEDIUM,9,0.11,NO_DEPENDENCY,0.162,0
POS_0846,Pothole / Road Damage,Traffic Congestion,Road,Traffic,damaged road section,severe congestion reported,Guindy,2.07,18.3,HIGH,MEDIUM,3,0.771,CONTRIBUTES_TO,0.722,1
POS_0257,Illegal Dumping,Waterlogging,Waste,Flooding,waste is being dumped illegally,standing rainwater on the street,Nungambakkam,0.56,32.4,CRITICAL,CRITICAL,11,0.709,CONTRIBUTES_TO,0.712,1
POS_1223,Garbage Accumulation,Air Pollution,Waste,Environment,waste has built up,dust and pollution are increasing,Nungambakkam,0.99,14.9,HIGH,CRITICAL,9,0.76,CONTRIBUTES_TO,0.734,1
NEG_0493,Safety Risk,Street Light Failure,Safety,Lighting,risk to pedestrians and vehicles,streetlights are off,Sholinganallur,6.77,85.0,MEDIUM,MEDIUM,0,0.182,NO_DEPENDENCY,0.132,0
POS_0212,Illegal Dumping,Waterlogging,Waste,Flooding,waste is being dumped illegally,heavy waterlogging reported,Perambur,1.59,13.6,LOW,CRITICAL,4,0.947,CONTRIBUTES_TO,0.668,1
NEG_1190,Emergency Response Delay,Safety Risk,Emergency,Safety,emergency movement is delayed,area has become unsafe,Tambaram,5.25,66.6,CRITICAL,HIGH,10,0.149,NO_DEPENDENCY,0.21,0
NEG_0450,Public Health Risk,Poor Road Visibility,Health,Safety,sanitation may affect public health,drivers cannot see clearly,Porur,7.46,68.6,CRITICAL,HIGH,2,0.09,NO_DEPENDENCY,0.118,0
POS_1363,Pothole / Road Damage,Poor Road Visibility,Road,Safety,road surface is badly damaged,visibility on road is poor,Mylapore,2.05,32.4,LOW,LOW,11,0.877,CONTRIBUTES_TO,0.614,1
NEG_0652,Emergency Response Delay,Road Blockage,Emergency,Road,emergency access is difficult,traffic lane is obstructed,Guindy,3.34,4.8,HIGH,LOW,9,0.406,NO_DEPENDENCY,0.363,0
NEG_0654,Blocked Drain,Traffic Congestion,Drainage,Traffic,rainwater drain is not flowing,vehicles are queued,Kodambakkam,4.23,56.0,MEDIUM,LOW,15,0.158,NO_DEPENDENCY,0.262,0
POS_0568,Illegal Dumping,Waterlogging,Waste,Flooding,garbage dumped beside road,heavy waterlogging reported,T Nagar,2.33,22.8,HIGH,HIGH,14,0.839,CONTRIBUTES_TO,0.69,1
NEG_0707,Emergency Response Delay,Safety Risk,Emergency,Safety,emergency vehicles cannot move quickly,risk to pedestrians and vehicles,Thiruvanmiyur,4.07,3.7,CRITICAL,HIGH,13,0.299,NO_DEPENDENCY,0.341,0
NEG_0594,Emergency Response Delay,Garbage Accumulation,Emergency,Waste,emergency vehicles cannot move quickly,uncollected garbage is present,Porur,6.35,3.7,CRITICAL,MEDIUM,12,0.238,NO_DEPENDENCY,0.283,0
NEG_0211,Traffic Congestion,Water Leakage,Traffic,Water,traffic is moving slowly,damaged water supply line,Kodambakkam,0.96,31.9,HIGH,HIGH,6,0.034,NO_DEPENDENCY,0.249,0
POS_1264,Illegal Dumping,Waterlogging,Waste,Flooding,waste is being dumped illegally,standing rainwater on the street,Anna Nagar,0.96,19.7,HIGH,LOW,9,0.648,CONTRIBUTES_TO,0.678,1
NEG_0624,Blocked Drain,Poor Road Visibility,Drainage,Safety,blocked drainage outlet,low visibility reported,Velachery,5.43,30.5,CRITICAL,LOW,3,0.079,NO_DEPENDENCY,0.182,0
POS_0799,Poor Road Visibility,Safety Risk,Safety,Safety,drivers cannot see clearly,area has become unsafe,Pallavaram,0.71,12.2,MEDIUM,CRITICAL,9,0.784,CONTRIBUTES_TO,0.741,1
POS_0081,Water Leakage,Stagnant Water,Water,Public Health,water pipe is leaking,water is collecting,Nungambakkam,2.95,44.0,CRITICAL,CRITICAL,19,0.546,CAUSES,0.696,1
POS_0033,Garbage Accumulation,Air Pollution,Waste,Environment,waste has built up,air quality is affected,Adyar,1.28,0.7,MEDIUM,CRITICAL,9,0.859,CONTRIBUTES_TO,0.741,1
POS_0415,Garbage Accumulation,Public Health Risk,Waste,Health,waste has built up,sanitation may affect public health,Nungambakkam,2.67,43.2,CRITICAL,MEDIUM,9,0.491,CAUSES,0.672,1
NEG_0305,Illegal Dumping,Garbage Accumulation,Waste,Waste,open dumping observed,waste has built up,Nungambakkam,1.74,66.1,MEDIUM,CRITICAL,11,0.375,NO_DEPENDENCY,0.336,0
NEG_0714,Pothole / Road Damage,Stagnant Water,Road,Public Health,multiple potholes reported,water is collecting,Porur,3.71,71.7,MEDIUM,MEDIUM,5,0.445,NO_DEPENDENCY,0.293,0
POS_1322,Pothole / Road Damage,Traffic Congestion,Road,Traffic,damaged road section,traffic is moving slowly,Pallavaram,1.48,21.8,CRITICAL,CRITICAL,14,0.555,CONTRIBUTES_TO,0.741,1
NEG_0068,Pothole / Road Damage,Street Light Failure,Road,Lighting,damaged road section,roadside light has failed,Mylapore,4.7,70.6,CRITICAL,LOW,1,0.258,NO_DEPENDENCY,0.203,0
POS_0784,Pothole / Road Damage,Poor Road Visibility,Road,Safety,large pothole on the road,visibility on road is poor,Porur,3.62,3.1,LOW,LOW,14,0.774,CONTRIBUTES_TO,0.602,1
NEG_1492,Road Blockage,Emergency Response Delay,Road,Emergency,traffic lane is obstructed,emergency vehicles cannot move quickly,Sholinganallur,1.32,60.2,CRITICAL,CRITICAL,11,0.027,NO_DEPENDENCY,0.243,0
POS_1413,Blocked Drain,Waterlogging,Drainage,Flooding,rainwater drain is not flowing,road is flooded,Mylapore,3.04,46.3,LOW,LOW,15,0.55,CAUSES,0.662,1
POS_0458,Waterlogging,Road Blockage,Flooding,Road,water has accumulated on the road,road passage is blocked,Ambattur,0.48,45.0,LOW,CRITICAL,2,0.701,CAUSES,0.698,1
POS_0140,Waterlogging,Road Blockage,Flooding,Road,water has accumulated on the road,vehicle movement is obstructed,Nungambakkam,1.52,27.0,MEDIUM,HIGH,9,0.655,CAUSES,0.73,1
NEG_0731,Illegal Dumping,Road Blockage,Waste,Road,unauthorized dumping reported,road is partially blocked,Ambattur,5.28,78.0,LOW,HIGH,7,0.039,NO_DEPENDENCY,0.152,0
POS_1026,Waterlogging,Road Blockage,Flooding,Road,road is flooded,vehicle movement is obstructed,Ambattur,0.27,18.7,HIGH,MEDIUM,7,0.942,CAUSES,0.85,1
POS_0089,Garbage Accumulation,Air Pollution,Waste,Environment,uncollected garbage is present,dust and pollution are increasing,Mylapore,0.71,26.1,CRITICAL,CRITICAL,18,0.633,CONTRIBUTES_TO,0.748,1
POS_1443,Illegal Dumping,Waterlogging,Waste,Flooding,unauthorized dumping reported,heavy waterlogging reported,Porur,2.75,41.7,CRITICAL,CRITICAL,5,0.847,CONTRIBUTES_TO,0.657,1
NEG_0332,Street Light Failure,Illegal Dumping,Lighting,Waste,street light is not working,unauthorized dumping reported,Kodambakkam,6.49,67.2,LOW,MEDIUM,5,0.233,NO_DEPENDENCY,0.192,0
NEG_1077,Stagnant Water,Poor Road Visibility,Public Health,Safety,water is collecting,dark road section,Nungambakkam,4.68,33.5,MEDIUM,LOW,11,0.054,NO_DEPENDENCY,0.223,0
POS_0255,Traffic Congestion,Emergency Response Delay,Traffic,Emergency,severe congestion reported,emergency access is difficult,Royapettah,3.6,30.4,CRITICAL,LOW,14,0.549,CAUSES,0.683,1
POS_0606,Illegal Dumping,Waterlogging,Waste,Flooding,waste is being dumped illegally,water has accumulated on the road,Ambattur,3.25,30.5,HIGH,MEDIUM,7,0.967,CONTRIBUTES_TO,0.664,1
POS_1045,Sewer Overflow,Stagnant Water,Drainage,Public Health,dirty wastewater is spreading,standing water is not clearing,Porur,3.95,38.7,HIGH,MEDIUM,7,0.524,CAUSES,0.643,1
POS_0569,Street Light Failure,Poor Road Visibility,Lighting,Safety,dark street due to light failure,drivers cannot see clearly,T Nagar,4.16,36.1,HIGH,LOW,19,0.835,CAUSES,0.721,1
NEG_0233,Pothole / Road Damage,Public Health Risk,Road,Health,damaged road section,sanitation may affect public health,Anna Nagar,1.52,20.0,MEDIUM,LOW,12,0.378,NO_DEPENDENCY,0.384,0
NEG_1043,Public Health Risk,Traffic Congestion,Health,Traffic,disease risk is increasing,vehicles are queued,Porur,4.5,80.8,MEDIUM,HIGH,10,0.129,NO_DEPENDENCY,0.204,0
POS_0858,Waterlogging,Road Blockage,Flooding,Road,road is flooded,road passage is blocked,Anna Nagar,1.73,13.6,MEDIUM,CRITICAL,19,0.631,CAUSES,0.764,1
NEG_0973,Safety Risk,Public Health Risk,Safety,Health,safety risk reported,sanitation may affect public health,Kodambakkam,5.93,78.2,MEDIUM,CRITICAL,13,0.316,NO_DEPENDENCY,0.256,0
POS_0818,Illegal Dumping,Blocked Drain,Waste,Drainage,open dumping observed,blocked drainage outlet,Perambur,3.69,32.1,HIGH,MEDIUM,19,0.534,CONTRIBUTES_TO,0.646,1
NEG_0531,Road Blockage,Air Pollution,Road,Environment,vehicle movement is obstructed,air quality is affected,Adyar,6.56,36.9,LOW,MEDIUM,8,0.104,NO_DEPENDENCY,0.192,0
NEG_0378,Emergency Response Delay,Street Light Failure,Emergency,Lighting,emergency vehicles cannot move quickly,streetlights are off,Nungambakkam,3.93,59.3,MEDIUM,LOW,10,0.343,NO_DEPENDENCY,0.295,0
POS_0142,Sewer Overflow,Stagnant Water,Drainage,Public Health,sewer line has overflowed,stagnant water remains,Nungambakkam,3.18,45.5,LOW,CRITICAL,17,0.978,CAUSES,0.718,1
POS_0444,Stagnant Water,Public Health Risk,Public Health,Health,water is collecting,sanitation may affect public health,Pallavaram,0.08,41.2,HIGH,HIGH,16,0.958,CAUSES,0.833,1
POS_1175,Poor Road Visibility,Safety Risk,Safety,Safety,low visibility reported,safety risk reported,Ambattur,0.15,38.9,CRITICAL,CRITICAL,19,0.692,CONTRIBUTES_TO,0.774,1
POS_0487,Poor Road Visibility,Safety Risk,Safety,Safety,drivers cannot see clearly,risk to pedestrians and vehicles,Sholinganallur,2.89,17.5,LOW,MEDIUM,14,0.693,CONTRIBUTES_TO,0.648,1
POS_0882,Pothole / Road Damage,Traffic Congestion,Road,Traffic,damaged road section,vehicles are queued,Thiruvanmiyur,3.11,45.8,LOW,CRITICAL,13,0.796,CONTRIBUTES_TO,0.637,1
NEG_1065,Pothole / Road Damage,Street Light Failure,Road,Lighting,multiple potholes reported,dark street due to light failure,Kodambakkam,7.5,19.1,HIGH,CRITICAL,11,0.026,NO_DEPENDENCY,0.184,0
POS_1085,Street Light Failure,Poor Road Visibility,Lighting,Safety,street light is not working,low visibility reported,T Nagar,3.68,7.2,CRITICAL,LOW,15,0.968,CAUSES,0.815,1
POS_1300,Pothole / Road Damage,Poor Road Visibility,Road,Safety,road surface is badly damaged,low visibility reported,T Nagar,1.76,40.6,LOW,HIGH,10,0.84,CONTRIBUTES_TO,0.6,1
POS_0176,Illegal Dumping,Waterlogging,Waste,Flooding,open dumping observed,standing rainwater on the street,Thiruvanmiyur,4.01,26.4,CRITICAL,MEDIUM,10,0.79,CONTRIBUTES_TO,0.648,1
POS_1095,Poor Road Visibility,Safety Risk,Safety,Safety,visibility on road is poor,safety risk reported,Adyar,3.55,12.8,MEDIUM,MEDIUM,8,0.712,CONTRIBUTES_TO,0.652,1
NEG_1201,Air Pollution,Road Blockage,Environment,Road,dust and pollution are increasing,vehicle movement is obstructed,Thiruvanmiyur,5.77,16.7,HIGH,CRITICAL,3,0.021,NO_DEPENDENCY,0.171,0
NEG_1347,Road Blockage,Emergency Response Delay,Road,Emergency,vehicle movement is obstructed,emergency vehicles cannot move quickly,Royapettah,3.55,45.1,HIGH,HIGH,1,0.235,NO_DEPENDENCY,0.235,0
NEG_0464,Blocked Drain,Stagnant Water,Drainage,Public Health,blocked drainage outlet,water is collecting,Mylapore,2.8,32.2,LOW,HIGH,13,0.396,NO_DEPENDENCY,0.365,0
NEG_1182,Stagnant Water,Pothole / Road Damage,Public Health,Road,stagnant water remains,damaged road section,Pallavaram,2.23,90.2,MEDIUM,MEDIUM,9,0.327,NO_DEPENDENCY,0.284,0
NEG_0598,Water Leakage,Air Pollution,Water,Environment,damaged water supply line,air quality is affected,Guindy,4.67,57.8,CRITICAL,MEDIUM,13,0.359,NO_DEPENDENCY,0.304,0
NEG_0656,Public Health Risk,Pothole / Road Damage,Health,Road,sanitation may affect public health,damaged road section,Guindy,6.69,4.9,CRITICAL,LOW,13,0.421,NO_DEPENDENCY,0.337,0
NEG_0057,Street Light Failure,Air Pollution,Lighting,Environment,roadside light has failed,air quality is affected,Pallavaram,4.38,89.2,MEDIUM,LOW,3,0.396,NO_DEPENDENCY,0.244,0
NEG_0171,Emergency Response Delay,Street Light Failure,Emergency,Lighting,response time is increasing,street light is not working,Sholinganallur,6.32,18.6,CRITICAL,MEDIUM,0,0.059,NO_DEPENDENCY,0.157,0
POS_0178,Street Light Failure,Poor Road Visibility,Lighting,Safety,roadside light has failed,low visibility reported,Adyar,4.45,16.9,LOW,HIGH,12,0.661,CAUSES,0.638,1
POS_1079,Garbage Accumulation,Public Health Risk,Waste,Health,waste has built up,health risk reported,Anna Nagar,1.99,3.3,LOW,MEDIUM,19,0.573,CAUSES,0.711,1
POS_0599,Sewer Overflow,Stagnant Water,Drainage,Public Health,dirty wastewater is spreading,stagnant water remains,Porur,1.26,21.9,LOW,MEDIUM,6,0.577,CAUSES,0.691,1
NEG_0691,Poor Road Visibility,Blocked Drain,Safety,Drainage,dark road section,stormwater drain is blocked,Perambur,2.91,43.4,MEDIUM,HIGH,4,0.047,NO_DEPENDENCY,0.204,0
NEG_1032,Water Leakage,Air Pollution,Water,Environment,continuous water leakage,air quality is affected,T Nagar,3.67,20.8,CRITICAL,MEDIUM,10,0.058,NO_DEPENDENCY,0.245,0
NEG_1168,Safety Risk,Pothole / Road Damage,Safety,Road,residents feel unsafe,damaged road section,Mylapore,6.68,45.2,HIGH,MEDIUM,3,0.319,NO_DEPENDENCY,0.223,0
NEG_1287,Sewer Overflow,Water Leakage,Drainage,Water,dirty wastewater is spreading,continuous water leakage,Anna Nagar,3.37,32.2,LOW,MEDIUM,2,0.233,NO_DEPENDENCY,0.253,0
POS_0480,Garbage Accumulation,Air Pollution,Waste,Environment,garbage has accumulated,local air pollution observed,Mylapore,1.22,17.9,CRITICAL,MEDIUM,17,0.45,CONTRIBUTES_TO,0.707,1
NEG_0468,Pothole / Road Damage,Illegal Dumping,Road,Waste,large pothole on the road,open dumping observed,Sholinganallur,0.84,77.9,LOW,LOW,13,0.13,NO_DEPENDENCY,0.276,0
POS_1058,Garbage Accumulation,Air Pollution,Waste,Environment,uncollected garbage is present,air quality is affected,Thiruvanmiyur,1.94,1.8,CRITICAL,LOW,19,0.692,CONTRIBUTES_TO,0.765,1
NEG_0769,Blocked Drain,Water Leakage,Drainage,Water,rainwater drain is not flowing,pipeline leak near street,Royapettah,1.48,25.1,CRITICAL,HIGH,2,0.389,NO_DEPENDENCY,0.334,0
POS_0534,Water Leakage,Stagnant Water,Water,Public Health,pipeline leak near street,pool of water has remained,Sholinganallur,3.64,10.6,HIGH,LOW,10,0.79,CAUSES,0.726,1
POS_1104,Illegal Dumping,Waterlogging,Waste,Flooding,open dumping observed,heavy waterlogging reported,Thiruvanmiyur,3.31,42.3,LOW,HIGH,12,0.642,CONTRIBUTES_TO,0.544,1
POS_1107,Road Blockage,Traffic Congestion,Road,Traffic,road passage is blocked,traffic flow is disrupted,Anna Nagar,0.59,13.0,LOW,MEDIUM,16,0.744,CAUSES,0.775,1
NEG_1428,Street Light Failure,Sewer Overflow,Lighting,Drainage,streetlights are off,sewer line has overflowed,Tambaram,5.27,93.0,LOW,CRITICAL,7,0.45,NO_DEPENDENCY,0.263,0
POS_1124,Sewer Overflow,Stagnant Water,Drainage,Public Health,sewer water is overflowing,standing water is not clearing,Adyar,2.21,38.3,CRITICAL,HIGH,12,0.658,CAUSES,0.751,1
POS_0943,Pothole / Road Damage,Poor Road Visibility,Road,Safety,multiple potholes reported,drivers cannot see clearly,Royapettah,4.16,4.5,MEDIUM,CRITICAL,5,0.473,CONTRIBUTES_TO,0.529,1
POS_0163,Stagnant Water,Public Health Risk,Public Health,Health,pool of water has remained,possible health hazard,Anna Nagar,4.49,13.5,LOW,CRITICAL,2,0.969,CAUSES,0.679,1
NEG_0052,Waterlogging,Sewer Overflow,Flooding,Drainage,road is flooded,sewage overflow reported,Guindy,1.6,79.8,CRITICAL,LOW,9,0.105,NO_DEPENDENCY,0.236,0
POS_0966,Garbage Accumulation,Public Health Risk,Waste,Health,garbage has accumulated,possible health hazard,Pallavaram,2.82,45.2,MEDIUM,MEDIUM,13,0.471,CAUSES,0.621,1
POS_0472,Traffic Congestion,Emergency Response Delay,Traffic,Emergency,vehicles are queued,response time is increasing,Tambaram,2.1,37.1,CRITICAL,CRITICAL,7,0.726,CAUSES,0.729,1
POS_0845,Blocked Drain,Waterlogging,Drainage,Flooding,blocked drainage outlet,road is flooded,Thiruvanmiyur,3.44,20.8,MEDIUM,MEDIUM,10,0.494,CAUSES,0.689,1
POS_0999,Pothole / Road Damage,Traffic Congestion,Road,Traffic,multiple potholes reported,vehicles are queued,Pallavaram,0.1,9.0,LOW,LOW,20,0.751,CONTRIBUTES_TO,0.772,1
NEG_0405,Water Leakage,Sewer Overflow,Water,Drainage,damaged water supply line,sewer water is overflowing,Velachery,0.7,28.7,LOW,HIGH,6,0.283,NO_DEPENDENCY,0.33,0
POS_0031,Pothole / Road Damage,Poor Road Visibility,Road,Safety,multiple potholes reported,dark road section,Perambur,3.0,45.1,LOW,MEDIUM,4,0.521,CONTRIBUTES_TO,0.484,1
NEG_1391,Sewer Overflow,Road Blockage,Drainage,Road,sewage overflow reported,vehicle movement is obstructed,Sholinganallur,1.67,79.5,MEDIUM,LOW,1,0.066,NO_DEPENDENCY,0.183,0
POS_0424,Pothole / Road Damage,Poor Road Visibility,Road,Safety,damaged road section,drivers cannot see clearly,Pallavaram,4.22,32.7,HIGH,LOW,14,0.679,CONTRIBUTES_TO,0.577,1
POS_0512,Garbage Accumulation,Public Health Risk,Waste,Health,uncollected garbage is present,disease risk is increasing,Ambattur,3.79,7.4,CRITICAL,CRITICAL,11,0.466,CAUSES,0.694,1
NEG_1259,Pothole / Road Damage,Safety Risk,Road,Safety,damaged road section,area has become unsafe,Adyar,5.0,73.6,MEDIUM,CRITICAL,8,0.131,NO_DEPENDENCY,0.193,0
NEG_1238,Safety Risk,Waterlogging,Safety,Flooding,safety risk reported,water has accumulated on the road,Ambattur,4.68,73.3,HIGH,LOW,1,0.378,NO_DEPENDENCY,0.237,0
POS_1394,Pothole / Road Damage,Poor Road Visibility,Road,Safety,road surface is badly damaged,drivers cannot see clearly,Adyar,2.33,34.8,LOW,LOW,16,0.828,CONTRIBUTES_TO,0.606,1
NEG_0087,Poor Road Visibility,Sewer Overflow,Safety,Drainage,low visibility reported,dirty wastewater is spreading,Royapettah,0.53,36.5,MEDIUM,CRITICAL,10,0.029,NO_DEPENDENCY,0.27,0
NEG_0430,Sewer Overflow,Safety Risk,Drainage,Safety,sewage overflow reported,area has become unsafe,Kodambakkam,5.57,6.5,HIGH,HIGH,9,0.137,NO_DEPENDENCY,0.247,0
NEG_0998,Garbage Accumulation,Water Leakage,Waste,Water,waste has built up,continuous water leakage,Porur,3.87,89.8,MEDIUM,LOW,15,0.215,NO_DEPENDENCY,0.257,0
POS_0788,Street Light Failure,Poor Road Visibility,Lighting,Safety,streetlights are off,low visibility reported,Nungambakkam,2.81,9.3,LOW,MEDIUM,2,0.523,CAUSES,0.637,1
NEG_1137,Blocked Drain,Garbage Accumulation,Drainage,Waste,rainwater drain is not flowing,large pile of waste reported,T Nagar,2.38,31.2,MEDIUM,LOW,14,0.425,NO_DEPENDENCY,0.386,0
NEG_1039,Street Light Failure,Stagnant Water,Lighting,Public Health,roadside light has failed,pool of water has remained,Kodambakkam,5.28,75.5,LOW,HIGH,4,0.185,NO_DEPENDENCY,0.183,0
POS_0403,Traffic Congestion,Emergency Response Delay,Traffic,Emergency,vehicles are queued,emergency vehicles cannot move quickly,Adyar,1.89,31.2,MEDIUM,MEDIUM,6,0.722,CAUSES,0.689,1
POS_0434,Garbage Accumulation,Air Pollution,Waste,Environment,garbage has accumulated,local air pollution observed,Mylapore,2.97,38.7,MEDIUM,MEDIUM,2,0.602,CONTRIBUTES_TO,0.577,1
POS_1152,Poor Road Visibility,Safety Risk,Safety,Safety,drivers cannot see clearly,safety risk reported,Velachery,3.33,29.8,MEDIUM,LOW,7,0.932,CONTRIBUTES_TO,0.675,1
POS_0074,Stagnant Water,Public Health Risk,Public Health,Health,pool of water has remained,disease risk is increasing,Porur,2.7,29.9,CRITICAL,CRITICAL,13,0.861,CAUSES,0.782,1
NEG_0037,Sewer Overflow,Traffic Congestion,Drainage,Traffic,dirty wastewater is spreading,traffic is moving slowly,Ambattur,6.99,82.7,CRITICAL,HIGH,15,0.305,NO_DEPENDENCY,0.243,0
NEG_1210,Water Leakage,Air Pollution,Water,Environment,damaged water supply line,polluted air reported,Mylapore,7.94,49.7,MEDIUM,CRITICAL,1,0.34,NO_DEPENDENCY,0.196,0
POS_0622,Stagnant Water,Public Health Risk,Public Health,Health,pool of water has remained,possible health hazard,Ambattur,3.01,25.7,HIGH,MEDIUM,15,0.741,CAUSES,0.736,1
POS_1438,Waterlogging,Road Blockage,Flooding,Road,standing rainwater on the street,road passage is blocked,Anna Nagar,2.54,11.5,CRITICAL,LOW,5,0.528,CAUSES,0.741,1
NEG_0060,Emergency Response Delay,Street Light Failure,Emergency,Lighting,emergency access is difficult,street light is not working,Sholinganallur,6.36,67.7,CRITICAL,LOW,4,0.058,NO_DEPENDENCY,0.136,0
NEG_0067,Street Light Failure,Water Leakage,Lighting,Water,street light is not working,pipeline leak near street,Porur,1.16,40.8,HIGH,HIGH,7,0.363,NO_DEPENDENCY,0.343,0
POS_0325,Blocked Drain,Waterlogging,Drainage,Flooding,rainwater drain is not flowing,water has accumulated on the road,Porur,1.8,26.6,HIGH,LOW,2,0.71,CAUSES,0.77,1
POS_0333,Road Blockage,Traffic Congestion,Road,Traffic,road is partially blocked,vehicles are queued,Royapettah,0.71,28.4,LOW,LOW,4,0.852,CAUSES,0.742,1
POS_1393,Water Leakage,Stagnant Water,Water,Public Health,pipeline leak near street,pool of water has remained,T Nagar,0.16,21.1,HIGH,LOW,6,0.622,CAUSES,0.755,1
POS_0651,Garbage Accumulation,Air Pollution,Waste,Environment,garbage has accumulated,air quality is affected,Perambur,2.62,1.2,HIGH,MEDIUM,7,0.565,CONTRIBUTES_TO,0.668,1
NEG_0737,Garbage Accumulation,Stagnant Water,Waste,Public Health,large pile of waste reported,pool of water has remained,Guindy,7.74,88.0,LOW,CRITICAL,2,0.057,NO_DEPENDENCY,0.088,0
NEG_0034,Emergency Response Delay,Sewer Overflow,Emergency,Drainage,emergency vehicles cannot move quickly,sewer line has overflowed,Adyar,0.51,95.8,CRITICAL,MEDIUM,2,0.34,NO_DEPENDENCY,0.275,0
NEG_0664,Stagnant Water,Waterlogging,Public Health,Flooding,water is collecting,heavy waterlogging reported,Tambaram,6.26,59.2,HIGH,LOW,1,0.358,NO_DEPENDENCY,0.219,0
POS_0544,Waterlogging,Road Blockage,Flooding,Road,standing rainwater on the street,vehicle movement is obstructed,Perambur,2.37,31.8,HIGH,MEDIUM,19,0.616,CAUSES,0.744,1
NEG_1459,Street Light Failure,Traffic Congestion,Lighting,Traffic,roadside light has failed,severe congestion reported,Perambur,5.53,93.5,CRITICAL,MEDIUM,12,0.171,NO_DEPENDENCY,0.2,0
NEG_0319,Air Pollution,Poor Road Visibility,Environment,Safety,dust and pollution are increasing,dark road section,Guindy,2.31,38.3,LOW,CRITICAL,12,0.333,NO_DEPENDENCY,0.343,0
NEG_0125,Waterlogging,Sewer Overflow,Flooding,Drainage,road is flooded,dirty wastewater is spreading,Perambur,5.31,10.6,CRITICAL,CRITICAL,7,0.417,NO_DEPENDENCY,0.322,0
POS_1178,Sewer Overflow,Stagnant Water,Drainage,Public Health,dirty wastewater is spreading,water is collecting,Tambaram,1.53,46.1,MEDIUM,HIGH,10,0.964,CAUSES,0.764,1
POS_0680,Garbage Accumulation,Air Pollution,Waste,Environment,garbage has accumulated,polluted air reported,Guindy,4.04,15.4,CRITICAL,HIGH,3,0.608,CONTRIBUTES_TO,0.637,1
NEG_0597,Garbage Accumulation,Water Leakage,Waste,Water,large pile of waste reported,pipeline leak near street,Velachery,6.13,84.8,MEDIUM,MEDIUM,2,0.298,NO_DEPENDENCY,0.187,0
NEG_0530,Illegal Dumping,Water Leakage,Waste,Water,garbage dumped beside road,water pipe is leaking,Adyar,6.45,52.5,HIGH,LOW,12,0.447,NO_DEPENDENCY,0.304,0
NEG_0160,Stagnant Water,Road Blockage,Public Health,Road,stagnant water remains,road passage is blocked,Guindy,4.72,54.5,MEDIUM,MEDIUM,7,0.413,NO_DEPENDENCY,0.293,0
NEG_0138,Garbage Accumulation,Poor Road Visibility,Waste,Safety,waste has built up,dark road section,T Nagar,3.47,70.4,MEDIUM,CRITICAL,3,0.429,NO_DEPENDENCY,0.283,0
POS_0240,Illegal Dumping,Blocked Drain,Waste,Drainage,unauthorized dumping reported,drain is clogged,Ambattur,1.78,4.5,MEDIUM,CRITICAL,8,0.928,CONTRIBUTES_TO,0.759,1
NEG_0625,Street Light Failure,Stagnant Water,Lighting,Public Health,dark street due to light failure,standing water is not clearing,Anna Nagar,5.84,4.8,LOW,LOW,5,0.188,NO_DEPENDENCY,0.24,0
NEG_1120,Garbage Accumulation,Traffic Congestion,Waste,Traffic,large pile of waste reported,severe congestion reported,Kodambakkam,2.72,93.6,MEDIUM,CRITICAL,3,0.407,NO_DEPENDENCY,0.268,0
NEG_0791,Sewer Overflow,Garbage Accumulation,Drainage,Waste,sewer line has overflowed,garbage has accumulated,Ambattur,6.71,10.7,CRITICAL,HIGH,12,0.316,NO_DEPENDENCY,0.295,0
POS_0765,Blocked Drain,Waterlogging,Drainage,Flooding,drain is clogged,standing rainwater on the street,Royapettah,1.86,11.6,LOW,MEDIUM,9,0.92,CAUSES,0.799,1
POS_1129,Pothole / Road Damage,Traffic Congestion,Road,Traffic,multiple potholes reported,severe congestion reported,Anna Nagar,2.04,11.0,MEDIUM,LOW,18,0.914,CONTRIBUTES_TO,0.774,1
NEG_0386,Waterlogging,Air Pollution,Flooding,Environment,water has accumulated on the road,polluted air reported,T Nagar,4.34,92.8,CRITICAL,LOW,11,0.038,NO_DEPENDENCY,0.174,0
POS_1117,Pothole / Road Damage,Poor Road Visibility,Road,Safety,multiple potholes reported,visibility on road is poor,Guindy,0.54,34.1,CRITICAL,CRITICAL,15,0.898,CONTRIBUTES_TO,0.738,1
POS_1103,Pothole / Road Damage,Poor Road Visibility,Road,Safety,multiple potholes reported,visibility on road is poor,Mylapore,1.14,12.0,MEDIUM,CRITICAL,12,0.857,CONTRIBUTES_TO,0.688,1
NEG_1348,Poor Road Visibility,Water Leakage,Safety,Water,dark road section,pipeline leak near street,Sholinganallur,7.37,50.7,CRITICAL,HIGH,14,0.286,NO_DEPENDENCY,0.253,0
NEG_0831,Waterlogging,Water Leakage,Flooding,Water,standing rainwater on the street,water pipe is leaking,Porur,6.12,51.3,LOW,LOW,0,0.033,NO_DEPENDENCY,0.125,0
POS_1362,Illegal Dumping,Blocked Drain,Waste,Drainage,garbage dumped beside road,blocked drainage outlet,Velachery,3.2,6.8,MEDIUM,CRITICAL,9,0.634,CONTRIBUTES_TO,0.664,1
NEG_0817,Traffic Congestion,Street Light Failure,Traffic,Lighting,vehicles are queued,street light is not working,Velachery,4.71,28.9,LOW,HIGH,4,0.127,NO_DEPENDENCY,0.213,0
POS_1408,Traffic Congestion,Emergency Response Delay,Traffic,Emergency,traffic flow is disrupted,emergency movement is delayed,Porur,2.92,46.6,LOW,HIGH,12,0.843,CAUSES,0.656,1
NEG_1030,Emergency Response Delay,Water Leakage,Emergency,Water,emergency access is difficult,damaged water supply line,Thiruvanmiyur,2.96,19.9,LOW,MEDIUM,8,0.342,NO_DEPENDENCY,0.332,0
POS_0344,Pothole / Road Damage,Poor Road Visibility,Road,Safety,large pothole on the road,visibility on road is poor,Nungambakkam,1.73,17.1,HIGH,CRITICAL,15,0.584,CONTRIBUTES_TO,0.644,1
POS_1106,Garbage Accumulation,Public Health Risk,Waste,Health,large pile of waste reported,disease risk is increasing,Anna Nagar,1.45,4.4,CRITICAL,MEDIUM,5,0.673,CAUSES,0.783,1
NEG_1093,Illegal Dumping,Water Leakage,Waste,Water,garbage dumped beside road,damaged water supply line,Thiruvanmiyur,4.42,50.9,HIGH,CRITICAL,7,0.309,NO_DEPENDENCY,0.269,0
POS_0558,Stagnant Water,Public Health Risk,Public Health,Health,water is collecting,sanitation may affect public health,Velachery,2.62,9.8,HIGH,HIGH,11,0.811,CAUSES,0.772,1
POS_1476,Water Leakage,Stagnant Water,Water,Public Health,water pipe is leaking,pool of water has remained,Porur,4.22,8.4,LOW,MEDIUM,5,0.905,CAUSES,0.675,1
NEG_1204,Air Pollution,Emergency Response Delay,Environment,Emergency,air quality is affected,response time is increasing,Pallavaram,4.6,90.7,CRITICAL,HIGH,13,0.183,NO_DEPENDENCY,0.225,0
POS_0595,Sewer Overflow,Stagnant Water,Drainage,Public Health,sewer line has overflowed,stagnant water remains,Adyar,2.61,7.0,LOW,MEDIUM,7,0.893,CAUSES,0.744,1
NEG_0058,Street Light Failure,Safety Risk,Lighting,Safety,roadside light has failed,safety risk reported,T Nagar,5.27,69.0,MEDIUM,MEDIUM,1,0.371,NO_DEPENDENCY,0.23,0
POS_0412,Road Blockage,Traffic Congestion,Road,Traffic,road passage is blocked,severe congestion reported,Pallavaram,2.57,27.4,CRITICAL,HIGH,5,0.912,CAUSES,0.787,1
POS_1056,Garbage Accumulation,Air Pollution,Waste,Environment,waste has built up,local air pollution observed,Porur,3.36,11.9,MEDIUM,CRITICAL,18,0.721,CONTRIBUTES_TO,0.669,1
NEG_0974,Street Light Failure,Air Pollution,Lighting,Environment,streetlights are off,polluted air reported,Perambur,6.67,88.8,LOW,HIGH,7,0.209,NO_DEPENDENCY,0.174,0
POS_0109,Stagnant Water,Public Health Risk,Public Health,Health,water is collecting,possible health hazard,Nungambakkam,1.87,45.7,MEDIUM,CRITICAL,12,0.467,CAUSES,0.649,1
NEG_0526,Public Health Risk,Pothole / Road Damage,Health,Road,possible health hazard,large pothole on the road,Guindy,6.94,78.3,CRITICAL,CRITICAL,9,0.152,NO_DEPENDENCY,0.171,0
NEG_1207,Garbage Accumulation,Traffic Congestion,Waste,Traffic,garbage has accumulated,traffic flow is disrupted,Pallavaram,6.21,68.1,LOW,MEDIUM,7,0.227,NO_DEPENDENCY,0.203,0
POS_0319,Garbage Accumulation,Air Pollution,Waste,Environment,large pile of waste reported,dust and pollution are increasing,Velachery,3.2,30.9,LOW,HIGH,15,0.92,CONTRIBUTES_TO,0.654,1
NEG_1219,Street Light Failure,Water Leakage,Lighting,Water,roadside light has failed,water pipe is leaking,Guindy,2.72,53.9,HIGH,HIGH,9,0.369,NO_DEPENDENCY,0.32,0
POS_0841,Sewer Overflow,Stagnant Water,Drainage,Public Health,sewage overflow reported,standing water is not clearing,Velachery,0.08,41.8,LOW,MEDIUM,7,0.487,CAUSES,0.678,1
NEG_1458,Air Pollution,Blocked Drain,Environment,Drainage,polluted air reported,drain is clogged,Kodambakkam,4.21,22.4,LOW,MEDIUM,2,0.043,NO_DEPENDENCY,0.191,0
POS_1352,Pothole / Road Damage,Traffic Congestion,Road,Traffic,multiple potholes reported,severe congestion reported,Porur,3.79,17.7,CRITICAL,CRITICAL,19,0.932,CONTRIBUTES_TO,0.777,1
NEG_1326,Garbage Accumulation,Waterlogging,Waste,Flooding,garbage has accumulated,heavy waterlogging reported,Thiruvanmiyur,5.58,92.6,CRITICAL,HIGH,9,0.193,NO_DEPENDENCY,0.192,0
NEG_0867,Sewer Overflow,Poor Road Visibility,Drainage,Safety,sewage overflow reported,low visibility reported,Sholinganallur,1.14,30.8,LOW,CRITICAL,10,0.289,NO_DEPENDENCY,0.344,0
NEG_0383,Waterlogging,Garbage Accumulation,Flooding,Waste,heavy waterlogging reported,uncollected garbage is present,Velachery,3.01,52.9,MEDIUM,CRITICAL,14,0.251,NO_DEPENDENCY,0.306,0
POS_0681,Traffic Congestion,Emergency Response Delay,Traffic,Emergency,traffic is moving slowly,emergency vehicles cannot move quickly,Adyar,0.55,35.4,HIGH,CRITICAL,17,0.944,CAUSES,0.813,1
POS_0730,Garbage Accumulation,Air Pollution,Waste,Environment,uncollected garbage is present,air quality is affected,Pallavaram,4.24,31.5,MEDIUM,MEDIUM,16,0.641,CONTRIBUTES_TO,0.598,1
POS_0790,Water Leakage,Stagnant Water,Water,Public Health,pipeline leak near street,standing water is not clearing,Perambur,2.66,32.7,LOW,CRITICAL,17,0.48,CAUSES,0.626,1
NEG_0314,Air Pollution,Water Leakage,Environment,Water,local air pollution observed,water pipe is leaking,Kodambakkam,7.61,60.1,MEDIUM,MEDIUM,13,0.338,NO_DEPENDENCY,0.252,0
POS_1346,Road Blockage,Traffic Congestion,Road,Traffic,traffic lane is obstructed,traffic flow is disrupted,Nungambakkam,3.27,10.3,MEDIUM,HIGH,7,0.565,CAUSES,0.678,1
NEG_0369,Street Light Failure,Traffic Congestion,Lighting,Traffic,streetlights are off,severe congestion reported,Perambur,0.86,22.9,LOW,MEDIUM,11,0.253,NO_DEPENDENCY,0.349,0
NEG_0570,Illegal Dumping,Safety Risk,Waste,Safety,open dumping observed,risk to pedestrians and vehicles,Mylapore,2.38,56.3,MEDIUM,HIGH,14,0.387,NO_DEPENDENCY,0.353,0
POS_0433,Stagnant Water,Public Health Risk,Public Health,Health,water is collecting,health risk reported,Perambur,2.97,14.1,MEDIUM,CRITICAL,2,0.961,CAUSES,0.739,1
POS_0565,Stagnant Water,Public Health Risk,Public Health,Health,pool of water has remained,health risk reported,T Nagar,0.08,24.2,HIGH,CRITICAL,17,0.837,CAUSES,0.835,1
NEG_0249,Street Light Failure,Public Health Risk,Lighting,Health,dark street due to light failure,disease risk is increasing,Ambattur,6.71,33.2,CRITICAL,CRITICAL,1,0.408,NO_DEPENDENCY,0.249,0
NEG_0277,Safety Risk,Street Light Failure,Safety,Lighting,residents feel unsafe,dark street due to light failure,Kodambakkam,4.16,38.5,MEDIUM,HIGH,0,0.278,NO_DEPENDENCY,0.239,0
POS_0071,Street Light Failure,Poor Road Visibility,Lighting,Safety,dark street due to light failure,low visibility reported,Thiruvanmiyur,4.25,30.8,LOW,HIGH,4,0.849,CAUSES,0.642,1
NEG_0289,Stagnant Water,Emergency Response Delay,Public Health,Emergency,stagnant water remains,emergency vehicles cannot move quickly,Guindy,1.21,38.8,HIGH,MEDIUM,14,0.143,NO_DEPENDENCY,0.312,0
POS_1230,Traffic Congestion,Emergency Response Delay,Traffic,Emergency,traffic is moving slowly,emergency vehicles cannot move quickly,Pallavaram,2.66,28.1,LOW,HIGH,18,0.696,CAUSES,0.674,1
NEG_0013,Water Leakage,Street Light Failure,Water,Lighting,continuous water leakage,dark street due to light failure,Sholinganallur,4.88,6.8,HIGH,LOW,6,0.445,NO_DEPENDENCY,0.335,0
POS_0057,Garbage Accumulation,Public Health Risk,Waste,Health,uncollected garbage is present,health risk reported,Pallavaram,0.99,16.0,HIGH,CRITICAL,13,0.853,CAUSES,0.809,1
NEG_0102,Stagnant Water,Safety Risk,Public Health,Safety,standing water is not clearing,residents feel unsafe,Ambattur,6.05,25.7,CRITICAL,MEDIUM,8,0.103,NO_DEPENDENCY,0.209,0
POS_0652,Pothole / Road Damage,Poor Road Visibility,Road,Safety,large pothole on the road,drivers cannot see clearly,Nungambakkam,2.29,34.1,MEDIUM,CRITICAL,19,0.644,CONTRIBUTES_TO,0.604,1
NEG_0677,Safety Risk,Street Light Failure,Safety,Lighting,risk to pedestrians and vehicles,dark street due to light failure,Kodambakkam,0.7,38.7,MEDIUM,HIGH,10,0.052,NO_DEPENDENCY,0.273,0
POS_0898,Sewer Overflow,Stagnant Water,Drainage,Public Health,sewer line has overflowed,standing water is not clearing,Royapettah,2.34,7.9,HIGH,LOW,13,0.517,CAUSES,0.739,1
POS_0786,Pothole / Road Damage,Poor Road Visibility,Road,Safety,road surface is badly damaged,visibility on road is poor,Adyar,2.81,5.3,CRITICAL,HIGH,1,0.795,CONTRIBUTES_TO,0.666,1
POS_0310,Stagnant Water,Public Health Risk,Public Health,Health,standing water is not clearing,possible health hazard,Adyar,1.02,43.0,CRITICAL,HIGH,2,0.863,CAUSES,0.778,1
NEG_0905,Street Light Failure,Public Health Risk,Lighting,Health,roadside light has failed,possible health hazard,Anna Nagar,4.65,78.9,CRITICAL,HIGH,13,0.185,NO_DEPENDENCY,0.235,0
NEG_0242,Public Health Risk,Water Leakage,Health,Water,disease risk is increasing,water pipe is leaking,Kodambakkam,3.71,51.0,MEDIUM,LOW,3,0.122,NO_DEPENDENCY,0.203,0
POS_0908,Waterlogging,Road Blockage,Flooding,Road,road is flooded,road passage is blocked,Guindy,1.97,9.9,CRITICAL,LOW,5,0.73,CAUSES,0.797,1
POS_0603,Road Blockage,Traffic Congestion,Road,Traffic,traffic lane is obstructed,severe congestion reported,Sholinganallur,3.55,23.5,CRITICAL,HIGH,8,0.512,CAUSES,0.695,1
POS_1179,Illegal Dumping,Waterlogging,Waste,Flooding,unauthorized dumping reported,heavy waterlogging reported,Perambur,0.05,7.5,HIGH,LOW,10,0.918,CONTRIBUTES_TO,0.774,1
NEG_0798,Air Pollution,Water Leakage,Environment,Water,local air pollution observed,continuous water leakage,Velachery,5.18,59.9,CRITICAL,LOW,2,0.343,NO_DEPENDENCY,0.235,0
NEG_0246,Garbage Accumulation,Pothole / Road Damage,Waste,Road,large pile of waste reported,large pothole on the road,T Nagar,3.19,10.7,HIGH,HIGH,7,0.047,NO_DEPENDENCY,0.242,0
POS_1162,Illegal Dumping,Waterlogging,Waste,Flooding,waste is being dumped illegally,standing rainwater on the street,Sholinganallur,2.89,3.5,HIGH,MEDIUM,18,0.502,CONTRIBUTES_TO,0.645,1
NEG_0010,Waterlogging,Emergency Response Delay,Flooding,Emergency,road is flooded,emergency vehicles cannot move quickly,Sholinganallur,2.79,40.3,CRITICAL,CRITICAL,2,0.29,NO_DEPENDENCY,0.272,0
NEG_0596,Sewer Overflow,Blocked Drain,Drainage,Drainage,dirty wastewater is spreading,drain is clogged,Royapettah,6.09,52.1,MEDIUM,HIGH,12,0.172,NO_DEPENDENCY,0.227,0
NEG_0078,Public Health Risk,Traffic Congestion,Health,Traffic,sanitation may affect public health,traffic is moving slowly,Kodambakkam,7.35,21.6,MEDIUM,HIGH,11,0.349,NO_DEPENDENCY,0.281,0
POS_0573,Garbage Accumulation,Air Pollution,Waste,Environment,large pile of waste reported,local air pollution observed,T Nagar,2.26,47.7,CRITICAL,MEDIUM,8,0.858,CONTRIBUTES_TO,0.699,1
POS_0555,Sewer Overflow,Stagnant Water,Drainage,Public Health,sewer line has overflowed,stagnant water remains,Thiruvanmiyur,3.03,35.6,LOW,CRITICAL,16,0.827,CAUSES,0.703,1
POS_0946,Illegal Dumping,Waterlogging,Waste,Flooding,garbage dumped beside road,heavy waterlogging reported,Velachery,3.26,37.8,LOW,CRITICAL,3,0.704,CONTRIBUTES_TO,0.541,1
NEG_1497,Sewer Overflow,Garbage Accumulation,Drainage,Waste,sewer water is overflowing,uncollected garbage is present,Pallavaram,1.43,48.8,LOW,MEDIUM,9,0.231,NO_DEPENDENCY,0.302,0
POS_0875,Blocked Drain,Waterlogging,Drainage,Flooding,drain is clogged,road is flooded,Kodambakkam,4.42,16.3,MEDIUM,LOW,7,0.889,CAUSES,0.742,1
NEG_1495,Street Light Failure,Road Blockage,Lighting,Road,roadside light has failed,traffic lane is obstructed,Royapettah,4.95,43.9,CRITICAL,CRITICAL,3,0.187,NO_DEPENDENCY,0.21,0
NEG_0070,Waterlogging,Safety Risk,Flooding,Safety,standing rainwater on the street,safety risk reported,Pallavaram,1.15,38.8,LOW,HIGH,3,0.379,NO_DEPENDENCY,0.329,0
NEG_1169,Poor Road Visibility,Road Blockage,Safety,Road,dark road section,traffic lane is obstructed,Thiruvanmiyur,3.21,34.5,LOW,MEDIUM,7,0.054,NO_DEPENDENCY,0.224,0
NEG_1128,Stagnant Water,Safety Risk,Public Health,Safety,standing water is not clearing,risk to pedestrians and vehicles,Anna Nagar,2.12,58.2,MEDIUM,HIGH,12,0.294,NO_DEPENDENCY,0.318,0
NEG_0054,Street Light Failure,Blocked Drain,Lighting,Drainage,roadside light has failed,drain is clogged,Velachery,1.54,5.3,LOW,LOW,13,0.095,NO_DEPENDENCY,0.316,0
POS_0121,Stagnant Water,Public Health Risk,Public Health,Health,stagnant water remains,sanitation may affect public health,Porur,4.31,27.2,HIGH,CRITICAL,14,0.805,CAUSES,0.711,1
NEG_1160,Poor Road Visibility,Road Blockage,Safety,Road,low visibility reported,traffic lane is obstructed,Ambattur,7.02,32.0,HIGH,MEDIUM,3,0.338,NO_DEPENDENCY,0.234,0
POS_0810,Garbage Accumulation,Air Pollution,Waste,Environment,garbage has accumulated,local air pollution observed,Guindy,0.89,37.1,CRITICAL,CRITICAL,7,0.82,CONTRIBUTES_TO,0.738,1
NEG_0687,Pothole / Road Damage,Water Leakage,Road,Water,damaged road section,damaged water supply line,Anna Nagar,6.39,36.9,LOW,HIGH,15,0.073,NO_DEPENDENCY,0.22,0
NEG_0119,Air Pollution,Sewer Overflow,Environment,Drainage,local air pollution observed,sewer water is overflowing,Kodambakkam,0.68,82.9,MEDIUM,LOW,12,0.233,NO_DEPENDENCY,0.301,0
POS_0314,Pothole / Road Damage,Poor Road Visibility,Road,Safety,large pothole on the road,drivers cannot see clearly,Guindy,2.78,38.8,HIGH,LOW,6,0.631,CONTRIBUTES_TO,0.575,1
NEG_0063,Waterlogging,Street Light Failure,Flooding,Lighting,road is flooded,street light is not working,Porur,5.12,93.1,HIGH,HIGH,4,0.031,NO_DEPENDENCY,0.125,0
POS_0234,Stagnant Water,Public Health Risk,Public Health,Health,standing water is not clearing,health risk reported,Nungambakkam,1.12,40.1,HIGH,CRITICAL,18,0.656,CAUSES,0.754,1
POS_0508,Traffic Congestion,Emergency Response Delay,Traffic,Emergency,traffic is moving slowly,response time is increasing,Mylapore,4.48,47.0,HIGH,CRITICAL,2,0.596,CAUSES,0.592,1
POS_1337,Road Blockage,Traffic Congestion,Road,Traffic,road passage is blocked,traffic flow is disrupted,Velachery,4.26,24.5,HIGH,CRITICAL,7,0.569,CAUSES,0.66,1
POS_1386,Waterlogging,Road Blockage,Flooding,Road,water has accumulated on the road,traffic lane is obstructed,Mylapore,2.05,37.4,MEDIUM,HIGH,9,0.869,CAUSES,0.745,1
POS_0112,Poor Road Visibility,Safety Risk,Safety,Safety,dark road section,safety risk reported,Anna Nagar,2.56,3.8,MEDIUM,MEDIUM,7,0.856,CONTRIBUTES_TO,0.715,1
NEG_0079,Public Health Risk,Street Light Failure,Health,Lighting,health risk reported,roadside light has failed,Mylapore,1.3,11.6,CRITICAL,LOW,14,0.061,NO_DEPENDENCY,0.309,0
POS_0411,Illegal Dumping,Waterlogging,Waste,Flooding,unauthorized dumping reported,road is flooded,Tambaram,2.28,4.8,MEDIUM,MEDIUM,1,0.643,CONTRIBUTES_TO,0.619,1
POS_0219,Water Leakage,Stagnant Water,Water,Public Health,continuous water leakage,standing water is not clearing,Pallavaram,3.27,9.5,LOW,LOW,20,0.592,CAUSES,0.672,1
NEG_0615,Air Pollution,Illegal Dumping,Environment,Waste,local air pollution observed,unauthorized dumping reported,Thiruvanmiyur,0.81,65.2,CRITICAL,LOW,15,0.041,NO_DEPENDENCY,0.271,0
POS_1308,Stagnant Water,Public Health Risk,Public Health,Health,standing water is not clearing,disease risk is increasing,Perambur,1.17,43.1,CRITICAL,CRITICAL,20,0.465,CAUSES,0.74,1
POS_1081,Garbage Accumulation,Public Health Risk,Waste,Health,garbage has accumulated,health risk reported,Velachery,2.73,42.8,CRITICAL,CRITICAL,5,0.979,CAUSES,0.759,1
POS_0760,Garbage Accumulation,Public Health Risk,Waste,Health,garbage has accumulated,health risk reported,Adyar,1.99,20.2,CRITICAL,HIGH,11,0.906,CAUSES,0.809,1
POS_0912,Illegal Dumping,Blocked Drain,Waste,Drainage,open dumping observed,drain is clogged,Adyar,2.23,24.0,HIGH,CRITICAL,5,0.811,CONTRIBUTES_TO,0.715,1
POS_0808,Poor Road Visibility,Safety Risk,Safety,Safety,low visibility reported,safety risk reported,Mylapore,4.49,45.4,CRITICAL,MEDIUM,1,0.886,CONTRIBUTES_TO,0.65,1
POS_0440,Illegal Dumping,Blocked Drain,Waste,Drainage,garbage dumped beside road,stormwater drain is blocked,Ambattur,2.87,47.7,HIGH,CRITICAL,8,0.809,CONTRIBUTES_TO,0.673,1
POS_0545,Pothole / Road Damage,Traffic Congestion,Road,Traffic,road surface is badly damaged,vehicles are queued,Adyar,1.28,15.7,HIGH,MEDIUM,4,0.684,CONTRIBUTES_TO,0.73,1
POS_0486,Water Leakage,Stagnant Water,Water,Public Health,continuous water leakage,water is collecting,Adyar,0.48,34.9,MEDIUM,MEDIUM,7,0.732,CAUSES,0.727,1
NEG_0976,Street Light Failure,Waterlogging,Lighting,Flooding,roadside light has failed,heavy waterlogging reported,Anna Nagar,2.56,76.0,CRITICAL,CRITICAL,5,0.401,NO_DEPENDENCY,0.294,0
POS_0388,Garbage Accumulation,Air Pollution,Waste,Environment,uncollected garbage is present,polluted air reported,Tambaram,1.05,30.6,MEDIUM,MEDIUM,12,0.826,CONTRIBUTES_TO,0.706,1
NEG_1417,Air Pollution,Poor Road Visibility,Environment,Safety,air quality is affected,dark road section,Tambaram,3.81,3.5,HIGH,HIGH,15,0.201,NO_DEPENDENCY,0.325,0
POS_1193,Road Blockage,Traffic Congestion,Road,Traffic,road is partially blocked,traffic is moving slowly,Kodambakkam,1.35,20.3,LOW,LOW,10,0.687,CAUSES,0.719,1
POS_1231,Waterlogging,Road Blockage,Flooding,Road,standing rainwater on the street,road passage is blocked,Royapettah,2.02,23.1,MEDIUM,CRITICAL,19,0.503,CAUSES,0.718,1
POS_1211,Road Blockage,Traffic Congestion,Road,Traffic,road is partially blocked,severe congestion reported,Tambaram,2.76,24.4,CRITICAL,LOW,19,0.493,CAUSES,0.737,1
POS_1274,Sewer Overflow,Stagnant Water,Drainage,Public Health,dirty wastewater is spreading,water is collecting,Adyar,3.47,44.4,HIGH,HIGH,6,0.629,CAUSES,0.665,1
NEG_0440,Road Blockage,Public Health Risk,Road,Health,road passage is blocked,sanitation may affect public health,Thiruvanmiyur,0.72,33.6,HIGH,HIGH,1,0.042,NO_DEPENDENCY,0.229,0
NEG_0804,Poor Road Visibility,Sewer Overflow,Safety,Drainage,visibility on road is poor,dirty wastewater is spreading,Mylapore,7.31,69.5,CRITICAL,CRITICAL,2,0.264,NO_DEPENDENCY,0.172,0
POS_0931,Pothole / Road Damage,Poor Road Visibility,Road,Safety,multiple potholes reported,drivers cannot see clearly,Ambattur,2.77,15.9,HIGH,MEDIUM,1,0.48,CONTRIBUTES_TO,0.564,1
POS_0136,Water Leakage,Stagnant Water,Water,Public Health,water pipe is leaking,water is collecting,Thiruvanmiyur,0.38,22.4,HIGH,LOW,12,0.47,CAUSES,0.732,1
NEG_0281,Safety Risk,Emergency Response Delay,Safety,Emergency,risk to pedestrians and vehicles,emergency movement is delayed,Nungambakkam,0.54,80.5,MEDIUM,MEDIUM,14,0.063,NO_DEPENDENCY,0.264,0
NEG_0668,Water Leakage,Pothole / Road Damage,Water,Road,continuous water leakage,large pothole on the road,Anna Nagar,7.16,13.0,MEDIUM,MEDIUM,0,0.139,NO_DEPENDENCY,0.173,0
POS_1498,Garbage Accumulation,Public Health Risk,Waste,Health,large pile of waste reported,disease risk is increasing,Pallavaram,0.49,47.8,LOW,MEDIUM,2,0.494,CAUSES,0.628,1
NEG_0757,Road Blockage,Pothole / Road Damage,Road,Road,vehicle movement is obstructed,multiple potholes reported,Velachery,4.56,88.6,MEDIUM,MEDIUM,5,0.305,NO_DEPENDENCY,0.224,0
POS_0367,Pothole / Road Damage,Poor Road Visibility,Road,Safety,damaged road section,dark road section,Kodambakkam,3.31,18.2,CRITICAL,CRITICAL,4,0.632,CONTRIBUTES_TO,0.61,1
NEG_0525,Waterlogging,Stagnant Water,Flooding,Public Health,standing rainwater on the street,standing water is not clearing,Guindy,1.82,3.4,HIGH,CRITICAL,3,0.197,NO_DEPENDENCY,0.294,0
NEG_1398,Garbage Accumulation,Street Light Failure,Waste,Lighting,waste has built up,dark street due to light failure,Anna Nagar,6.88,59.5,LOW,CRITICAL,6,0.39,NO_DEPENDENCY,0.244,0
POS_0030,Pothole / Road Damage,Poor Road Visibility,Road,Safety,multiple potholes reported,visibility on road is poor,Porur,1.6,3.8,MEDIUM,CRITICAL,10,0.579,CONTRIBUTES_TO,0.628,1
NEG_1002,Blocked Drain,Sewer Overflow,Drainage,Drainage,stormwater drain is blocked,sewer line has overflowed,Royapettah,4.89,43.3,LOW,CRITICAL,2,0.171,NO_DEPENDENCY,0.202,0
NEG_1469,Water Leakage,Street Light Failure,Water,Lighting,continuous water leakage,street light is not working,Nungambakkam,7.02,35.7,MEDIUM,LOW,10,0.247,NO_DEPENDENCY,0.239,0
POS_1048,Illegal Dumping,Blocked Drain,Waste,Drainage,garbage dumped beside road,drain is clogged,Nungambakkam,2.1,43.8,LOW,MEDIUM,14,0.464,CONTRIBUTES_TO,0.593,1
NEG_1388,Garbage Accumulation,Water Leakage,Waste,Water,garbage has accumulated,continuous water leakage,Pallavaram,6.18,60.6,CRITICAL,CRITICAL,14,0.318,NO_DEPENDENCY,0.272,0
POS_1422,Road Blockage,Traffic Congestion,Road,Traffic,road passage is blocked,severe congestion reported,Anna Nagar,4.13,33.5,HIGH,MEDIUM,13,0.612,CAUSES,0.674,1
POS_1489,Garbage Accumulation,Air Pollution,Waste,Environment,large pile of waste reported,local air pollution observed,Mylapore,2.14,45.9,HIGH,HIGH,18,0.756,CONTRIBUTES_TO,0.684,1
POS_0184,Waterlogging,Road Blockage,Flooding,Road,road is flooded,road passage is blocked,T Nagar,1.8,38.3,MEDIUM,MEDIUM,12,0.63,CAUSES,0.71,1
POS_1135,Waterlogging,Road Blockage,Flooding,Road,road is flooded,road passage is blocked,Porur,3.32,38.1,HIGH,HIGH,20,0.553,CAUSES,0.702,1
POS_0189,Blocked Drain,Waterlogging,Drainage,Flooding,stormwater drain is blocked,heavy waterlogging reported,Perambur,2.01,20.4,CRITICAL,CRITICAL,7,0.669,CAUSES,0.803,1
POS_0421,Traffic Congestion,Emergency Response Delay,Traffic,Emergency,vehicles are queued,emergency access is difficult,Velachery,3.75,29.0,HIGH,MEDIUM,6,0.871,CAUSES,0.7,1
POS_0171,Street Light Failure,Poor Road Visibility,Lighting,Safety,streetlights are off,visibility on road is poor,Thiruvanmiyur,3.25,25.5,LOW,MEDIUM,19,0.858,CAUSES,0.713,1
POS_1378,Illegal Dumping,Waterlogging,Waste,Flooding,garbage dumped beside road,heavy waterlogging reported,Perambur,0.72,16.5,MEDIUM,HIGH,13,0.461,CONTRIBUTES_TO,0.636,1
POS_0461,Road Blockage,Traffic Congestion,Road,Traffic,road is partially blocked,vehicles are queued,Pallavaram,4.36,33.6,CRITICAL,CRITICAL,20,0.544,CAUSES,0.697,1
POS_0044,Traffic Congestion,Emergency Response Delay,Traffic,Emergency,traffic is moving slowly,response time is increasing,Porur,1.92,45.2,HIGH,CRITICAL,6,0.809,CAUSES,0.711,1
POS_0088,Poor Road Visibility,Safety Risk,Safety,Safety,dark road section,residents feel unsafe,Pallavaram,3.57,20.2,HIGH,LOW,17,0.945,CONTRIBUTES_TO,0.735,1
POS_1323,Blocked Drain,Waterlogging,Drainage,Flooding,blocked drainage outlet,water has accumulated on the road,T Nagar,2.24,15.8,HIGH,CRITICAL,13,0.707,CAUSES,0.801,1
NEG_0241,Road Blockage,Poor Road Visibility,Road,Safety,road is partially blocked,drivers cannot see clearly,Perambur,5.89,58.2,HIGH,MEDIUM,12,0.342,NO_DEPENDENCY,0.276,0
POS_0706,Garbage Accumulation,Public Health Risk,Waste,Health,uncollected garbage is present,health risk reported,Perambur,4.45,27.1,MEDIUM,LOW,4,0.693,CAUSES,0.628,1
POS_0904,Waterlogging,Road Blockage,Flooding,Road,road is flooded,vehicle movement is obstructed,Nungambakkam,1.68,6.8,CRITICAL,CRITICAL,2,0.637,CAUSES,0.783,1
POS_0283,Poor Road Visibility,Safety Risk,Safety,Safety,dark road section,safety risk reported,T Nagar,2.15,47.4,LOW,LOW,19,0.489,CONTRIBUTES_TO,0.597,1
NEG_0959,Traffic Congestion,Water Leakage,Traffic,Water,traffic flow is disrupted,damaged water supply line,Pallavaram,4.49,39.3,CRITICAL,MEDIUM,10,0.407,NO_DEPENDENCY,0.322,0
POS_0694,Traffic Congestion,Emergency Response Delay,Traffic,Emergency,severe congestion reported,emergency movement is delayed,Nungambakkam,1.21,41.0,CRITICAL,HIGH,20,0.476,CAUSES,0.728,1
NEG_0590,Emergency Response Delay,Air Pollution,Emergency,Environment,emergency movement is delayed,dust and pollution are increasing,Ambattur,3.84,93.5,MEDIUM,MEDIUM,8,0.181,NO_DEPENDENCY,0.209,0
NEG_0567,Poor Road Visibility,Water Leakage,Safety,Water,dark road section,damaged water supply line,Velachery,6.4,3.3,MEDIUM,CRITICAL,8,0.449,NO_DEPENDENCY,0.326,0
POS_0258,Garbage Accumulation,Air Pollution,Waste,Environment,uncollected garbage is present,air quality is affected,Mylapore,2.09,8.7,LOW,MEDIUM,10,0.807,CONTRIBUTES_TO,0.677,1
NEG_1145,Waterlogging,Water Leakage,Flooding,Water,road is flooded,water pipe is leaking,Perambur,6.19,43.6,CRITICAL,HIGH,14,0.21,NO_DEPENDENCY,0.254,0
NEG_1095,Public Health Risk,Street Light Failure,Health,Lighting,possible health hazard,street light is not working,Ambattur,3.57,46.3,CRITICAL,MEDIUM,10,0.232,NO_DEPENDENCY,0.277,0
NEG_0943,Sewer Overflow,Water Leakage,Drainage,Water,sewer line has overflowed,continuous water leakage,Royapettah,0.43,95.4,MEDIUM,CRITICAL,11,0.092,NO_DEPENDENCY,0.247,0
NEG_1384,Garbage Accumulation,Street Light Failure,Waste,Lighting,large pile of waste reported,street light is not working,T Nagar,3.6,29.2,HIGH,LOW,0,0.379,NO_DEPENDENCY,0.285,0
POS_1217,Pothole / Road Damage,Traffic Congestion,Road,Traffic,damaged road section,traffic flow is disrupted,Adyar,3.66,39.8,HIGH,CRITICAL,2,0.834,CONTRIBUTES_TO,0.662,1
POS_1042,Illegal Dumping,Blocked Drain,Waste,Drainage,unauthorized dumping reported,stormwater drain is blocked,Ambattur,1.62,40.1,HIGH,HIGH,5,0.476,CONTRIBUTES_TO,0.641,1
NEG_0954,Emergency Response Delay,Public Health Risk,Emergency,Health,response time is increasing,sanitation may affect public health,Anna Nagar,3.02,36.9,LOW,LOW,5,0.183,NO_DEPENDENCY,0.254,0
POS_0150,Blocked Drain,Waterlogging,Drainage,Flooding,stormwater drain is blocked,standing rainwater on the street,Adyar,1.81,18.3,HIGH,MEDIUM,3,0.655,CAUSES,0.773,1
NEG_0237,Road Blockage,Poor Road Visibility,Road,Safety,road is partially blocked,low visibility reported,T Nagar,3.51,95.0,HIGH,HIGH,8,0.14,NO_DEPENDENCY,0.2,0
NEG_0859,Stagnant Water,Traffic Congestion,Public Health,Traffic,standing water is not clearing,traffic flow is disrupted,Porur,1.26,20.7,MEDIUM,LOW,11,0.229,NO_DEPENDENCY,0.338,0
NEG_0893,Pothole / Road Damage,Air Pollution,Road,Environment,large pothole on the road,polluted air reported,Perambur,1.18,50.7,LOW,MEDIUM,13,0.426,NO_DEPENDENCY,0.383,0
NEG_0942,Public Health Risk,Poor Road Visibility,Health,Safety,health risk reported,visibility on road is poor,Guindy,1.95,48.2,MEDIUM,LOW,10,0.389,NO_DEPENDENCY,0.347,0
NEG_0613,Garbage Accumulation,Illegal Dumping,Waste,Waste,large pile of waste reported,garbage dumped beside road,Sholinganallur,3.58,68.4,LOW,HIGH,0,0.047,NO_DEPENDENCY,0.153,0
NEG_0918,Air Pollution,Public Health Risk,Environment,Health,polluted air reported,sanitation may affect public health,Anna Nagar,3.31,86.4,CRITICAL,MEDIUM,6,0.303,NO_DEPENDENCY,0.249,0
POS_0135,Garbage Accumulation,Air Pollution,Waste,Environment,uncollected garbage is present,air quality is affected,Nungambakkam,4.37,15.5,CRITICAL,HIGH,16,0.683,CONTRIBUTES_TO,0.676,1
NEG_1431,Road Blockage,Street Light Failure,Road,Lighting,traffic lane is obstructed,street light is not working,Royapettah,5.27,74.5,MEDIUM,CRITICAL,5,0.376,NO_DEPENDENCY,0.247,0
POS_0832,Traffic Congestion,Emergency Response Delay,Traffic,Emergency,traffic flow is disrupted,emergency vehicles cannot move quickly,Thiruvanmiyur,1.0,17.4,HIGH,LOW,13,0.542,CAUSES,0.737,1
NEG_0301,Emergency Response Delay,Blocked Drain,Emergency,Drainage,emergency movement is delayed,stormwater drain is blocked,Royapettah,2.17,28.1,MEDIUM,MEDIUM,8,0.23,NO_DEPENDENCY,0.303,0
NEG_1430,Air Pollution,Public Health Risk,Environment,Health,dust and pollution are increasing,possible health hazard,Sholinganallur,0.24,46.1,MEDIUM,HIGH,3,0.261,NO_DEPENDENCY,0.301,0
NEG_1489,Air Pollution,Safety Risk,Environment,Safety,local air pollution observed,residents feel unsafe,Ambattur,1.0,5.6,HIGH,CRITICAL,7,0.353,NO_DEPENDENCY,0.371,0
NEG_0399,Illegal Dumping,Water Leakage,Waste,Water,unauthorized dumping reported,continuous water leakage,Adyar,4.37,82.0,LOW,LOW,5,0.323,NO_DEPENDENCY,0.238,0
POS_0865,Stagnant Water,Public Health Risk,Public Health,Health,water is collecting,health risk reported,Porur,0.92,7.3,LOW,MEDIUM,19,0.726,CAUSES,0.771,1
POS_0529,Poor Road Visibility,Safety Risk,Safety,Safety,dark road section,risk to pedestrians and vehicles,Guindy,1.38,18.0,CRITICAL,LOW,3,0.651,CONTRIBUTES_TO,0.724,1
NEG_0720,Traffic Congestion,Garbage Accumulation,Traffic,Waste,traffic flow is disrupted,waste has built up,Sholinganallur,2.72,86.7,HIGH,HIGH,13,0.335,NO_DEPENDENCY,0.302,0
POS_0431,Poor Road Visibility,Safety Risk,Safety,Safety,visibility on road is poor,area has become unsafe,Guindy,1.56,26.7,MEDIUM,CRITICAL,2,0.819,CONTRIBUTES_TO,0.689,1
NEG_1244,Air Pollution,Stagnant Water,Environment,Public Health,local air pollution observed,standing water is not clearing,Adyar,6.53,54.0,LOW,MEDIUM,8,0.305,NO_DEPENDENCY,0.239,0
NEG_0245,Waterlogging,Safety Risk,Flooding,Safety,water has accumulated on the road,area has become unsafe,Porur,0.43,81.1,CRITICAL,LOW,15,0.277,NO_DEPENDENCY,0.334,0
POS_0611,Waterlogging,Road Blockage,Flooding,Road,standing rainwater on the street,vehicle movement is obstructed,Velachery,2.54,1.1,MEDIUM,HIGH,7,0.838,CAUSES,0.772,1
POS_0950,Garbage Accumulation,Air Pollution,Waste,Environment,uncollected garbage is present,dust and pollution are increasing,Porur,0.13,27.0,LOW,HIGH,4,0.958,CONTRIBUTES_TO,0.716,1
NEG_1312,Street Light Failure,Water Leakage,Lighting,Water,roadside light has failed,continuous water leakage,Guindy,3.14,64.1,CRITICAL,LOW,4,0.372,NO_DEPENDENCY,0.281,0
POS_0222,Pothole / Road Damage,Traffic Congestion,Road,Traffic,road surface is badly damaged,vehicles are queued,Sholinganallur,1.21,24.9,CRITICAL,HIGH,4,0.714,CONTRIBUTES_TO,0.75,1
NEG_0416,Poor Road Visibility,Water Leakage,Safety,Water,drivers cannot see clearly,water pipe is leaking,Guindy,6.86,62.5,HIGH,CRITICAL,9,0.253,NO_DEPENDENCY,0.216,0
NEG_0912,Public Health Risk,Pothole / Road Damage,Health,Road,health risk reported,multiple potholes reported,Mylapore,5.65,28.2,LOW,MEDIUM,5,0.164,NO_DEPENDENCY,0.216,0
POS_1037,Street Light Failure,Poor Road Visibility,Lighting,Safety,roadside light has failed,dark road section,Nungambakkam,0.45,44.2,HIGH,CRITICAL,4,0.65,CAUSES,0.728,1
NEG_1146,Poor Road Visibility,Road Blockage,Safety,Road,visibility on road is poor,traffic lane is obstructed,Mylapore,3.13,48.7,LOW,LOW,14,0.273,NO_DEPENDENCY,0.314,0
POS_0933,Traffic Congestion,Emergency Response Delay,Traffic,Emergency,severe congestion reported,emergency access is difficult,Nungambakkam,1.49,10.2,MEDIUM,CRITICAL,13,0.784,CAUSES,0.758,1
NEG_1056,Safety Risk,Garbage Accumulation,Safety,Waste,area has become unsafe,large pile of waste reported,Adyar,5.98,68.5,HIGH,HIGH,9,0.122,NO_DEPENDENCY,0.185,0
POS_0174,Sewer Overflow,Stagnant Water,Drainage,Public Health,sewage overflow reported,standing water is not clearing,Sholinganallur,4.31,13.5,LOW,MEDIUM,20,0.781,CAUSES,0.703,1
POS_0566,Stagnant Water,Public Health Risk,Public Health,Health,water is collecting,health risk reported,Velachery,2.2,18.0,MEDIUM,HIGH,3,0.758,CAUSES,0.715,1
NEG_0461,Public Health Risk,Sewer Overflow,Health,Drainage,health risk reported,sewer line has overflowed,Sholinganallur,3.53,56.0,LOW,LOW,10,0.317,NO_DEPENDENCY,0.295,0
POS_0813,Garbage Accumulation,Public Health Risk,Waste,Health,large pile of waste reported,disease risk is increasing,Velachery,2.58,38.5,CRITICAL,CRITICAL,19,0.934,CAUSES,0.794,1
NEG_1188,Public Health Risk,Pothole / Road Damage,Health,Road,sanitation may affect public health,large pothole on the road,Anna Nagar,0.55,88.1,MEDIUM,MEDIUM,4,0.192,NO_DEPENDENCY,0.246,0
POS_0959,Road Blockage,Traffic Congestion,Road,Traffic,road passage is blocked,vehicles are queued,Sholinganallur,0.29,18.1,LOW,LOW,9,0.675,CAUSES,0.744,1
POS_0528,Illegal Dumping,Blocked Drain,Waste,Drainage,garbage dumped beside road,stormwater drain is blocked,Velachery,4.47,8.2,MEDIUM,CRITICAL,20,0.601,CONTRIBUTES_TO,0.651,1
POS_1414,Street Light Failure,Poor Road Visibility,Lighting,Safety,dark street due to light failure,drivers cannot see clearly,Nungambakkam,3.83,2.7,HIGH,CRITICAL,20,0.643,CAUSES,0.74,1
NEG_0112,Public Health Risk,Street Light Failure,Health,Lighting,disease risk is increasing,streetlights are off,Kodambakkam,3.49,79.6,MEDIUM,CRITICAL,10,0.441,NO_DEPENDENCY,0.314,0
POS_0273,Traffic Congestion,Emergency Response Delay,Traffic,Emergency,traffic is moving slowly,response time is increasing,Ambattur,4.48,43.7,MEDIUM,HIGH,10,0.918,CAUSES,0.656,1
POS_0927,Water Leakage,Stagnant Water,Water,Public Health,continuous water leakage,stagnant water remains,Thiruvanmiyur,3.52,19.5,LOW,MEDIUM,6,0.594,CAUSES,0.618,1
NEG_0240,Air Pollution,Water Leakage,Environment,Water,polluted air reported,continuous water leakage,T Nagar,5.68,80.7,MEDIUM,HIGH,14,0.065,NO_DEPENDENCY,0.187,0
POS_0848,Illegal Dumping,Blocked Drain,Waste,Drainage,open dumping observed,drain is clogged,Perambur,2.23,30.9,LOW,LOW,14,0.762,CONTRIBUTES_TO,0.668,1
POS_0953,Illegal Dumping,Waterlogging,Waste,Flooding,unauthorized dumping reported,water has accumulated on the road,Anna Nagar,3.78,41.8,MEDIUM,LOW,12,0.466,CONTRIBUTES_TO,0.523,1
NEG_0121,Blocked Drain,Street Light Failure,Drainage,Lighting,stormwater drain is blocked,roadside light has failed,Velachery,2.81,95.0,CRITICAL,MEDIUM,8,0.423,NO_DEPENDENCY,0.296,0
NEG_1500,Public Health Risk,Pothole / Road Damage,Health,Road,health risk reported,multiple potholes reported,Mylapore,1.75,10.2,HIGH,CRITICAL,8,0.329,NO_DEPENDENCY,0.354,0
NEG_0816,Water Leakage,Poor Road Visibility,Water,Safety,pipeline leak near street,visibility on road is poor,Kodambakkam,3.54,58.9,LOW,CRITICAL,2,0.123,NO_DEPENDENCY,0.195,0
NEG_0413,Garbage Accumulation,Safety Risk,Waste,Safety,waste has built up,area has become unsafe,Pallavaram,1.96,59.2,HIGH,MEDIUM,7,0.063,NO_DEPENDENCY,0.225,0
NEG_1094,Street Light Failure,Air Pollution,Lighting,Environment,streetlights are off,dust and pollution are increasing,Porur,2.69,86.4,HIGH,HIGH,11,0.227,NO_DEPENDENCY,0.261,0
NEG_0532,Street Light Failure,Blocked Drain,Lighting,Drainage,roadside light has failed,stormwater drain is blocked,Kodambakkam,2.63,71.9,MEDIUM,CRITICAL,0,0.247,NO_DEPENDENCY,0.225,0
POS_1101,Illegal Dumping,Blocked Drain,Waste,Drainage,unauthorized dumping reported,rainwater drain is not flowing,Adyar,3.75,2.0,LOW,LOW,13,0.835,CONTRIBUTES_TO,0.682,1
POS_1293,Sewer Overflow,Stagnant Water,Drainage,Public Health,sewer line has overflowed,pool of water has remained,Nungambakkam,4.26,5.2,CRITICAL,HIGH,1,0.938,CAUSES,0.774,1
NEG_1376,Safety Risk,Emergency Response Delay,Safety,Emergency,risk to pedestrians and vehicles,emergency vehicles cannot move quickly,Thiruvanmiyur,6.73,20.6,MEDIUM,CRITICAL,0,0.194,NO_DEPENDENCY,0.19,0
POS_0169,Street Light Failure,Poor Road Visibility,Lighting,Safety,roadside light has failed,drivers cannot see clearly,Mylapore,3.21,33.8,MEDIUM,LOW,12,0.542,CAUSES,0.647,1
NEG_0877,Garbage Accumulation,Street Light Failure,Waste,Lighting,waste has built up,dark street due to light failure,Velachery,1.86,81.8,LOW,MEDIUM,12,0.311,NO_DEPENDENCY,0.307,0
POS_1468,Waterlogging,Road Blockage,Flooding,Road,heavy waterlogging reported,vehicle movement is obstructed,Royapettah,2.39,12.6,CRITICAL,HIGH,5,0.529,CAUSES,0.743,1
NEG_1267,Street Light Failure,Stagnant Water,Lighting,Public Health,roadside light has failed,standing water is not clearing,Anna Nagar,3.81,42.5,HIGH,MEDIUM,11,0.064,NO_DEPENDENCY,0.232,0
POS_1399,Water Leakage,Stagnant Water,Water,Public Health,continuous water leakage,stagnant water remains,Perambur,3.46,23.9,LOW,LOW,14,0.805,CAUSES,0.675,1
POS_1229,Stagnant Water,Public Health Risk,Public Health,Health,stagnant water remains,possible health hazard,Mylapore,1.23,13.7,MEDIUM,HIGH,3,0.844,CAUSES,0.763,1
NEG_0735,Public Health Risk,Road Blockage,Health,Road,possible health hazard,traffic lane is obstructed,Royapettah,7.77,42.4,CRITICAL,HIGH,11,0.337,NO_DEPENDENCY,0.254,0
NEG_0239,Safety Risk,Illegal Dumping,Safety,Waste,area has become unsafe,garbage dumped beside road,Sholinganallur,4.2,26.0,CRITICAL,MEDIUM,12,0.252,NO_DEPENDENCY,0.301,0
POS_0368,Street Light Failure,Poor Road Visibility,Lighting,Safety,street light is not working,drivers cannot see clearly,Adyar,3.84,38.5,LOW,MEDIUM,6,0.794,CAUSES,0.635,1
NEG_0776,Safety Risk,Illegal Dumping,Safety,Waste,residents feel unsafe,waste is being dumped illegally,Sholinganallur,4.23,57.4,MEDIUM,LOW,2,0.156,NO_DEPENDENCY,0.196,0
POS_0868,Poor Road Visibility,Safety Risk,Safety,Safety,visibility on road is poor,residents feel unsafe,Mylapore,1.3,34.7,MEDIUM,CRITICAL,4,0.803,CONTRIBUTES_TO,0.686,1
POS_1303,Road Blockage,Traffic Congestion,Road,Traffic,road is partially blocked,traffic flow is disrupted,Nungambakkam,3.82,28.1,HIGH,HIGH,13,0.782,CAUSES,0.723,1
POS_0352,Water Leakage,Stagnant Water,Water,Public Health,damaged water supply line,water is collecting,Guindy,1.38,3.1,MEDIUM,HIGH,5,0.903,CAUSES,0.778,1
NEG_0895,Traffic Congestion,Waterlogging,Traffic,Flooding,severe congestion reported,water has accumulated on the road,T Nagar,7.05,49.1,CRITICAL,CRITICAL,4,0.08,NO_DEPENDENCY,0.147,0
NEG_1004,Emergency Response Delay,Air Pollution,Emergency,Environment,emergency movement is delayed,air quality is affected,Anna Nagar,6.74,95.1,MEDIUM,CRITICAL,1,0.314,NO_DEPENDENCY,0.169,0
POS_0980,Street Light Failure,Poor Road Visibility,Lighting,Safety,dark street due to light failure,drivers cannot see clearly,Pallavaram,3.02,29.8,LOW,MEDIUM,11,0.622,CAUSES,0.646,1
NEG_0348,Emergency Response Delay,Blocked Drain,Emergency,Drainage,emergency movement is delayed,drain is clogged,Velachery,2.18,42.9,LOW,CRITICAL,0,0.088,NO_DEPENDENCY,0.208,0
NEG_0871,Air Pollution,Public Health Risk,Environment,Health,polluted air reported,disease risk is increasing,Guindy,4.49,82.6,HIGH,HIGH,0,0.422,NO_DEPENDENCY,0.24,0
POS_0499,Garbage Accumulation,Public Health Risk,Waste,Health,uncollected garbage is present,possible health hazard,Sholinganallur,3.1,27.9,CRITICAL,HIGH,14,0.51,CAUSES,0.699,1
NEG_0129,Street Light Failure,Garbage Accumulation,Lighting,Waste,roadside light has failed,uncollected garbage is present,Tambaram,5.88,33.2,LOW,LOW,1,0.216,NO_DEPENDENCY,0.204,0
POS_0211,Street Light Failure,Poor Road Visibility,Lighting,Safety,dark street due to light failure,drivers cannot see clearly,Mylapore,4.41,40.2,CRITICAL,CRITICAL,10,0.851,CAUSES,0.715,1
NEG_0971,Sewer Overflow,Waterlogging,Drainage,Flooding,sewer line has overflowed,standing rainwater on the street,Nungambakkam,6.17,84.9,HIGH,HIGH,2,0.271,NO_DEPENDENCY,0.178,0
POS_0602,Sewer Overflow,Stagnant Water,Drainage,Public Health,sewer water is overflowing,stagnant water remains,Tambaram,1.67,10.5,CRITICAL,LOW,20,0.583,CAUSES,0.808,1
POS_0228,Blocked Drain,Waterlogging,Drainage,Flooding,stormwater drain is blocked,water has accumulated on the road,Guindy,2.41,13.6,CRITICAL,MEDIUM,1,0.968,CAUSES,0.847,1
POS_0366,Waterlogging,Road Blockage,Flooding,Road,standing rainwater on the street,traffic lane is obstructed,Ambattur,3.84,42.8,MEDIUM,HIGH,5,0.455,CAUSES,0.6,1
POS_0582,Pothole / Road Damage,Traffic Congestion,Road,Traffic,road surface is badly damaged,traffic flow is disrupted,Velachery,3.51,18.7,HIGH,HIGH,2,0.626,CONTRIBUTES_TO,0.653,1
NEG_1356,Blocked Drain,Public Health Risk,Drainage,Health,stormwater drain is blocked,sanitation may affect public health,Porur,4.45,19.5,CRITICAL,CRITICAL,1,0.409,NO_DEPENDENCY,0.295,0
NEG_0679,Street Light Failure,Waterlogging,Lighting,Flooding,roadside light has failed,road is flooded,Kodambakkam,5.97,30.3,CRITICAL,LOW,15,0.076,NO_DEPENDENCY,0.233,0
NEG_0519,Public Health Risk,Poor Road Visibility,Health,Safety,health risk reported,dark road section,Tambaram,6.22,70.7,HIGH,CRITICAL,8,0.439,NO_DEPENDENCY,0.269,0
POS_0860,Pothole / Road Damage,Poor Road Visibility,Road,Safety,multiple potholes reported,drivers cannot see clearly,Nungambakkam,2.21,36.5,HIGH,HIGH,11,0.77,CONTRIBUTES_TO,0.633,1
POS_0408,Illegal Dumping,Waterlogging,Waste,Flooding,garbage dumped beside road,heavy waterlogging reported,Perambur,2.03,37.3,MEDIUM,LOW,4,0.708,CONTRIBUTES_TO,0.601,1
NEG_0421,Air Pollution,Emergency Response Delay,Environment,Emergency,air quality is affected,emergency vehicles cannot move quickly,Porur,4.56,66.4,CRITICAL,HIGH,9,0.386,NO_DEPENDENCY,0.287,0
NEG_0114,Street Light Failure,Emergency Response Delay,Lighting,Emergency,roadside light has failed,emergency access is difficult,Perambur,4.18,93.5,HIGH,LOW,8,0.061,NO_DEPENDENCY,0.168,0
POS_0679,Pothole / Road Damage,Traffic Congestion,Road,Traffic,damaged road section,traffic is moving slowly,T Nagar,0.66,12.8,MEDIUM,LOW,18,0.876,CONTRIBUTES_TO,0.798,1
POS_1265,Pothole / Road Damage,Poor Road Visibility,Road,Safety,road surface is badly damaged,drivers cannot see clearly,Adyar,2.14,35.4,LOW,CRITICAL,14,0.527,CONTRIBUTES_TO,0.545,1
NEG_0908,Waterlogging,Sewer Overflow,Flooding,Drainage,standing rainwater on the street,dirty wastewater is spreading,Anna Nagar,7.07,65.5,LOW,LOW,12,0.081,NO_DEPENDENCY,0.174,0
POS_0692,Pothole / Road Damage,Traffic Congestion,Road,Traffic,damaged road section,vehicles are queued,Tambaram,0.82,28.7,MEDIUM,LOW,10,0.624,CONTRIBUTES_TO,0.701,1
POS_0008,Pothole / Road Damage,Poor Road Visibility,Road,Safety,multiple potholes reported,low visibility reported,Ambattur,2.9,27.0,MEDIUM,LOW,2,0.813,CONTRIBUTES_TO,0.59,1
NEG_1368,Water Leakage,Safety Risk,Water,Safety,water pipe is leaking,residents feel unsafe,Adyar,3.4,58.7,CRITICAL,CRITICAL,7,0.36,NO_DEPENDENCY,0.293,0
POS_1205,Stagnant Water,Public Health Risk,Public Health,Health,standing water is not clearing,disease risk is increasing,Guindy,1.61,21.0,HIGH,CRITICAL,1,0.978,CAUSES,0.79,1
NEG_0734,Emergency Response Delay,Poor Road Visibility,Emergency,Safety,emergency access is difficult,drivers cannot see clearly,Mylapore,4.93,76.0,HIGH,LOW,12,0.244,NO_DEPENDENCY,0.246,0
POS_0416,Illegal Dumping,Waterlogging,Waste,Flooding,unauthorized dumping reported,water has accumulated on the road,Ambattur,3.58,42.6,CRITICAL,MEDIUM,5,0.453,CONTRIBUTES_TO,0.556,1
POS_0671,Road Blockage,Traffic Congestion,Road,Traffic,road is partially blocked,vehicles are queued,T Nagar,2.79,17.8,LOW,MEDIUM,16,0.681,CAUSES,0.701,1
POS_0811,Stagnant Water,Public Health Risk,Public Health,Health,standing water is not clearing,disease risk is increasing,Royapettah,3.94,15.0,HIGH,HIGH,16,0.841,CAUSES,0.75,1
POS_1090,Stagnant Water,Public Health Risk,Public Health,Health,standing water is not clearing,health risk reported,Ambattur,3.25,37.0,CRITICAL,MEDIUM,13,0.588,CAUSES,0.703,1
POS_0200,Road Blockage,Traffic Congestion,Road,Traffic,vehicle movement is obstructed,severe congestion reported,Kodambakkam,3.3,31.3,HIGH,HIGH,1,0.831,CAUSES,0.712,1
POS_0284,Pothole / Road Damage,Poor Road Visibility,Road,Safety,damaged road section,visibility on road is poor,Guindy,0.32,38.0,CRITICAL,CRITICAL,17,0.719,CONTRIBUTES_TO,0.708,1
POS_0232,Traffic Congestion,Emergency Response Delay,Traffic,Emergency,traffic is moving slowly,response time is increasing,T Nagar,0.99,41.7,HIGH,LOW,16,0.92,CAUSES,0.786,1
NEG_1231,Street Light Failure,Sewer Overflow,Lighting,Drainage,street light is not working,dirty wastewater is spreading,Anna Nagar,7.76,59.8,HIGH,LOW,12,0.058,NO_DEPENDENCY,0.161,0
NEG_1362,Poor Road Visibility,Illegal Dumping,Safety,Waste,visibility on road is poor,unauthorized dumping reported,Guindy,5.68,75.1,CRITICAL,CRITICAL,4,0.1,NO_DEPENDENCY,0.152,0
POS_0097,Pothole / Road Damage,Traffic Congestion,Road,Traffic,damaged road section,vehicles are queued,Porur,3.02,43.2,MEDIUM,LOW,10,0.697,CONTRIBUTES_TO,0.641,1
NEG_0088,Traffic Congestion,Waterlogging,Traffic,Flooding,severe congestion reported,standing rainwater on the street,Kodambakkam,6.02,42.1,MEDIUM,LOW,1,0.384,NO_DEPENDENCY,0.245,0
NEG_1070,Air Pollution,Poor Road Visibility,Environment,Safety,air quality is affected,drivers cannot see clearly,Sholinganallur,4.8,64.5,LOW,MEDIUM,2,0.212,NO_DEPENDENCY,0.198,0
NEG_0107,Blocked Drain,Safety Risk,Drainage,Safety,drain is clogged,risk to pedestrians and vehicles,Royapettah,4.06,43.6,LOW,CRITICAL,5,0.141,NO_DEPENDENCY,0.22,0
POS_0677,Pothole / Road Damage,Traffic Congestion,Road,Traffic,road surface is badly damaged,traffic is moving slowly,Guindy,3.72,31.2,MEDIUM,CRITICAL,20,0.586,CONTRIBUTES_TO,0.643,1
NEG_0361,Water Leakage,Air Pollution,Water,Environment,pipeline leak near street,polluted air reported,Porur,1.15,55.5,MEDIUM,HIGH,7,0.279,NO_DEPENDENCY,0.305,0
NEG_1282,Safety Risk,Stagnant Water,Safety,Public Health,risk to pedestrians and vehicles,standing water is not clearing,Sholinganallur,2.57,34.9,HIGH,CRITICAL,1,0.137,NO_DEPENDENCY,0.228,0
NEG_1364,Illegal Dumping,Stagnant Water,Waste,Public Health,garbage dumped beside road,water is collecting,Tambaram,5.14,78.4,CRITICAL,MEDIUM,11,0.344,NO_DEPENDENCY,0.266,0
NEG_1088,Emergency Response Delay,Sewer Overflow,Emergency,Drainage,emergency vehicles cannot move quickly,sewer water is overflowing,Nungambakkam,4.34,94.3,HIGH,LOW,4,0.196,NO_DEPENDENCY,0.185,0
POS_1400,Traffic Congestion,Emergency Response Delay,Traffic,Emergency,traffic flow is disrupted,emergency vehicles cannot move quickly,Guindy,2.64,0.8,HIGH,MEDIUM,19,0.822,CAUSES,0.79,1
POS_1371,Street Light Failure,Poor Road Visibility,Lighting,Safety,street light is not working,visibility on road is poor,Velachery,1.12,0.8,HIGH,MEDIUM,9,0.922,CAUSES,0.839,1
POS_0105,Water Leakage,Stagnant Water,Water,Public Health,water pipe is leaking,standing water is not clearing,Pallavaram,0.6,18.0,CRITICAL,HIGH,9,0.847,CAUSES,0.826,1
NEG_0588,Garbage Accumulation,Road Blockage,Waste,Road,uncollected garbage is present,road passage is blocked,Ambattur,5.7,7.9,HIGH,LOW,10,0.317,NO_DEPENDENCY,0.303,0
POS_0600,Garbage Accumulation,Public Health Risk,Waste,Health,large pile of waste reported,disease risk is increasing,Perambur,1.91,27.0,LOW,HIGH,17,0.552,CAUSES,0.671,1
NEG_0257,Water Leakage,Sewer Overflow,Water,Drainage,water pipe is leaking,sewage overflow reported,Ambattur,0.9,72.3,MEDIUM,LOW,12,0.23,NO_DEPENDENCY,0.305,0
POS_1324,Traffic Congestion,Emergency Response Delay,Traffic,Emergency,traffic is moving slowly,emergency movement is delayed,T Nagar,4.26,15.1,MEDIUM,HIGH,19,0.761,CAUSES,0.692,1
POS_0643,Garbage Accumulation,Public Health Risk,Waste,Health,large pile of waste reported,possible health hazard,Perambur,3.52,20.1,LOW,MEDIUM,6,0.938,CAUSES,0.69,1
POS_0701,Illegal Dumping,Blocked Drain,Waste,Drainage,unauthorized dumping reported,rainwater drain is not flowing,Sholinganallur,3.04,6.8,MEDIUM,HIGH,2,0.923,CONTRIBUTES_TO,0.708,1
POS_0227,Garbage Accumulation,Public Health Risk,Waste,Health,garbage has accumulated,disease risk is increasing,Anna Nagar,0.32,30.8,CRITICAL,LOW,16,0.945,CAUSES,0.856,1
NEG_0198,Emergency Response Delay,Road Blockage,Emergency,Road,response time is increasing,traffic lane is obstructed,Anna Nagar,6.11,44.4,MEDIUM,CRITICAL,11,0.398,NO_DEPENDENCY,0.296,0
POS_1011,Stagnant Water,Public Health Risk,Public Health,Health,water is collecting,sanitation may affect public health,Guindy,1.5,18.7,LOW,LOW,10,0.755,CAUSES,0.724,1
NEG_0073,Public Health Risk,Safety Risk,Health,Safety,sanitation may affect public health,residents feel unsafe,Velachery,3.47,69.4,MEDIUM,LOW,13,0.178,NO_DEPENDENCY,0.259,0
POS_0777,Pothole / Road Damage,Traffic Congestion,Road,Traffic,multiple potholes reported,traffic flow is disrupted,Anna Nagar,4.2,41.1,MEDIUM,LOW,9,0.917,CONTRIBUTES_TO,0.656,1
NEG_0231,Waterlogging,Stagnant Water,Flooding,Public Health,heavy waterlogging reported,standing water is not clearing,Velachery,7.57,25.9,CRITICAL,HIGH,9,0.301,NO_DEPENDENCY,0.25,0
NEG_1327,Garbage Accumulation,Safety Risk,Waste,Safety,large pile of waste reported,residents feel unsafe,Ambattur,1.16,18.4,MEDIUM,HIGH,8,0.348,NO_DEPENDENCY,0.362,0
NEG_0729,Garbage Accumulation,Pothole / Road Damage,Waste,Road,waste has built up,road surface is badly damaged,Ambattur,6.08,37.5,LOW,HIGH,9,0.317,NO_DEPENDENCY,0.268,0
NEG_1295,Waterlogging,Public Health Risk,Flooding,Health,standing rainwater on the street,sanitation may affect public health,Mylapore,3.34,87.1,MEDIUM,CRITICAL,13,0.093,NO_DEPENDENCY,0.22,0
POS_0465,Traffic Congestion,Emergency Response Delay,Traffic,Emergency,traffic is moving slowly,emergency access is difficult,Mylapore,0.78,35.5,MEDIUM,HIGH,13,0.657,CAUSES,0.715,1
NEG_1152,Illegal Dumping,Road Blockage,Waste,Road,open dumping observed,traffic lane is obstructed,Porur,3.02,92.5,HIGH,MEDIUM,0,0.409,NO_DEPENDENCY,0.25,0
POS_1094,Blocked Drain,Waterlogging,Drainage,Flooding,rainwater drain is not flowing,heavy waterlogging reported,Ambattur,2.63,4.3,HIGH,LOW,18,0.925,CAUSES,0.863,1
POS_1272,Sewer Overflow,Stagnant Water,Drainage,Public Health,dirty wastewater is spreading,pool of water has remained,Perambur,0.2,38.3,LOW,CRITICAL,11,0.536,CAUSES,0.7,1
NEG_1424,Sewer Overflow,Street Light Failure,Drainage,Lighting,sewage overflow reported,dark street due to light failure,Nungambakkam,1.37,95.7,MEDIUM,CRITICAL,6,0.37,NO_DEPENDENCY,0.291,0
NEG_0081,Road Blockage,Safety Risk,Road,Safety,traffic lane is obstructed,risk to pedestrians and vehicles,Anna Nagar,6.05,73.6,CRITICAL,LOW,10,0.234,NO_DEPENDENCY,0.218,0
POS_1208,Poor Road Visibility,Safety Risk,Safety,Safety,low visibility reported,risk to pedestrians and vehicles,Thiruvanmiyur,1.67,5.5,CRITICAL,MEDIUM,11,0.919,CONTRIBUTES_TO,0.808,1
POS_0213,Waterlogging,Road Blockage,Flooding,Road,road is flooded,traffic lane is obstructed,Mylapore,0.5,2.1,MEDIUM,LOW,2,0.767,CAUSES,0.795,1
POS_0013,Illegal Dumping,Blocked Drain,Waste,Drainage,garbage dumped beside road,drain is clogged,Guindy,0.75,0.7,MEDIUM,LOW,9,0.833,CONTRIBUTES_TO,0.773,1
NEG_1473,Stagnant Water,Blocked Drain,Public Health,Drainage,water is collecting,stormwater drain is blocked,T Nagar,7.88,24.3,HIGH,HIGH,12,0.267,NO_DEPENDENCY,0.252,0
POS_0423,Pothole / Road Damage,Poor Road Visibility,Road,Safety,damaged road section,drivers cannot see clearly,Anna Nagar,2.79,2.4,LOW,LOW,17,0.865,CONTRIBUTES_TO,0.649,1
NEG_0189,Poor Road Visibility,Garbage Accumulation,Safety,Waste,visibility on road is poor,waste has built up,Pallavaram,0.98,92.7,LOW,LOW,0,0.29,NO_DEPENDENCY,0.245,0
NEG_0280,Waterlogging,Air Pollution,Flooding,Environment,road is flooded,local air pollution observed,T Nagar,2.69,33.7,HIGH,HIGH,5,0.391,NO_DEPENDENCY,0.324,0
NEG_1140,Street Light Failure,Blocked Drain,Lighting,Drainage,streetlights are off,rainwater drain is not flowing,Royapettah,6.88,81.4,CRITICAL,HIGH,1,0.09,NO_DEPENDENCY,0.111,0
NEG_0820,Water Leakage,Public Health Risk,Water,Health,damaged water supply line,sanitation may affect public health,Mylapore,5.82,8.1,HIGH,CRITICAL,8,0.324,NO_DEPENDENCY,0.293,0
POS_0638,Blocked Drain,Waterlogging,Drainage,Flooding,rainwater drain is not flowing,standing rainwater on the street,Pallavaram,0.58,13.7,HIGH,CRITICAL,3,0.977,CAUSES,0.874,1
POS_1279,Road Blockage,Traffic Congestion,Road,Traffic,traffic lane is obstructed,severe congestion reported,Ambattur,0.5,8.4,MEDIUM,MEDIUM,20,0.786,CAUSES,0.827,1
NEG_0141,Sewer Overflow,Road Blockage,Drainage,Road,sewage overflow reported,road is partially blocked,Royapettah,2.03,50.3,CRITICAL,MEDIUM,11,0.26,NO_DEPENDENCY,0.311,0
POS_0510,Pothole / Road Damage,Traffic Congestion,Road,Traffic,road surface is badly damaged,vehicles are queued,Guindy,4.1,16.1,MEDIUM,MEDIUM,7,0.737,CONTRIBUTES_TO,0.652,1
POS_0598,Road Blockage,Traffic Congestion,Road,Traffic,vehicle movement is obstructed,severe congestion reported,Guindy,4.17,34.1,CRITICAL,CRITICAL,10,0.765,CAUSES,0.72,1
NEG_1213,Safety Risk,Water Leakage,Safety,Water,safety risk reported,damaged water supply line,Perambur,4.62,62.5,CRITICAL,CRITICAL,8,0.155,NO_DEPENDENCY,0.215,0
NEG_1135,Emergency Response Delay,Air Pollution,Emergency,Environment,emergency vehicles cannot move quickly,local air pollution observed,Perambur,7.3,67.7,CRITICAL,HIGH,2,0.022,NO_DEPENDENCY,0.101,0
NEG_0865,Emergency Response Delay,Public Health Risk,Emergency,Health,response time is increasing,disease risk is increasing,Sholinganallur,1.63,28.3,MEDIUM,CRITICAL,7,0.426,NO_DEPENDENCY,0.365,0
NEG_1144,Poor Road Visibility,Garbage Accumulation,Safety,Waste,drivers cannot see clearly,waste has built up,Pallavaram,5.84,70.5,LOW,MEDIUM,13,0.098,NO_DEPENDENCY,0.198,0
POS_0519,Pothole / Road Damage,Traffic Congestion,Road,Traffic,damaged road section,vehicles are queued,T Nagar,2.01,42.5,CRITICAL,MEDIUM,10,0.86,CONTRIBUTES_TO,0.75,1
NEG_1294,Air Pollution,Water Leakage,Environment,Water,polluted air reported,pipeline leak near street,Porur,2.42,56.7,HIGH,HIGH,9,0.283,NO_DEPENDENCY,0.296,0
POS_0574,Sewer Overflow,Stagnant Water,Drainage,Public Health,sewer line has overflowed,water is collecting,Mylapore,1.23,39.4,CRITICAL,CRITICAL,15,0.478,CAUSES,0.746,1
NEG_1226,Public Health Risk,Road Blockage,Health,Road,disease risk is increasing,road passage is blocked,Nungambakkam,2.66,12.9,HIGH,HIGH,0,0.396,NO_DEPENDENCY,0.318,0
POS_1098,Water Leakage,Stagnant Water,Water,Public Health,water pipe is leaking,water is collecting,Porur,2.02,24.8,HIGH,CRITICAL,11,0.576,CAUSES,0.707,1
NEG_0448,Street Light Failure,Water Leakage,Lighting,Water,dark street due to light failure,damaged water supply line,Ambattur,7.47,94.8,MEDIUM,HIGH,12,0.117,NO_DEPENDENCY,0.154,0
POS_1449,Sewer Overflow,Stagnant Water,Drainage,Public Health,sewer line has overflowed,pool of water has remained,Perambur,2.98,37.0,HIGH,MEDIUM,5,0.922,CAUSES,0.744,1
NEG_0085,Public Health Risk,Traffic Congestion,Health,Traffic,possible health hazard,severe congestion reported,Perambur,3.3,46.9,CRITICAL,MEDIUM,4,0.38,NO_DEPENDENCY,0.295,0
NEG_1097,Traffic Congestion,Blocked Drain,Traffic,Drainage,severe congestion reported,blocked drainage outlet,Ambattur,5.38,12.3,CRITICAL,CRITICAL,8,0.428,NO_DEPENDENCY,0.327,0
POS_0965,Poor Road Visibility,Safety Risk,Safety,Safety,drivers cannot see clearly,residents feel unsafe,Porur,3.25,47.7,HIGH,CRITICAL,20,0.716,CONTRIBUTES_TO,0.667,1
POS_1019,Pothole / Road Damage,Traffic Congestion,Road,Traffic,multiple potholes reported,severe congestion reported,Perambur,1.48,35.2,HIGH,LOW,9,0.57,CONTRIBUTES_TO,0.688,1
NEG_1409,Street Light Failure,Safety Risk,Lighting,Safety,street light is not working,safety risk reported,Kodambakkam,0.73,40.9,HIGH,CRITICAL,3,0.184,NO_DEPENDENCY,0.275,0
POS_0359,Street Light Failure,Poor Road Visibility,Lighting,Safety,street light is not working,visibility on road is poor,Adyar,0.15,24.5,CRITICAL,HIGH,2,0.515,CAUSES,0.756,1
POS_0737,Water Leakage,Stagnant Water,Water,Public Health,continuous water leakage,water is collecting,Mylapore,0.81,13.1,HIGH,MEDIUM,14,0.829,CAUSES,0.811,1
NEG_0285,Emergency Response Delay,Blocked Drain,Emergency,Drainage,emergency access is difficult,rainwater drain is not flowing,T Nagar,3.02,8.6,LOW,LOW,15,0.046,NO_DEPENDENCY,0.286,0
NEG_0109,Street Light Failure,Safety Risk,Lighting,Safety,dark street due to light failure,safety risk reported,Velachery,4.29,52.2,MEDIUM,MEDIUM,6,0.049,NO_DEPENDENCY,0.187,0
POS_0260,Illegal Dumping,Waterlogging,Waste,Flooding,garbage dumped beside road,heavy waterlogging reported,Tambaram,2.88,33.4,MEDIUM,CRITICAL,6,0.792,CONTRIBUTES_TO,0.607,1
NEG_1272,Stagnant Water,Waterlogging,Public Health,Flooding,stagnant water remains,standing rainwater on the street,Velachery,1.42,70.7,LOW,LOW,10,0.161,NO_DEPENDENCY,0.268,0
NEG_1143,Stagnant Water,Emergency Response Delay,Public Health,Emergency,pool of water has remained,emergency access is difficult,Anna Nagar,7.56,65.9,HIGH,CRITICAL,0,0.346,NO_DEPENDENCY,0.185,0
NEG_1243,Illegal Dumping,Air Pollution,Waste,Environment,garbage dumped beside road,dust and pollution are increasing,Guindy,4.06,69.9,HIGH,CRITICAL,6,0.42,NO_DEPENDENCY,0.287,0
NEG_0884,Waterlogging,Traffic Congestion,Flooding,Traffic,standing rainwater on the street,traffic flow is disrupted,Adyar,0.53,62.1,HIGH,CRITICAL,12,0.064,NO_DEPENDENCY,0.27,0
POS_1030,Street Light Failure,Poor Road Visibility,Lighting,Safety,roadside light has failed,drivers cannot see clearly,Sholinganallur,2.7,35.4,CRITICAL,HIGH,17,0.5,CAUSES,0.712,1
NEG_0909,Stagnant Water,Waterlogging,Public Health,Flooding,stagnant water remains,road is flooded,Perambur,4.8,54.6,MEDIUM,CRITICAL,6,0.165,NO_DEPENDENCY,0.212,0
POS_0970,Garbage Accumulation,Air Pollution,Waste,Environment,uncollected garbage is present,local air pollution observed,Velachery,1.33,19.9,CRITICAL,HIGH,5,0.778,CONTRIBUTES_TO,0.737,1
NEG_1491,Stagnant Water,Garbage Accumulation,Public Health,Waste,pool of water has remained,large pile of waste reported,Ambattur,3.57,54.4,LOW,CRITICAL,11,0.314,NO_DEPENDENCY,0.3,0
POS_0820,Stagnant Water,Public Health Risk,Public Health,Health,water is collecting,possible health hazard,Royapettah,0.22,4.8,HIGH,HIGH,15,0.793,CAUSES,0.845,1
NEG_1217,Poor Road Visibility,Garbage Accumulation,Safety,Waste,low visibility reported,uncollected garbage is present,Ambattur,3.56,68.7,MEDIUM,MEDIUM,5,0.364,NO_DEPENDENCY,0.274,0
NEG_0826,Traffic Congestion,Public Health Risk,Traffic,Health,traffic is moving slowly,sanitation may affect public health,Tambaram,1.26,15.2,MEDIUM,LOW,5,0.223,NO_DEPENDENCY,0.31,0
POS_0457,Illegal Dumping,Blocked Drain,Waste,Drainage,unauthorized dumping reported,drain is clogged,Kodambakkam,0.79,41.1,HIGH,LOW,8,0.516,CONTRIBUTES_TO,0.675,1
POS_0463,Water Leakage,Stagnant Water,Water,Public Health,damaged water supply line,pool of water has remained,Anna Nagar,3.68,40.8,LOW,CRITICAL,16,0.632,CAUSES,0.617,1
NEG_0845,Pothole / Road Damage,Safety Risk,Road,Safety,large pothole on the road,residents feel unsafe,Anna Nagar,1.93,9.8,CRITICAL,MEDIUM,4,0.295,NO_DEPENDENCY,0.321,0
NEG_1189,Air Pollution,Sewer Overflow,Environment,Drainage,air quality is affected,sewer line has overflowed,Guindy,0.9,91.0,LOW,HIGH,15,0.159,NO_DEPENDENCY,0.283,0
POS_0382,Pothole / Road Damage,Traffic Congestion,Road,Traffic,road surface is badly damaged,severe congestion reported,Perambur,2.07,6.8,HIGH,HIGH,17,0.669,CONTRIBUTES_TO,0.752,1
NEG_0392,Blocked Drain,Poor Road Visibility,Drainage,Safety,drain is clogged,low visibility reported,Pallavaram,3.12,66.2,LOW,HIGH,11,0.349,NO_DEPENDENCY,0.308,0
NEG_0333,Sewer Overflow,Pothole / Road Damage,Drainage,Road,sewage overflow reported,multiple potholes reported,Guindy,5.73,50.7,MEDIUM,CRITICAL,0,0.188,NO_DEPENDENCY,0.178,0
NEG_0809,Street Light Failure,Blocked Drain,Lighting,Drainage,streetlights are off,drain is clogged,T Nagar,7.81,56.4,LOW,LOW,2,0.325,NO_DEPENDENCY,0.193,0
NEG_0007,Emergency Response Delay,Blocked Drain,Emergency,Drainage,emergency access is difficult,stormwater drain is blocked,Anna Nagar,7.1,24.6,MEDIUM,MEDIUM,8,0.28,NO_DEPENDENCY,0.247,0
POS_0806,Waterlogging,Road Blockage,Flooding,Road,standing rainwater on the street,road is partially blocked,Perambur,0.37,2.3,HIGH,HIGH,7,0.556,CAUSES,0.793,1
NEG_0939,Public Health Risk,Safety Risk,Health,Safety,health risk reported,safety risk reported,Anna Nagar,5.96,87.3,HIGH,HIGH,10,0.383,NO_DEPENDENCY,0.253,0
POS_0757,Sewer Overflow,Stagnant Water,Drainage,Public Health,sewage overflow reported,stagnant water remains,Perambur,0.44,8.4,LOW,LOW,10,0.463,CAUSES,0.718,1
NEG_1016,Blocked Drain,Street Light Failure,Drainage,Lighting,rainwater drain is not flowing,dark street due to light failure,Nungambakkam,1.88,51.2,LOW,HIGH,14,0.362,NO_DEPENDENCY,0.358,0
POS_1254,Road Blockage,Traffic Congestion,Road,Traffic,road passage is blocked,vehicles are queued,Sholinganallur,0.5,25.8,MEDIUM,HIGH,2,0.951,CAUSES,0.791,1
POS_0870,Pothole / Road Damage,Traffic Congestion,Road,Traffic,multiple potholes reported,severe congestion reported,Sholinganallur,0.56,4.7,MEDIUM,LOW,19,0.497,CONTRIBUTES_TO,0.738,1
NEG_0565,Poor Road Visibility,Road Blockage,Safety,Road,dark road section,traffic lane is obstructed,Mylapore,0.65,29.7,LOW,HIGH,11,0.285,NO_DEPENDENCY,0.356,0
POS_1411,Street Light Failure,Poor Road Visibility,Lighting,Safety,dark street due to light failure,low visibility reported,Thiruvanmiyur,3.13,10.7,LOW,LOW,13,0.661,CAUSES,0.683,1
NEG_0861,Public Health Risk,Air Pollution,Health,Environment,possible health hazard,dust and pollution are increasing,Ambattur,6.68,74.7,MEDIUM,LOW,4,0.126,NO_DEPENDENCY,0.145,0
NEG_0788,Stagnant Water,Poor Road Visibility,Public Health,Safety,water is collecting,dark road section,Porur,6.91,65.9,HIGH,MEDIUM,6,0.163,NO_DEPENDENCY,0.17,0
NEG_1359,Waterlogging,Safety Risk,Flooding,Safety,heavy waterlogging reported,residents feel unsafe,Thiruvanmiyur,7.42,80.4,HIGH,MEDIUM,12,0.284,NO_DEPENDENCY,0.217,0
POS_1174,Illegal Dumping,Blocked Drain,Waste,Drainage,unauthorized dumping reported,rainwater drain is not flowing,Tambaram,2.17,16.5,HIGH,HIGH,6,0.929,CONTRIBUTES_TO,0.753,1
POS_0543,Illegal Dumping,Waterlogging,Waste,Flooding,garbage dumped beside road,road is flooded,T Nagar,1.77,41.6,LOW,LOW,10,0.511,CONTRIBUTES_TO,0.552,1
NEG_0605,Emergency Response Delay,Poor Road Visibility,Emergency,Safety,emergency movement is delayed,dark road section,Porur,1.94,12.5,CRITICAL,LOW,6,0.443,NO_DEPENDENCY,0.373,0
POS_1256,Road Blockage,Traffic Congestion,Road,Traffic,vehicle movement is obstructed,traffic flow is disrupted,T Nagar,3.96,45.4,LOW,CRITICAL,13,0.515,CAUSES,0.592,1
NEG_0267,Safety Risk,Waterlogging,Safety,Flooding,area has become unsafe,standing rainwater on the street,Sholinganallur,6.52,57.8,CRITICAL,HIGH,0,0.313,NO_DEPENDENCY,0.198,0
NEG_0266,Poor Road Visibility,Waterlogging,Safety,Flooding,drivers cannot see clearly,water has accumulated on the road,T Nagar,6.03,6.1,LOW,MEDIUM,14,0.176,NO_DEPENDENCY,0.277,0
POS_1290,Poor Road Visibility,Safety Risk,Safety,Safety,visibility on road is poor,area has become unsafe,Adyar,3.73,23.7,CRITICAL,CRITICAL,19,0.772,CONTRIBUTES_TO,0.722,1
NEG_0922,Emergency Response Delay,Pothole / Road Damage,Emergency,Road,emergency access is difficult,multiple potholes reported,Anna Nagar,2.86,46.8,HIGH,CRITICAL,13,0.22,NO_DEPENDENCY,0.299,0
NEG_1028,Illegal Dumping,Poor Road Visibility,Waste,Safety,unauthorized dumping reported,low visibility reported,Thiruvanmiyur,2.99,45.4,MEDIUM,CRITICAL,13,0.204,NO_DEPENDENCY,0.294,0
POS_1344,Road Blockage,Traffic Congestion,Road,Traffic,road is partially blocked,severe congestion reported,Kodambakkam,0.24,20.0,CRITICAL,MEDIUM,8,0.916,CAUSES,0.863,1
NEG_0026,Traffic Congestion,Waterlogging,Traffic,Flooding,traffic is moving slowly,heavy waterlogging reported,T Nagar,7.8,74.2,MEDIUM,MEDIUM,3,0.157,NO_DEPENDENCY,0.133,0
NEG_1395,Illegal Dumping,Water Leakage,Waste,Water,garbage dumped beside road,water pipe is leaking,Pallavaram,3.07,4.6,CRITICAL,CRITICAL,8,0.232,NO_DEPENDENCY,0.31,0
NEG_1187,Emergency Response Delay,Air Pollution,Emergency,Environment,emergency vehicles cannot move quickly,air quality is affected,Mylapore,6.11,89.7,MEDIUM,CRITICAL,11,0.029,NO_DEPENDENCY,0.147,0
NEG_0695,Safety Risk,Blocked Drain,Safety,Drainage,residents feel unsafe,drain is clogged,Anna Nagar,6.22,93.2,CRITICAL,LOW,15,0.447,NO_DEPENDENCY,0.288,0
NEG_0921,Stagnant Water,Road Blockage,Public Health,Road,standing water is not clearing,road is partially blocked,Adyar,1.66,88.2,CRITICAL,HIGH,0,0.279,NO_DEPENDENCY,0.235,0
NEG_0178,Public Health Risk,Sewer Overflow,Health,Drainage,disease risk is increasing,dirty wastewater is spreading,Thiruvanmiyur,5.74,28.8,LOW,HIGH,3,0.127,NO_DEPENDENCY,0.193,0
POS_1287,Waterlogging,Road Blockage,Flooding,Road,road is flooded,traffic lane is obstructed,T Nagar,4.49,29.2,MEDIUM,CRITICAL,12,0.767,CAUSES,0.683,1
POS_0436,Street Light Failure,Poor Road Visibility,Lighting,Safety,streetlights are off,drivers cannot see clearly,Perambur,3.18,44.2,HIGH,HIGH,18,0.741,CAUSES,0.713,1
NEG_0228,Illegal Dumping,Poor Road Visibility,Waste,Safety,unauthorized dumping reported,dark road section,Mylapore,1.48,78.3,MEDIUM,LOW,3,0.053,NO_DEPENDENCY,0.193,0
POS_0238,Blocked Drain,Waterlogging,Drainage,Flooding,drain is clogged,road is flooded,Thiruvanmiyur,4.25,21.6,MEDIUM,LOW,4,0.854,CAUSES,0.725,1
NEG_0848,Pothole / Road Damage,Safety Risk,Road,Safety,road surface is badly damaged,residents feel unsafe,T Nagar,3.37,58.8,CRITICAL,MEDIUM,0,0.224,NO_DEPENDENCY,0.218,0
POS_0110,Waterlogging,Road Blockage,Flooding,Road,standing rainwater on the street,vehicle movement is obstructed,Adyar,4.42,17.9,LOW,CRITICAL,12,0.928,CAUSES,0.707,1
NEG_0775,Illegal Dumping,Garbage Accumulation,Waste,Waste,unauthorized dumping reported,uncollected garbage is present,Velachery,5.9,67.4,HIGH,MEDIUM,15,0.181,NO_DEPENDENCY,0.235,0
POS_0164,Road Blockage,Traffic Congestion,Road,Traffic,road is partially blocked,vehicles are queued,Kodambakkam,3.83,32.7,LOW,MEDIUM,5,0.682,CAUSES,0.627,1
POS_0289,Street Light Failure,Poor Road Visibility,Lighting,Safety,dark street due to light failure,drivers cannot see clearly,Nungambakkam,4.39,30.3,HIGH,LOW,17,0.713,CAUSES,0.694,1
POS_0253,Waterlogging,Road Blockage,Flooding,Road,water has accumulated on the road,road is partially blocked,Adyar,2.0,33.6,LOW,LOW,10,0.619,CAUSES,0.679,1
NEG_1084,Poor Road Visibility,Stagnant Water,Safety,Public Health,drivers cannot see clearly,standing water is not clearing,Porur,5.61,91.8,HIGH,LOW,1,0.366,NO_DEPENDENCY,0.204,0
NEG_0465,Road Blockage,Stagnant Water,Road,Public Health,road is partially blocked,stagnant water remains,Adyar,2.81,38.3,MEDIUM,HIGH,15,0.181,NO_DEPENDENCY,0.305,0
POS_1289,Waterlogging,Road Blockage,Flooding,Road,road is flooded,road is partially blocked,Adyar,0.11,34.4,CRITICAL,MEDIUM,19,0.707,CAUSES,0.84,1
POS_0745,Street Light Failure,Poor Road Visibility,Lighting,Safety,street light is not working,low visibility reported,Porur,0.32,18.2,LOW,LOW,12,0.782,CAUSES,0.764,1
POS_1207,Poor Road Visibility,Safety Risk,Safety,Safety,low visibility reported,residents feel unsafe,Sholinganallur,3.51,35.4,HIGH,MEDIUM,14,0.663,CONTRIBUTES_TO,0.652,1
NEG_0920,Poor Road Visibility,Garbage Accumulation,Safety,Waste,low visibility reported,garbage has accumulated,Kodambakkam,3.59,50.4,MEDIUM,CRITICAL,0,0.317,NO_DEPENDENCY,0.249,0
POS_1392,Stagnant Water,Public Health Risk,Public Health,Health,standing water is not clearing,sanitation may affect public health,Kodambakkam,0.62,45.9,CRITICAL,HIGH,11,0.516,CAUSES,0.737,1
NEG_0834,Sewer Overflow,Public Health Risk,Drainage,Health,sewer water is overflowing,possible health hazard,Adyar,7.85,54.6,MEDIUM,CRITICAL,0,0.325,NO_DEPENDENCY,0.184,0
POS_0991,Water Leakage,Stagnant Water,Water,Public Health,damaged water supply line,standing water is not clearing,Kodambakkam,4.38,9.7,CRITICAL,MEDIUM,2,0.792,CAUSES,0.714,1
POS_0840,Traffic Congestion,Emergency Response Delay,Traffic,Emergency,vehicles are queued,emergency vehicles cannot move quickly,Thiruvanmiyur,0.97,3.1,MEDIUM,CRITICAL,8,0.936,CAUSES,0.799,1
POS_1150,Pothole / Road Damage,Traffic Congestion,Road,Traffic,multiple potholes reported,severe congestion reported,Velachery,3.7,41.7,HIGH,CRITICAL,10,0.76,CONTRIBUTES_TO,0.664,1
POS_1222,Sewer Overflow,Stagnant Water,Drainage,Public Health,sewer line has overflowed,standing water is not clearing,Anna Nagar,1.36,35.8,HIGH,CRITICAL,5,0.818,CAUSES,0.765,1
NEG_0244,Traffic Congestion,Blocked Drain,Traffic,Drainage,traffic flow is disrupted,rainwater drain is not flowing,Adyar,1.64,18.5,CRITICAL,CRITICAL,2,0.021,NO_DEPENDENCY,0.226,0
NEG_0901,Illegal Dumping,Traffic Congestion,Waste,Traffic,unauthorized dumping reported,traffic flow is disrupted,T Nagar,7.88,68.1,HIGH,CRITICAL,11,0.217,NO_DEPENDENCY,0.195,0
POS_0462,Water Leakage,Stagnant Water,Water,Public Health,pipeline leak near street,stagnant water remains,Anna Nagar,1.06,4.8,HIGH,MEDIUM,14,0.613,CAUSES,0.773,1
POS_1310,Stagnant Water,Public Health Risk,Public Health,Health,standing water is not clearing,possible health hazard,Mylapore,0.29,36.3,LOW,CRITICAL,3,0.761,CAUSES,0.713,1
POS_1436,Illegal Dumping,Waterlogging,Waste,Flooding,unauthorized dumping reported,water has accumulated on the road,Tambaram,1.84,44.2,LOW,LOW,5,0.931,CONTRIBUTES_TO,0.618,1
POS_0158,Blocked Drain,Waterlogging,Drainage,Flooding,rainwater drain is not flowing,road is flooded,Ambattur,1.36,2.6,HIGH,HIGH,2,0.556,CAUSES,0.784,1
NEG_0412,Pothole / Road Damage,Garbage Accumulation,Road,Waste,road surface is badly damaged,large pile of waste reported,Tambaram,3.75,25.3,LOW,LOW,3,0.257,NO_DEPENDENCY,0.265,0
NEG_0860,Sewer Overflow,Garbage Accumulation,Drainage,Waste,sewer water is overflowing,garbage has accumulated,Anna Nagar,1.92,48.8,HIGH,MEDIUM,4,0.056,NO_DEPENDENCY,0.217,0
POS_0678,Traffic Congestion,Emergency Response Delay,Traffic,Emergency,traffic is moving slowly,emergency vehicles cannot move quickly,Tambaram,0.17,38.4,CRITICAL,CRITICAL,16,0.615,CAUSES,0.775,1
NEG_1349,Illegal Dumping,Safety Risk,Waste,Safety,unauthorized dumping reported,safety risk reported,Royapettah,3.72,29.7,LOW,LOW,8,0.05,NO_DEPENDENCY,0.224,0
NEG_0373,Road Blockage,Public Health Risk,Road,Health,vehicle movement is obstructed,sanitation may affect public health,T Nagar,2.26,95.4,LOW,MEDIUM,10,0.15,NO_DEPENDENCY,0.232,0
POS_0239,Water Leakage,Stagnant Water,Water,Public Health,damaged water supply line,stagnant water remains,Porur,2.52,19.9,LOW,HIGH,12,0.464,CAUSES,0.631,1
NEG_1418,Sewer Overflow,Emergency Response Delay,Drainage,Emergency,sewer water is overflowing,emergency access is difficult,Nungambakkam,2.42,72.4,HIGH,MEDIUM,10,0.204,NO_DEPENDENCY,0.265,0
POS_1092,Garbage Accumulation,Public Health Risk,Waste,Health,uncollected garbage is present,sanitation may affect public health,Ambattur,1.25,12.4,LOW,LOW,20,0.796,CAUSES,0.764,1
NEG_1371,Air Pollution,Sewer Overflow,Environment,Drainage,local air pollution observed,sewer line has overflowed,Thiruvanmiyur,1.98,19.6,MEDIUM,HIGH,2,0.097,NO_DEPENDENCY,0.243,0
POS_0101,Sewer Overflow,Stagnant Water,Drainage,Public Health,sewer line has overflowed,water is collecting,T Nagar,3.41,37.0,LOW,LOW,5,0.811,CAUSES,0.661,1
POS_0316,Garbage Accumulation,Public Health Risk,Waste,Health,uncollected garbage is present,possible health hazard,Tambaram,0.66,8.0,HIGH,MEDIUM,16,0.953,CAUSES,0.856,1
POS_1024,Blocked Drain,Waterlogging,Drainage,Flooding,blocked drainage outlet,water has accumulated on the road,Velachery,4.03,9.4,CRITICAL,HIGH,17,0.465,CAUSES,0.752,1
NEG_1247,Water Leakage,Garbage Accumulation,Water,Waste,pipeline leak near street,uncollected garbage is present,Nungambakkam,1.83,57.7,LOW,LOW,14,0.318,NO_DEPENDENCY,0.34,0
POS_0768,Stagnant Water,Public Health Risk,Public Health,Health,standing water is not clearing,health risk reported,Porur,1.17,32.8,HIGH,LOW,7,0.98,CAUSES,0.8,1
POS_1345,Illegal Dumping,Blocked Drain,Waste,Drainage,garbage dumped beside road,blocked drainage outlet,Kodambakkam,3.98,22.4,CRITICAL,HIGH,13,0.69,CONTRIBUTES_TO,0.694,1
POS_0262,Illegal Dumping,Blocked Drain,Waste,Drainage,waste is being dumped illegally,drain is clogged,Porur,3.1,20.2,MEDIUM,LOW,16,0.895,CONTRIBUTES_TO,0.717,1
POS_1452,Pothole / Road Damage,Traffic Congestion,Road,Traffic,road surface is badly damaged,vehicles are queued,Pallavaram,0.6,18.4,LOW,LOW,13,0.742,CONTRIBUTES_TO,0.727,1
NEG_1335,Safety Risk,Sewer Overflow,Safety,Drainage,safety risk reported,sewer water is overflowing,Porur,2.61,80.2,CRITICAL,HIGH,4,0.092,NO_DEPENDENCY,0.192,0
POS_0196,Blocked Drain,Waterlogging,Drainage,Flooding,blocked drainage outlet,standing rainwater on the street,Porur,4.34,47.0,CRITICAL,MEDIUM,16,0.534,CAUSES,0.703,1
NEG_0276,Stagnant Water,Waterlogging,Public Health,Flooding,stagnant water remains,water has accumulated on the road,Adyar,0.53,61.1,LOW,MEDIUM,0,0.153,NO_DEPENDENCY,0.237,0
NEG_1342,Road Blockage,Illegal Dumping,Road,Waste,road passage is blocked,unauthorized dumping reported,Nungambakkam,2.15,65.7,MEDIUM,MEDIUM,10,0.406,NO_DEPENDENCY,0.335,0
NEG_0236,Blocked Drain,Air Pollution,Drainage,Environment,rainwater drain is not flowing,polluted air reported,Porur,6.89,83.1,LOW,CRITICAL,3,0.359,NO_DEPENDENCY,0.2,0
POS_0180,Traffic Congestion,Emergency Response Delay,Traffic,Emergency,traffic is moving slowly,emergency movement is delayed,Kodambakkam,3.45,24.2,HIGH,CRITICAL,16,0.723,CAUSES,0.71,1
NEG_1423,Waterlogging,Poor Road Visibility,Flooding,Safety,standing rainwater on the street,drivers cannot see clearly,Mylapore,2.31,95.9,HIGH,LOW,9,0.427,NO_DEPENDENCY,0.309,0
POS_0341,Road Blockage,Traffic Congestion,Road,Traffic,traffic lane is obstructed,traffic is moving slowly,Tambaram,3.78,12.8,HIGH,LOW,3,0.89,CAUSES,0.742,1
POS_1100,Garbage Accumulation,Public Health Risk,Waste,Health,uncollected garbage is present,sanitation may affect public health,Perambur,0.25,44.7,LOW,MEDIUM,1,0.933,CAUSES,0.724,1
NEG_0044,Poor Road Visibility,Water Leakage,Safety,Water,dark road section,continuous water leakage,Kodambakkam,2.86,47.2,CRITICAL,HIGH,9,0.101,NO_DEPENDENCY,0.243,0
POS_0749,Garbage Accumulation,Public Health Risk,Waste,Health,waste has built up,disease risk is increasing,Pallavaram,3.06,19.6,HIGH,CRITICAL,13,0.746,CAUSES,0.731,1
NEG_1256,Traffic Congestion,Sewer Overflow,Traffic,Drainage,traffic flow is disrupted,dirty wastewater is spreading,Royapettah,5.1,59.1,HIGH,LOW,6,0.202,NO_DEPENDENCY,0.215,0
POS_0663,Pothole / Road Damage,Poor Road Visibility,Road,Safety,large pothole on the road,visibility on road is poor,Tambaram,4.12,18.7,CRITICAL,CRITICAL,13,0.617,CONTRIBUTES_TO,0.609,1
POS_0481,Garbage Accumulation,Public Health Risk,Waste,Health,large pile of waste reported,sanitation may affect public health,Sholinganallur,3.26,31.8,MEDIUM,CRITICAL,13,0.736,CAUSES,0.682,1
NEG_0639,Garbage Accumulation,Stagnant Water,Waste,Public Health,uncollected garbage is present,pool of water has remained,Pallavaram,7.23,26.9,CRITICAL,MEDIUM,10,0.136,NO_DEPENDENCY,0.21,0
POS_0872,Poor Road Visibility,Safety Risk,Safety,Safety,low visibility reported,area has become unsafe,Thiruvanmiyur,3.07,38.3,MEDIUM,LOW,20,0.725,CONTRIBUTES_TO,0.661,1
POS_1454,Sewer Overflow,Stagnant Water,Drainage,Public Health,sewage overflow reported,standing water is not clearing,Adyar,4.42,28.8,HIGH,LOW,13,0.702,CAUSES,0.695,1
NEG_1453,Emergency Response Delay,Pothole / Road Damage,Emergency,Road,emergency access is difficult,road surface is badly damaged,Porur,0.29,43.0,LOW,CRITICAL,12,0.397,NO_DEPENDENCY,0.389,0
POS_0550,Waterlogging,Road Blockage,Flooding,Road,heavy waterlogging reported,vehicle movement is obstructed,Ambattur,2.08,33.0,CRITICAL,MEDIUM,15,0.826,CAUSES,0.807,1
NEG_0521,Blocked Drain,Pothole / Road Damage,Drainage,Road,drain is clogged,multiple potholes reported,Mylapore,4.09,71.9,HIGH,CRITICAL,6,0.289,NO_DEPENDENCY,0.245,0
NEG_1209,Emergency Response Delay,Air Pollution,Emergency,Environment,emergency movement is delayed,air quality is affected,Sholinganallur,5.39,15.0,HIGH,HIGH,9,0.181,NO_DEPENDENCY,0.256,0
POS_0743,Street Light Failure,Poor Road Visibility,Lighting,Safety,street light is not working,dark road section,Sholinganallur,3.25,42.3,HIGH,MEDIUM,18,0.726,CAUSES,0.711,1
NEG_0916,Safety Risk,Water Leakage,Safety,Water,risk to pedestrians and vehicles,continuous water leakage,Pallavaram,4.13,94.0,HIGH,MEDIUM,3,0.061,NO_DEPENDENCY,0.143,0
NEG_1138,Public Health Risk,Traffic Congestion,Health,Traffic,sanitation may affect public health,vehicles are queued,Adyar,1.58,56.5,HIGH,CRITICAL,14,0.201,NO_DEPENDENCY,0.31,0
NEG_1067,Traffic Congestion,Safety Risk,Traffic,Safety,traffic flow is disrupted,risk to pedestrians and vehicles,Nungambakkam,3.23,60.9,MEDIUM,CRITICAL,4,0.172,NO_DEPENDENCY,0.222,0
NEG_0793,Illegal Dumping,Public Health Risk,Waste,Health,open dumping observed,sanitation may affect public health,Kodambakkam,6.31,36.7,MEDIUM,HIGH,11,0.127,NO_DEPENDENCY,0.218,0
NEG_0410,Waterlogging,Public Health Risk,Flooding,Health,heavy waterlogging reported,possible health hazard,Perambur,3.31,67.6,CRITICAL,MEDIUM,14,0.091,NO_DEPENDENCY,0.241,0
POS_0791,Sewer Overflow,Stagnant Water,Drainage,Public Health,sewer line has overflowed,pool of water has remained,Royapettah,4.09,37.8,CRITICAL,HIGH,16,0.631,CAUSES,0.709,1
NEG_0621,Street Light Failure,Public Health Risk,Lighting,Health,dark street due to light failure,disease risk is increasing,Pallavaram,5.67,85.4,MEDIUM,MEDIUM,4,0.072,NO_DEPENDENCY,0.135,0
POS_1447,Garbage Accumulation,Public Health Risk,Waste,Health,large pile of waste reported,sanitation may affect public health,Sholinganallur,2.42,29.8,HIGH,HIGH,9,0.483,CAUSES,0.67,1
POS_0248,Street Light Failure,Poor Road Visibility,Lighting,Safety,streetlights are off,drivers cannot see clearly,T Nagar,4.03,26.0,LOW,MEDIUM,3,0.788,CAUSES,0.639,1
POS_0830,Blocked Drain,Waterlogging,Drainage,Flooding,stormwater drain is blocked,heavy waterlogging reported,Tambaram,1.93,47.5,LOW,MEDIUM,7,0.629,CAUSES,0.684,1
POS_1125,Pothole / Road Damage,Poor Road Visibility,Road,Safety,damaged road section,visibility on road is poor,Tambaram,4.04,36.8,HIGH,MEDIUM,15,0.672,CONTRIBUTES_TO,0.577,1
NEG_1221,Safety Risk,Waterlogging,Safety,Flooding,risk to pedestrians and vehicles,road is flooded,Adyar,2.54,5.9,LOW,MEDIUM,3,0.425,NO_DEPENDENCY,0.349,0
POS_0627,Road Blockage,Traffic Congestion,Road,Traffic,road is partially blocked,severe congestion reported,Thiruvanmiyur,0.07,35.6,HIGH,CRITICAL,11,0.967,CAUSES,0.839,1
POS_0348,Street Light Failure,Poor Road Visibility,Lighting,Safety,dark street due to light failure,dark road section,Porur,0.21,34.1,HIGH,MEDIUM,7,0.753,CAUSES,0.776,1
POS_0279,Poor Road Visibility,Safety Risk,Safety,Safety,drivers cannot see clearly,residents feel unsafe,Velachery,0.6,35.2,HIGH,MEDIUM,14,0.636,CONTRIBUTES_TO,0.719,1
NEG_0284,Traffic Congestion,Air Pollution,Traffic,Environment,severe congestion reported,local air pollution observed,Sholinganallur,7.93,33.7,HIGH,HIGH,5,0.285,NO_DEPENDENCY,0.213,0
NEG_0781,Road Blockage,Pothole / Road Damage,Road,Road,road passage is blocked,road surface is badly damaged,Perambur,7.55,18.8,CRITICAL,LOW,0,0.34,NO_DEPENDENCY,0.223,0
POS_0656,Garbage Accumulation,Air Pollution,Waste,Environment,waste has built up,air quality is affected,Kodambakkam,0.36,40.5,MEDIUM,LOW,12,0.702,CONTRIBUTES_TO,0.685,1
POS_1214,Traffic Congestion,Emergency Response Delay,Traffic,Emergency,traffic flow is disrupted,emergency movement is delayed,Sholinganallur,2.62,22.3,MEDIUM,MEDIUM,15,0.812,CAUSES,0.723,1
POS_0839,Sewer Overflow,Stagnant Water,Drainage,Public Health,sewage overflow reported,pool of water has remained,Sholinganallur,3.55,2.4,HIGH,LOW,14,0.87,CAUSES,0.79,1
NEG_1125,Water Leakage,Waterlogging,Water,Flooding,pipeline leak near street,water has accumulated on the road,Pallavaram,4.79,9.8,LOW,CRITICAL,7,0.036,NO_DEPENDENCY,0.216,0
NEG_1089,Garbage Accumulation,Illegal Dumping,Waste,Waste,garbage has accumulated,unauthorized dumping reported,Kodambakkam,2.12,3.8,HIGH,MEDIUM,10,0.234,NO_DEPENDENCY,0.335,0
NEG_0851,Road Blockage,Water Leakage,Road,Water,traffic lane is obstructed,continuous water leakage,Tambaram,0.68,7.5,CRITICAL,LOW,10,0.029,NO_DEPENDENCY,0.292,0
NEG_0210,Street Light Failure,Pothole / Road Damage,Lighting,Road,dark street due to light failure,road surface is badly damaged,Ambattur,6.28,67.8,HIGH,HIGH,11,0.411,NO_DEPENDENCY,0.278,0
NEG_0524,Safety Risk,Air Pollution,Safety,Environment,risk to pedestrians and vehicles,air quality is affected,Tambaram,7.98,82.1,HIGH,CRITICAL,8,0.21,NO_DEPENDENCY,0.165,0
POS_0977,Road Blockage,Traffic Congestion,Road,Traffic,road is partially blocked,severe congestion reported,T Nagar,0.36,19.7,CRITICAL,MEDIUM,15,0.608,CAUSES,0.817,1
POS_0446,Water Leakage,Stagnant Water,Water,Public Health,pipeline leak near street,stagnant water remains,Anna Nagar,1.6,41.4,LOW,CRITICAL,15,0.861,CAUSES,0.711,1
POS_0618,Illegal Dumping,Waterlogging,Waste,Flooding,waste is being dumped illegally,water has accumulated on the road,Kodambakkam,2.81,38.5,MEDIUM,CRITICAL,3,0.951,CONTRIBUTES_TO,0.626,1
POS_1475,Illegal Dumping,Waterlogging,Waste,Flooding,garbage dumped beside road,road is flooded,Ambattur,2.4,23.8,CRITICAL,CRITICAL,18,0.85,CONTRIBUTES_TO,0.724,1
NEG_0279,Blocked Drain,Safety Risk,Drainage,Safety,stormwater drain is blocked,safety risk reported,Royapettah,0.85,14.7,HIGH,LOW,10,0.208,NO_DEPENDENCY,0.337,0
NEG_1018,Illegal Dumping,Water Leakage,Waste,Water,garbage dumped beside road,water pipe is leaking,Ambattur,7.12,66.2,HIGH,CRITICAL,6,0.108,NO_DEPENDENCY,0.15,0
POS_1245,Illegal Dumping,Waterlogging,Waste,Flooding,unauthorized dumping reported,water has accumulated on the road,Sholinganallur,1.14,27.7,HIGH,LOW,9,0.854,CONTRIBUTES_TO,0.703,1
NEG_1496,Blocked Drain,Street Light Failure,Drainage,Lighting,stormwater drain is blocked,street light is not working,Kodambakkam,1.68,58.1,CRITICAL,CRITICAL,12,0.075,NO_DEPENDENCY,0.259,0
NEG_1053,Garbage Accumulation,Emergency Response Delay,Waste,Emergency,garbage has accumulated,response time is increasing,Nungambakkam,0.91,10.2,MEDIUM,MEDIUM,2,0.331,NO_DEPENDENCY,0.337,0
POS_0548,Pothole / Road Damage,Poor Road Visibility,Road,Safety,damaged road section,dark road section,Porur,3.06,5.5,CRITICAL,MEDIUM,14,0.479,CONTRIBUTES_TO,0.629,1
NEG_0711,Waterlogging,Water Leakage,Flooding,Water,heavy waterlogging reported,damaged water supply line,Royapettah,5.97,85.5,HIGH,MEDIUM,0,0.37,NO_DEPENDENCY,0.2,0
NEG_0124,Water Leakage,Safety Risk,Water,Safety,pipeline leak near street,risk to pedestrians and vehicles,Thiruvanmiyur,4.92,81.5,LOW,HIGH,2,0.282,NO_DEPENDENCY,0.203,0
POS_0264,Water Leakage,Stagnant Water,Water,Public Health,water pipe is leaking,standing water is not clearing,Porur,3.71,2.5,MEDIUM,CRITICAL,18,0.831,CAUSES,0.739,1
POS_1398,Blocked Drain,Waterlogging,Drainage,Flooding,rainwater drain is not flowing,road is flooded,Anna Nagar,0.24,36.5,HIGH,HIGH,5,0.953,CAUSES,0.851,1
NEG_0854,Safety Risk,Air Pollution,Safety,Environment,residents feel unsafe,dust and pollution are increasing,Thiruvanmiyur,6.3,74.2,HIGH,CRITICAL,12,0.142,NO_DEPENDENCY,0.196,0
NEG_0316,Sewer Overflow,Illegal Dumping,Drainage,Waste,sewer water is overflowing,garbage dumped beside road,Pallavaram,2.04,25.1,MEDIUM,LOW,1,0.428,NO_DEPENDENCY,0.332,0
POS_0354,Pothole / Road Damage,Traffic Congestion,Road,Traffic,road surface is badly damaged,traffic flow is disrupted,Royapettah,0.98,37.2,CRITICAL,LOW,6,0.755,CONTRIBUTES_TO,0.752,1
POS_1076,Blocked Drain,Waterlogging,Drainage,Flooding,stormwater drain is blocked,water has accumulated on the road,Anna Nagar,2.26,11.2,HIGH,MEDIUM,16,0.636,CAUSES,0.8,1
POS_0209,Pothole / Road Damage,Poor Road Visibility,Road,Safety,damaged road section,low visibility reported,Kodambakkam,2.15,14.1,CRITICAL,HIGH,5,0.545,CONTRIBUTES_TO,0.63,1
POS_0614,Illegal Dumping,Blocked Drain,Waste,Drainage,garbage dumped beside road,stormwater drain is blocked,Nungambakkam,3.4,33.7,MEDIUM,LOW,19,0.775,CONTRIBUTES_TO,0.675,1
NEG_0591,Traffic Congestion,Water Leakage,Traffic,Water,traffic flow is disrupted,damaged water supply line,Kodambakkam,1.61,89.2,CRITICAL,LOW,15,0.023,NO_DEPENDENCY,0.233,0
NEG_0600,Air Pollution,Poor Road Visibility,Environment,Safety,dust and pollution are increasing,drivers cannot see clearly,Nungambakkam,2.42,5.7,LOW,LOW,2,0.328,NO_DEPENDENCY,0.317,0
POS_1499,Waterlogging,Road Blockage,Flooding,Road,water has accumulated on the road,traffic lane is obstructed,Ambattur,1.24,14.3,HIGH,MEDIUM,3,0.894,CAUSES,0.812,1
POS_1136,Pothole / Road Damage,Traffic Congestion,Road,Traffic,multiple potholes reported,traffic flow is disrupted,Velachery,2.09,5.2,CRITICAL,CRITICAL,19,0.964,CONTRIBUTES_TO,0.843,1
NEG_1381,Pothole / Road Damage,Waterlogging,Road,Flooding,large pothole on the road,heavy waterlogging reported,T Nagar,2.54,87.3,HIGH,MEDIUM,9,0.231,NO_DEPENDENCY,0.253,0
NEG_0579,Sewer Overflow,Safety Risk,Drainage,Safety,sewer line has overflowed,residents feel unsafe,Sholinganallur,5.29,33.2,LOW,MEDIUM,1,0.387,NO_DEPENDENCY,0.264,0
POS_0058,Blocked Drain,Waterlogging,Drainage,Flooding,stormwater drain is blocked,heavy waterlogging reported,Perambur,3.38,3.0,LOW,LOW,8,0.955,CAUSES,0.777,1
NEG_0984,Safety Risk,Illegal Dumping,Safety,Waste,risk to pedestrians and vehicles,waste is being dumped illegally,Sholinganallur,4.98,76.3,CRITICAL,HIGH,8,0.333,NO_DEPENDENCY,0.252,0
POS_0812,Sewer Overflow,Stagnant Water,Drainage,Public Health,sewer water is overflowing,standing water is not clearing,Guindy,3.4,36.7,HIGH,LOW,10,0.816,CAUSES,0.725,1
NEG_0696,Traffic Congestion,Water Leakage,Traffic,Water,severe congestion reported,continuous water leakage,Pallavaram,1.65,4.4,MEDIUM,MEDIUM,15,0.175,NO_DEPENDENCY,0.349,0
POS_0562,Garbage Accumulation,Air Pollution,Waste,Environment,garbage has accumulated,air quality is affected,Guindy,1.91,14.2,MEDIUM,LOW,5,0.913,CONTRIBUTES_TO,0.708,1
NEG_1444,Public Health Risk,Air Pollution,Health,Environment,possible health hazard,local air pollution observed,Perambur,1.29,75.9,CRITICAL,MEDIUM,7,0.388,NO_DEPENDENCY,0.319,0
POS_0230,Stagnant Water,Public Health Risk,Public Health,Health,water is collecting,disease risk is increasing,Kodambakkam,1.13,33.6,LOW,LOW,3,0.609,CAUSES,0.665,1
NEG_1010,Water Leakage,Road Blockage,Water,Road,water pipe is leaking,traffic lane is obstructed,Ambattur,2.42,70.4,HIGH,HIGH,4,0.096,NO_DEPENDENCY,0.204,0
NEG_0222,Poor Road Visibility,Road Blockage,Safety,Road,drivers cannot see clearly,traffic lane is obstructed,Sholinganallur,2.09,75.5,CRITICAL,MEDIUM,12,0.131,NO_DEPENDENCY,0.255,0
NEG_0680,Waterlogging,Pothole / Road Damage,Flooding,Road,road is flooded,large pothole on the road,Nungambakkam,7.44,6.9,CRITICAL,MEDIUM,12,0.122,NO_DEPENDENCY,0.229,0
POS_1451,Garbage Accumulation,Public Health Risk,Waste,Health,large pile of waste reported,sanitation may affect public health,Velachery,1.14,23.5,CRITICAL,HIGH,19,0.593,CAUSES,0.783,1
POS_1235,Road Blockage,Traffic Congestion,Road,Traffic,vehicle movement is obstructed,severe congestion reported,Adyar,0.85,36.6,CRITICAL,HIGH,4,0.807,CAUSES,0.793,1
POS_1072,Water Leakage,Stagnant Water,Water,Public Health,water pipe is leaking,stagnant water remains,Pallavaram,2.61,41.0,HIGH,CRITICAL,17,0.944,CAUSES,0.758,1
NEG_1350,Blocked Drain,Sewer Overflow,Drainage,Drainage,drain is clogged,sewer line has overflowed,Kodambakkam,2.76,58.6,HIGH,LOW,14,0.098,NO_DEPENDENCY,0.259,0
POS_1038,Pothole / Road Damage,Poor Road Visibility,Road,Safety,large pothole on the road,dark road section,Adyar,1.52,28.5,HIGH,MEDIUM,9,0.951,CONTRIBUTES_TO,0.692,1
POS_0890,Traffic Congestion,Emergency Response Delay,Traffic,Emergency,vehicles are queued,emergency vehicles cannot move quickly,Royapettah,0.68,41.2,MEDIUM,HIGH,5,0.564,CAUSES,0.671,1
POS_1054,Garbage Accumulation,Air Pollution,Waste,Environment,large pile of waste reported,dust and pollution are increasing,Ambattur,2.3,19.1,CRITICAL,CRITICAL,10,0.941,CONTRIBUTES_TO,0.759,1
POS_0708,Traffic Congestion,Emergency Response Delay,Traffic,Emergency,traffic flow is disrupted,response time is increasing,Adyar,3.47,32.7,HIGH,LOW,1,0.92,CAUSES,0.699,1
POS_0425,Poor Road Visibility,Safety Risk,Safety,Safety,drivers cannot see clearly,residents feel unsafe,Pallavaram,3.47,17.1,LOW,CRITICAL,19,0.876,CONTRIBUTES_TO,0.683,1
POS_0070,Garbage Accumulation,Air Pollution,Waste,Environment,garbage has accumulated,air quality is affected,Porur,0.91,11.3,MEDIUM,HIGH,1,0.545,CONTRIBUTES_TO,0.653,1
NEG_0750,Waterlogging,Pothole / Road Damage,Flooding,Road,standing rainwater on the street,large pothole on the road,Porur,1.19,10.8,HIGH,HIGH,7,0.226,NO_DEPENDENCY,0.326,0
NEG_1036,Waterlogging,Sewer Overflow,Flooding,Drainage,water has accumulated on the road,dirty wastewater is spreading,Sholinganallur,2.12,30.9,CRITICAL,LOW,11,0.446,NO_DEPENDENCY,0.381,0
NEG_1340,Pothole / Road Damage,Emergency Response Delay,Road,Emergency,damaged road section,emergency vehicles cannot move quickly,Tambaram,5.93,65.3,HIGH,LOW,8,0.211,NO_DEPENDENCY,0.21,0
NEG_0907,Street Light Failure,Illegal Dumping,Lighting,Waste,streetlights are off,waste is being dumped illegally,T Nagar,2.8,82.7,CRITICAL,MEDIUM,5,0.275,NO_DEPENDENCY,0.247,0
NEG_1464,Blocked Drain,Emergency Response Delay,Drainage,Emergency,blocked drainage outlet,response time is increasing,Pallavaram,2.93,48.1,CRITICAL,CRITICAL,8,0.126,NO_DEPENDENCY,0.244,0
NEG_1082,Garbage Accumulation,Poor Road Visibility,Waste,Safety,uncollected garbage is present,drivers cannot see clearly,Guindy,0.49,73.3,MEDIUM,MEDIUM,15,0.161,NO_DEPENDENCY,0.305,0
NEG_0593,Water Leakage,Garbage Accumulation,Water,Waste,pipeline leak near street,waste has built up,Pallavaram,2.34,85.0,MEDIUM,MEDIUM,11,0.163,NO_DEPENDENCY,0.248,0
POS_0941,Pothole / Road Damage,Poor Road Visibility,Road,Safety,damaged road section,visibility on road is poor,Pallavaram,1.05,11.3,HIGH,MEDIUM,12,0.654,CONTRIBUTES_TO,0.676,1
POS_0621,Street Light Failure,Poor Road Visibility,Lighting,Safety,streetlights are off,dark road section,Pallavaram,2.92,14.3,HIGH,CRITICAL,8,0.483,CAUSES,0.685,1
NEG_1020,Emergency Response Delay,Poor Road Visibility,Emergency,Safety,emergency vehicles cannot move quickly,dark road section,Thiruvanmiyur,5.75,86.7,LOW,CRITICAL,13,0.408,NO_DEPENDENCY,0.279,0
POS_1197,Illegal Dumping,Blocked Drain,Waste,Drainage,unauthorized dumping reported,blocked drainage outlet,Porur,0.15,45.6,CRITICAL,LOW,3,0.586,CONTRIBUTES_TO,0.712,1
NEG_0568,Waterlogging,Garbage Accumulation,Flooding,Waste,road is flooded,large pile of waste reported,Thiruvanmiyur,4.46,83.6,MEDIUM,LOW,0,0.214,NO_DEPENDENCY,0.178,0
POS_1033,Illegal Dumping,Waterlogging,Waste,Flooding,unauthorized dumping reported,water has accumulated on the road,Adyar,0.54,39.4,MEDIUM,MEDIUM,10,0.751,CONTRIBUTES_TO,0.659,1
NEG_0006,Stagnant Water,Safety Risk,Public Health,Safety,stagnant water remains,risk to pedestrians and vehicles,Sholinganallur,6.06,83.6,HIGH,CRITICAL,5,0.099,NO_DEPENDENCY,0.144,0
NEG_0077,Illegal Dumping,Pothole / Road Damage,Waste,Road,garbage dumped beside road,large pothole on the road,Porur,5.86,14.6,HIGH,LOW,1,0.282,NO_DEPENDENCY,0.24,0
NEG_0631,Road Blockage,Public Health Risk,Road,Health,road is partially blocked,possible health hazard,Adyar,5.85,12.5,CRITICAL,CRITICAL,0,0.223,NO_DEPENDENCY,0.219,0
NEG_0545,Garbage Accumulation,Traffic Congestion,Waste,Traffic,large pile of waste reported,traffic is moving slowly,Mylapore,3.04,94.0,MEDIUM,HIGH,8,0.431,NO_DEPENDENCY,0.295,0
POS_1396,Poor Road Visibility,Safety Risk,Safety,Safety,visibility on road is poor,safety risk reported,Thiruvanmiyur,0.36,19.5,CRITICAL,MEDIUM,14,0.483,CONTRIBUTES_TO,0.742,1
POS_0280,Traffic Congestion,Emergency Response Delay,Traffic,Emergency,severe congestion reported,emergency access is difficult,Porur,2.51,29.0,HIGH,MEDIUM,1,0.772,CAUSES,0.699,1
POS_1466,Waterlogging,Road Blockage,Flooding,Road,heavy waterlogging reported,vehicle movement is obstructed,Perambur,2.0,17.0,CRITICAL,MEDIUM,9,0.593,CAUSES,0.769,1
NEG_0004,Water Leakage,Safety Risk,Water,Safety,continuous water leakage,residents feel unsafe,Velachery,5.73,86.2,MEDIUM,CRITICAL,11,0.302,NO_DEPENDENCY,0.238,0
NEG_0783,Emergency Response Delay,Blocked Drain,Emergency,Drainage,emergency vehicles cannot move quickly,stormwater drain is blocked,Adyar,3.35,47.2,HIGH,HIGH,2,0.064,NO_DEPENDENCY,0.19,0
NEG_1339,Water Leakage,Air Pollution,Water,Environment,continuous water leakage,local air pollution observed,Kodambakkam,5.84,50.5,LOW,LOW,8,0.054,NO_DEPENDENCY,0.177,0
NEG_1224,Water Leakage,Sewer Overflow,Water,Drainage,water pipe is leaking,sewage overflow reported,Ambattur,3.99,54.7,HIGH,LOW,6,0.308,NO_DEPENDENCY,0.267,0
POS_0554,Illegal Dumping,Waterlogging,Waste,Flooding,garbage dumped beside road,heavy waterlogging reported,Tambaram,1.76,16.7,CRITICAL,CRITICAL,19,0.881,CONTRIBUTES_TO,0.759,1
POS_0835,Sewer Overflow,Stagnant Water,Drainage,Public Health,sewer water is overflowing,pool of water has remained,Anna Nagar,4.16,37.1,HIGH,CRITICAL,6,0.52,CAUSES,0.636,1
POS_0963,Street Light Failure,Poor Road Visibility,Lighting,Safety,street light is not working,low visibility reported,Pallavaram,3.05,16.2,LOW,MEDIUM,17,0.925,CAUSES,0.74,1
POS_0597,Waterlogging,Road Blockage,Flooding,Road,water has accumulated on the road,road passage is blocked,Anna Nagar,3.57,30.5,LOW,CRITICAL,6,0.649,CAUSES,0.64,1
NEG_0952,Pothole / Road Damage,Street Light Failure,Road,Lighting,large pothole on the road,streetlights are off,Guindy,1.88,75.5,HIGH,HIGH,1,0.376,NO_DEPENDENCY,0.277,0
POS_0803,Pothole / Road Damage,Traffic Congestion,Road,Traffic,large pothole on the road,traffic flow is disrupted,Sholinganallur,2.5,6.9,HIGH,MEDIUM,15,0.495,CONTRIBUTES_TO,0.701,1
NEG_0637,Blocked Drain,Garbage Accumulation,Drainage,Waste,rainwater drain is not flowing,waste has built up,Kodambakkam,7.51,66.4,LOW,MEDIUM,12,0.329,NO_DEPENDENCY,0.241,0
NEG_1486,Traffic Congestion,Street Light Failure,Traffic,Lighting,traffic is moving slowly,dark street due to light failure,T Nagar,2.42,64.3,LOW,CRITICAL,3,0.278,NO_DEPENDENCY,0.259,0
NEG_1220,Pothole / Road Damage,Street Light Failure,Road,Lighting,road surface is badly damaged,dark street due to light failure,Mylapore,7.82,67.2,MEDIUM,LOW,12,0.084,NO_DEPENDENCY,0.162,0
POS_0441,Traffic Congestion,Emergency Response Delay,Traffic,Emergency,traffic flow is disrupted,response time is increasing,Nungambakkam,1.33,19.4,LOW,MEDIUM,11,0.847,CAUSES,0.732,1
POS_0509,Road Blockage,Traffic Congestion,Road,Traffic,vehicle movement is obstructed,severe congestion reported,Royapettah,1.57,19.2,MEDIUM,CRITICAL,13,0.523,CAUSES,0.715,1
POS_0077,Street Light Failure,Poor Road Visibility,Lighting,Safety,dark street due to light failure,visibility on road is poor,Mylapore,1.31,41.3,HIGH,MEDIUM,8,0.488,CAUSES,0.688,1
NEG_0982,Waterlogging,Safety Risk,Flooding,Safety,road is flooded,safety risk reported,Guindy,2.26,37.4,LOW,LOW,4,0.423,NO_DEPENDENCY,0.332,0
POS_0650,Road Blockage,Traffic Congestion,Road,Traffic,vehicle movement is obstructed,traffic is moving slowly,Adyar,3.81,45.2,HIGH,MEDIUM,12,0.953,CAUSES,0.732,1
POS_0523,Blocked Drain,Waterlogging,Drainage,Flooding,drain is clogged,water has accumulated on the road,Royapettah,3.47,43.8,MEDIUM,MEDIUM,5,0.75,CAUSES,0.695,1
POS_1488,Poor Road Visibility,Safety Risk,Safety,Safety,low visibility reported,residents feel unsafe,Nungambakkam,0.34,22.7,LOW,LOW,16,0.97,CONTRIBUTES_TO,0.765,1
NEG_0709,Garbage Accumulation,Street Light Failure,Waste,Lighting,garbage has accumulated,streetlights are off,Thiruvanmiyur,4.17,94.3,HIGH,CRITICAL,12,0.293,NO_DEPENDENCY,0.257,0
POS_1495,Stagnant Water,Public Health Risk,Public Health,Health,standing water is not clearing,sanitation may affect public health,Kodambakkam,1.0,20.9,MEDIUM,HIGH,8,0.575,CAUSES,0.717,1
POS_0655,Illegal Dumping,Waterlogging,Waste,Flooding,garbage dumped beside road,road is flooded,Perambur,2.72,15.3,MEDIUM,CRITICAL,15,0.967,CONTRIBUTES_TO,0.694,1
NEG_1317,Stagnant Water,Traffic Congestion,Public Health,Traffic,standing water is not clearing,severe congestion reported,Mylapore,0.39,10.0,LOW,LOW,13,0.095,NO_DEPENDENCY,0.329,0
NEG_0039,Water Leakage,Road Blockage,Water,Road,pipeline leak near street,road is partially blocked,Mylapore,2.41,18.6,LOW,CRITICAL,15,0.351,NO_DEPENDENCY,0.379,0
POS_1424,Garbage Accumulation,Public Health Risk,Waste,Health,large pile of waste reported,sanitation may affect public health,Royapettah,2.99,1.0,CRITICAL,HIGH,11,0.767,CAUSES,0.783,1
NEG_0152,Safety Risk,Road Blockage,Safety,Road,residents feel unsafe,traffic lane is obstructed,Guindy,6.34,86.6,HIGH,HIGH,10,0.226,NO_DEPENDENCY,0.201,0
POS_0631,Pothole / Road Damage,Poor Road Visibility,Road,Safety,multiple potholes reported,visibility on road is poor,Porur,3.02,19.4,HIGH,CRITICAL,14,0.829,CONTRIBUTES_TO,0.655,1
NEG_1042,Waterlogging,Pothole / Road Damage,Flooding,Road,road is flooded,multiple potholes reported,Thiruvanmiyur,0.72,84.3,LOW,HIGH,12,0.249,NO_DEPENDENCY,0.304,0
NEG_0008,Sewer Overflow,Air Pollution,Drainage,Environment,sewage overflow reported,dust and pollution are increasing,Sholinganallur,2.88,59.8,CRITICAL,MEDIUM,3,0.165,NO_DEPENDENCY,0.221,0
NEG_1442,Emergency Response Delay,Pothole / Road Damage,Emergency,Road,emergency vehicles cannot move quickly,damaged road section,Royapettah,5.72,20.8,LOW,HIGH,0,0.347,NO_DEPENDENCY,0.251,0
POS_0483,Waterlogging,Road Blockage,Flooding,Road,water has accumulated on the road,road is partially blocked,Mylapore,2.21,5.2,CRITICAL,HIGH,13,0.753,CAUSES,0.823,1
NEG_0428,Blocked Drain,Safety Risk,Drainage,Safety,blocked drainage outlet,risk to pedestrians and vehicles,Thiruvanmiyur,7.75,35.6,MEDIUM,CRITICAL,8,0.146,NO_DEPENDENCY,0.188,0
POS_1114,Pothole / Road Damage,Traffic Congestion,Road,Traffic,multiple potholes reported,traffic is moving slowly,Mylapore,0.79,14.2,MEDIUM,HIGH,8,0.708,CONTRIBUTES_TO,0.734,1
NEG_1064,Blocked Drain,Sewer Overflow,Drainage,Drainage,stormwater drain is blocked,sewer line has overflowed,Anna Nagar,7.45,87.9,LOW,CRITICAL,12,0.428,NO_DEPENDENCY,0.253,0
POS_1089,Garbage Accumulation,Air Pollution,Waste,Environment,uncollected garbage is present,polluted air reported,Royapettah,1.95,35.1,LOW,CRITICAL,2,0.84,CONTRIBUTES_TO,0.631,1
POS_0439,Poor Road Visibility,Safety Risk,Safety,Safety,visibility on road is poor,residents feel unsafe,Velachery,1.56,37.3,LOW,CRITICAL,19,0.811,CONTRIBUTES_TO,0.69,1
NEG_0218,Emergency Response Delay,Waterlogging,Emergency,Flooding,emergency movement is delayed,water has accumulated on the road,Anna Nagar,4.21,26.4,CRITICAL,CRITICAL,1,0.18,NO_DEPENDENCY,0.224,0
NEG_0944,Street Light Failure,Safety Risk,Lighting,Safety,roadside light has failed,safety risk reported,Nungambakkam,1.63,64.8,HIGH,CRITICAL,1,0.068,NO_DEPENDENCY,0.197,0
POS_0857,Street Light Failure,Poor Road Visibility,Lighting,Safety,roadside light has failed,visibility on road is poor,Porur,0.86,36.6,CRITICAL,LOW,14,0.587,CAUSES,0.766,1
NEG_0484,Poor Road Visibility,Waterlogging,Safety,Flooding,low visibility reported,water has accumulated on the road,Kodambakkam,1.04,79.9,HIGH,CRITICAL,6,0.042,NO_DEPENDENCY,0.21,0
POS_0167,Poor Road Visibility,Safety Risk,Safety,Safety,visibility on road is poor,safety risk reported,Velachery,1.21,21.7,CRITICAL,MEDIUM,10,0.978,CONTRIBUTES_TO,0.806,1
POS_0060,Stagnant Water,Public Health Risk,Public Health,Health,stagnant water remains,sanitation may affect public health,Kodambakkam,2.75,36.0,HIGH,LOW,6,0.511,CAUSES,0.659,1
POS_0612,Blocked Drain,Waterlogging,Drainage,Flooding,rainwater drain is not flowing,heavy waterlogging reported,Kodambakkam,2.19,15.0,LOW,CRITICAL,19,0.823,CAUSES,0.792,1
POS_0531,Illegal Dumping,Waterlogging,Waste,Flooding,garbage dumped beside road,standing rainwater on the street,Guindy,3.27,29.2,CRITICAL,HIGH,10,0.868,CONTRIBUTES_TO,0.678,1
NEG_1288,Water Leakage,Street Light Failure,Water,Lighting,water pipe is leaking,dark street due to light failure,Anna Nagar,2.78,40.7,HIGH,LOW,8,0.081,NO_DEPENDENCY,0.239,0
POS_0050,Street Light Failure,Poor Road Visibility,Lighting,Safety,streetlights are off,low visibility reported,Velachery,3.88,21.9,CRITICAL,MEDIUM,9,0.848,CAUSES,0.751,1
NEG_0384,Pothole / Road Damage,Road Blockage,Road,Road,multiple potholes reported,road is partially blocked,Guindy,2.67,5.8,CRITICAL,CRITICAL,10,0.431,NO_DEPENDENCY,0.384,0
POS_1012,Garbage Accumulation,Air Pollution,Waste,Environment,garbage has accumulated,air quality is affected,Pallavaram,4.35,2.3,LOW,HIGH,17,0.733,CONTRIBUTES_TO,0.632,1
POS_0859,Blocked Drain,Waterlogging,Drainage,Flooding,stormwater drain is blocked,road is flooded,Ambattur,1.23,45.9,LOW,MEDIUM,2,0.803,CAUSES,0.726,1
POS_1018,Road Blockage,Traffic Congestion,Road,Traffic,vehicle movement is obstructed,traffic flow is disrupted,Pallavaram,1.47,7.5,CRITICAL,LOW,14,0.76,CAUSES,0.834,1
POS_0049,Water Leakage,Stagnant Water,Water,Public Health,damaged water supply line,water is collecting,Tambaram,1.16,40.8,HIGH,CRITICAL,15,0.692,CAUSES,0.739,1
POS_0720,Road Blockage,Traffic Congestion,Road,Traffic,road passage is blocked,traffic flow is disrupted,Adyar,0.4,47.2,CRITICAL,LOW,4,0.587,CAUSES,0.746,1
NEG_0891,Poor Road Visibility,Garbage Accumulation,Safety,Waste,dark road section,large pile of waste reported,Tambaram,4.47,58.8,LOW,MEDIUM,6,0.109,NO_DEPENDENCY,0.197,0
NEG_1153,Emergency Response Delay,Pothole / Road Damage,Emergency,Road,emergency movement is delayed,road surface is badly damaged,T Nagar,2.8,4.8,CRITICAL,CRITICAL,13,0.26,NO_DEPENDENCY,0.347,0
NEG_0747,Water Leakage,Air Pollution,Water,Environment,damaged water supply line,local air pollution observed,Thiruvanmiyur,7.24,88.6,LOW,CRITICAL,10,0.124,NO_DEPENDENCY,0.155,0
POS_1160,Garbage Accumulation,Air Pollution,Waste,Environment,waste has built up,air quality is affected,T Nagar,3.25,22.9,CRITICAL,MEDIUM,15,0.772,CONTRIBUTES_TO,0.709,1
POS_0633,Road Blockage,Traffic Congestion,Road,Traffic,vehicle movement is obstructed,severe congestion reported,Porur,3.64,46.6,MEDIUM,LOW,14,0.675,CAUSES,0.658,1
POS_1339,Water Leakage,Stagnant Water,Water,Public Health,continuous water leakage,stagnant water remains,Mylapore,2.43,29.9,HIGH,LOW,11,0.54,CAUSES,0.682,1
NEG_0628,Pothole / Road Damage,Garbage Accumulation,Road,Waste,multiple potholes reported,uncollected garbage is present,Anna Nagar,4.78,16.8,LOW,MEDIUM,7,0.109,NO_DEPENDENCY,0.232,0
NEG_1103,Street Light Failure,Air Pollution,Lighting,Environment,dark street due to light failure,dust and pollution are increasing,Porur,4.82,93.7,HIGH,CRITICAL,3,0.292,NO_DEPENDENCY,0.202,0
POS_1437,Sewer Overflow,Stagnant Water,Drainage,Public Health,sewer water is overflowing,standing water is not clearing,Royapettah,0.92,31.8,HIGH,CRITICAL,18,0.739,CAUSES,0.799,1
POS_0026,Stagnant Water,Public Health Risk,Public Health,Health,stagnant water remains,health risk reported,Tambaram,3.32,3.4,CRITICAL,MEDIUM,2,0.616,CAUSES,0.726,1
NEG_1466,Road Blockage,Illegal Dumping,Road,Waste,vehicle movement is obstructed,open dumping observed,Ambattur,1.69,53.0,CRITICAL,LOW,14,0.404,NO_DEPENDENCY,0.372,0
POS_0220,Traffic Congestion,Emergency Response Delay,Traffic,Emergency,traffic is moving slowly,emergency access is difficult,Mylapore,3.92,16.3,MEDIUM,MEDIUM,1,0.957,CAUSES,0.693,1
NEG_1319,Emergency Response Delay,Blocked Drain,Emergency,Drainage,emergency access is difficult,stormwater drain is blocked,Porur,3.32,16.2,LOW,MEDIUM,0,0.318,NO_DEPENDENCY,0.282,0
POS_0277,Pothole / Road Damage,Poor Road Visibility,Road,Safety,large pothole on the road,drivers cannot see clearly,Thiruvanmiyur,1.38,18.7,MEDIUM,LOW,5,0.881,CONTRIBUTES_TO,0.66,1
NEG_0658,Safety Risk,Water Leakage,Safety,Water,residents feel unsafe,water pipe is leaking,Porur,3.39,11.4,CRITICAL,MEDIUM,10,0.246,NO_DEPENDENCY,0.313,0
POS_1481,Pothole / Road Damage,Poor Road Visibility,Road,Safety,damaged road section,visibility on road is poor,Pallavaram,1.77,31.5,HIGH,HIGH,20,0.68,CONTRIBUTES_TO,0.655,1
POS_1236,Poor Road Visibility,Safety Risk,Safety,Safety,dark road section,safety risk reported,Guindy,1.08,15.1,CRITICAL,LOW,17,0.612,CONTRIBUTES_TO,0.763,1
NEG_0094,Pothole / Road Damage,Safety Risk,Road,Safety,damaged road section,residents feel unsafe,Thiruvanmiyur,0.32,95.6,CRITICAL,CRITICAL,5,0.447,NO_DEPENDENCY,0.325,0
POS_1000,Stagnant Water,Public Health Risk,Public Health,Health,stagnant water remains,health risk reported,Guindy,2.72,0.7,LOW,MEDIUM,9,0.727,CAUSES,0.71,1
NEG_0641,Blocked Drain,Water Leakage,Drainage,Water,stormwater drain is blocked,continuous water leakage,Ambattur,0.9,89.0,HIGH,MEDIUM,14,0.431,NO_DEPENDENCY,0.362,0
POS_0362,Pothole / Road Damage,Traffic Congestion,Road,Traffic,multiple potholes reported,traffic flow is disrupted,Porur,0.56,5.5,HIGH,MEDIUM,7,0.555,CONTRIBUTES_TO,0.744,1
POS_1458,Water Leakage,Stagnant Water,Water,Public Health,continuous water leakage,stagnant water remains,Ambattur,2.65,36.7,MEDIUM,LOW,13,0.541,CAUSES,0.647,1
NEG_0494,Traffic Congestion,Air Pollution,Traffic,Environment,severe congestion reported,local air pollution observed,Nungambakkam,7.4,46.2,HIGH,LOW,14,0.054,NO_DEPENDENCY,0.187,0
NEG_0172,Emergency Response Delay,Road Blockage,Emergency,Road,emergency access is difficult,road passage is blocked,Anna Nagar,4.85,37.3,HIGH,HIGH,6,0.027,NO_DEPENDENCY,0.184,0
NEG_0835,Public Health Risk,Poor Road Visibility,Health,Safety,health risk reported,dark road section,Sholinganallur,5.35,70.2,MEDIUM,CRITICAL,8,0.329,NO_DEPENDENCY,0.25,0
NEG_0151,Poor Road Visibility,Emergency Response Delay,Safety,Emergency,low visibility reported,emergency access is difficult,Velachery,4.02,21.2,LOW,MEDIUM,11,0.258,NO_DEPENDENCY,0.304,0
NEG_0336,Sewer Overflow,Traffic Congestion,Drainage,Traffic,dirty wastewater is spreading,traffic is moving slowly,T Nagar,1.21,41.8,LOW,CRITICAL,11,0.057,NO_DEPENDENCY,0.269,0
POS_1115,Sewer Overflow,Stagnant Water,Drainage,Public Health,sewer water is overflowing,standing water is not clearing,Anna Nagar,1.29,5.1,MEDIUM,LOW,17,0.743,CAUSES,0.8,1
NEG_0347,Street Light Failure,Water Leakage,Lighting,Water,street light is not working,damaged water supply line,Anna Nagar,7.88,57.5,HIGH,MEDIUM,15,0.214,NO_DEPENDENCY,0.223,0
POS_1318,Blocked Drain,Waterlogging,Drainage,Flooding,stormwater drain is blocked,standing rainwater on the street,Tambaram,2.82,44.9,HIGH,HIGH,4,0.921,CAUSES,0.766,1
NEG_1130,Public Health Risk,Traffic Congestion,Health,Traffic,health risk reported,traffic flow is disrupted,Nungambakkam,6.23,36.6,MEDIUM,LOW,9,0.119,NO_DEPENDENCY,0.207,0
POS_0298,Stagnant Water,Public Health Risk,Public Health,Health,pool of water has remained,disease risk is increasing,Sholinganallur,2.58,21.2,HIGH,HIGH,8,0.961,CAUSES,0.779,1
POS_1314,Traffic Congestion,Emergency Response Delay,Traffic,Emergency,vehicles are queued,emergency movement is delayed,T Nagar,1.06,47.3,CRITICAL,LOW,11,0.785,CAUSES,0.762,1
POS_0938,Sewer Overflow,Stagnant Water,Drainage,Public Health,sewage overflow reported,standing water is not clearing,Pallavaram,2.72,38.1,HIGH,LOW,4,0.455,CAUSES,0.653,1
POS_0241,Pothole / Road Damage,Traffic Congestion,Road,Traffic,damaged road section,traffic is moving slowly,Nungambakkam,1.24,7.4,CRITICAL,HIGH,9,0.539,CONTRIBUTES_TO,0.751,1
POS_1433,Garbage Accumulation,Public Health Risk,Waste,Health,large pile of waste reported,possible health hazard,Guindy,3.9,28.2,LOW,LOW,15,0.711,CAUSES,0.646,1
POS_0583,Illegal Dumping,Waterlogging,Waste,Flooding,open dumping observed,heavy waterlogging reported,Adyar,4.41,10.0,LOW,MEDIUM,16,0.658,CONTRIBUTES_TO,0.574,1
NEG_1407,Safety Risk,Pothole / Road Damage,Safety,Road,residents feel unsafe,multiple potholes reported,Porur,2.89,17.9,LOW,LOW,12,0.21,NO_DEPENDENCY,0.315,0
NEG_0455,Air Pollution,Street Light Failure,Environment,Lighting,dust and pollution are increasing,street light is not working,Perambur,7.02,51.2,LOW,MEDIUM,3,0.188,NO_DEPENDENCY,0.173,0
POS_1335,Illegal Dumping,Waterlogging,Waste,Flooding,garbage dumped beside road,water has accumulated on the road,Anna Nagar,3.34,21.5,MEDIUM,MEDIUM,17,0.858,CONTRIBUTES_TO,0.653,1
NEG_0230,Illegal Dumping,Air Pollution,Waste,Environment,garbage dumped beside road,local air pollution observed,T Nagar,1.56,14.0,HIGH,HIGH,7,0.309,NO_DEPENDENCY,0.343,0
NEG_0173,Garbage Accumulation,Sewer Overflow,Waste,Drainage,large pile of waste reported,dirty wastewater is spreading,Adyar,5.4,58.0,LOW,LOW,15,0.075,NO_DEPENDENCY,0.218,0
POS_0351,Stagnant Water,Public Health Risk,Public Health,Health,standing water is not clearing,health risk reported,Kodambakkam,1.36,40.9,LOW,CRITICAL,19,0.699,CAUSES,0.707,1
NEG_1246,Emergency Response Delay,Waterlogging,Emergency,Flooding,response time is increasing,standing rainwater on the street,Kodambakkam,7.07,13.4,CRITICAL,MEDIUM,0,0.079,NO_DEPENDENCY,0.156,0
POS_1221,Blocked Drain,Waterlogging,Drainage,Flooding,blocked drainage outlet,road is flooded,Thiruvanmiyur,1.03,18.1,HIGH,MEDIUM,10,0.642,CAUSES,0.808,1
POS_0350,Sewer Overflow,Stagnant Water,Drainage,Public Health,sewer line has overflowed,pool of water has remained,Ambattur,4.05,31.6,HIGH,CRITICAL,8,0.568,CAUSES,0.661,1
NEG_0019,Stagnant Water,Road Blockage,Public Health,Road,water is collecting,traffic lane is obstructed,Adyar,4.27,66.8,LOW,HIGH,11,0.103,NO_DEPENDENCY,0.216,0
NEG_1048,Air Pollution,Illegal Dumping,Environment,Waste,dust and pollution are increasing,open dumping observed,Sholinganallur,4.9,34.3,HIGH,LOW,1,0.288,NO_DEPENDENCY,0.239,0
POS_0644,Poor Road Visibility,Safety Risk,Safety,Safety,low visibility reported,area has become unsafe,Adyar,4.04,29.6,LOW,CRITICAL,17,0.891,CONTRIBUTES_TO,0.65,1
NEG_1336,Road Blockage,Garbage Accumulation,Road,Waste,road is partially blocked,garbage has accumulated,Perambur,2.42,34.8,HIGH,LOW,14,0.329,NO_DEPENDENCY,0.353,0
POS_0945,Pothole / Road Damage,Poor Road Visibility,Road,Safety,multiple potholes reported,drivers cannot see clearly,Kodambakkam,1.23,43.6,MEDIUM,MEDIUM,1,0.873,CONTRIBUTES_TO,0.618,1
POS_1463,Street Light Failure,Poor Road Visibility,Lighting,Safety,roadside light has failed,dark road section,Nungambakkam,0.39,40.3,CRITICAL,MEDIUM,6,0.812,CAUSES,0.798,1
POS_0658,Traffic Congestion,Emergency Response Delay,Traffic,Emergency,traffic flow is disrupted,response time is increasing,Ambattur,1.56,28.8,MEDIUM,CRITICAL,4,0.975,CAUSES,0.746,1
NEG_1203,Traffic Congestion,Stagnant Water,Traffic,Public Health,traffic is moving slowly,pool of water has remained,Kodambakkam,2.19,93.8,CRITICAL,CRITICAL,6,0.281,NO_DEPENDENCY,0.253,0
NEG_1394,Air Pollution,Emergency Response Delay,Environment,Emergency,air quality is affected,emergency vehicles cannot move quickly,Ambattur,0.48,78.4,MEDIUM,MEDIUM,7,0.033,NO_DEPENDENCY,0.222,0
POS_1237,Garbage Accumulation,Public Health Risk,Waste,Health,waste has built up,disease risk is increasing,Ambattur,0.75,36.9,MEDIUM,HIGH,6,0.866,CAUSES,0.746,1
NEG_0968,Air Pollution,Traffic Congestion,Environment,Traffic,polluted air reported,severe congestion reported,T Nagar,5.96,58.4,CRITICAL,CRITICAL,9,0.22,NO_DEPENDENCY,0.223,0
POS_0648,Blocked Drain,Waterlogging,Drainage,Flooding,stormwater drain is blocked,standing rainwater on the street,Anna Nagar,3.58,24.9,HIGH,LOW,4,0.481,CAUSES,0.687,1
POS_1126,Illegal Dumping,Waterlogging,Waste,Flooding,open dumping observed,road is flooded,Mylapore,4.31,31.9,MEDIUM,CRITICAL,13,0.634,CONTRIBUTES_TO,0.559,1
POS_1111,Pothole / Road Damage,Poor Road Visibility,Road,Safety,damaged road section,drivers cannot see clearly,Ambattur,0.08,28.7,CRITICAL,HIGH,15,0.807,CONTRIBUTES_TO,0.739,1
NEG_1151,Illegal Dumping,Emergency Response Delay,Waste,Emergency,waste is being dumped illegally,emergency movement is delayed,Anna Nagar,4.34,79.8,HIGH,MEDIUM,15,0.165,NO_DEPENDENCY,0.243,0
NEG_0441,Safety Risk,Emergency Response Delay,Safety,Emergency,residents feel unsafe,emergency access is difficult,Porur,2.3,23.7,HIGH,MEDIUM,6,0.177,NO_DEPENDENCY,0.279,0
POS_0539,Stagnant Water,Public Health Risk,Public Health,Health,pool of water has remained,disease risk is increasing,Velachery,2.75,9.4,HIGH,LOW,10,0.512,CAUSES,0.707,1
POS_1049,Road Blockage,Traffic Congestion,Road,Traffic,traffic lane is obstructed,traffic is moving slowly,Thiruvanmiyur,2.81,43.2,CRITICAL,MEDIUM,2,0.915,CAUSES,0.752,1
NEG_1484,Poor Road Visibility,Blocked Drain,Safety,Drainage,drivers cannot see clearly,drain is clogged,T Nagar,6.69,8.0,MEDIUM,MEDIUM,3,0.055,NO_DEPENDENCY,0.174,0
NEG_0876,Blocked Drain,Poor Road Visibility,Drainage,Safety,rainwater drain is not flowing,dark road section,Perambur,7.6,6.6,HIGH,MEDIUM,9,0.402,NO_DEPENDENCY,0.296,0
NEG_0710,Illegal Dumping,Pothole / Road Damage,Waste,Road,waste is being dumped illegally,multiple potholes reported,Royapettah,4.84,62.7,CRITICAL,HIGH,6,0.11,NO_DEPENDENCY,0.188,0
NEG_0839,Stagnant Water,Road Blockage,Public Health,Road,standing water is not clearing,road is partially blocked,Mylapore,3.66,10.8,HIGH,LOW,2,0.116,NO_DEPENDENCY,0.231,0
NEG_0663,Blocked Drain,Street Light Failure,Drainage,Lighting,blocked drainage outlet,street light is not working,Anna Nagar,2.31,42.5,MEDIUM,MEDIUM,13,0.211,NO_DEPENDENCY,0.308,0
POS_0802,Traffic Congestion,Emergency Response Delay,Traffic,Emergency,traffic flow is disrupted,emergency vehicles cannot move quickly,Nungambakkam,4.03,22.0,HIGH,CRITICAL,7,0.574,CAUSES,0.646,1
POS_0787,Blocked Drain,Waterlogging,Drainage,Flooding,blocked drainage outlet,road is flooded,Pallavaram,2.7,3.7,MEDIUM,HIGH,7,0.868,CAUSES,0.798,1
NEG_1195,Emergency Response Delay,Blocked Drain,Emergency,Drainage,response time is increasing,drain is clogged,T Nagar,7.02,2.1,HIGH,LOW,2,0.207,NO_DEPENDENCY,0.215,0
NEG_0541,Illegal Dumping,Stagnant Water,Waste,Public Health,unauthorized dumping reported,stagnant water remains,Kodambakkam,6.97,20.3,CRITICAL,MEDIUM,6,0.35,NO_DEPENDENCY,0.264,0
POS_0789,Pothole / Road Damage,Traffic Congestion,Road,Traffic,multiple potholes reported,vehicles are queued,Anna Nagar,2.65,26.2,HIGH,HIGH,16,0.527,CONTRIBUTES_TO,0.68,1
NEG_0684,Poor Road Visibility,Blocked Drain,Safety,Drainage,dark road section,blocked drainage outlet,Guindy,1.24,92.9,HIGH,HIGH,15,0.17,NO_DEPENDENCY,0.28,0
NEG_0969,Sewer Overflow,Road Blockage,Drainage,Road,dirty wastewater is spreading,road passage is blocked,Royapettah,0.83,67.7,CRITICAL,LOW,1,0.063,NO_DEPENDENCY,0.205,0
NEG_0514,Sewer Overflow,Public Health Risk,Drainage,Health,sewer water is overflowing,health risk reported,Royapettah,0.34,29.7,MEDIUM,HIGH,3,0.089,NO_DEPENDENCY,0.262,0
POS_0715,Illegal Dumping,Blocked Drain,Waste,Drainage,open dumping observed,stormwater drain is blocked,Porur,2.86,4.9,MEDIUM,MEDIUM,15,0.722,CONTRIBUTES_TO,0.708,1
POS_0804,Illegal Dumping,Blocked Drain,Waste,Drainage,open dumping observed,stormwater drain is blocked,Tambaram,2.06,21.0,HIGH,HIGH,16,0.645,CONTRIBUTES_TO,0.717,1
NEG_0509,Illegal Dumping,Street Light Failure,Waste,Lighting,open dumping observed,dark street due to light failure,Anna Nagar,6.81,3.1,MEDIUM,HIGH,10,0.176,NO_DEPENDENCY,0.248,0
NEG_1262,Pothole / Road Damage,Safety Risk,Road,Safety,damaged road section,safety risk reported,Adyar,2.98,11.2,CRITICAL,MEDIUM,8,0.085,NO_DEPENDENCY,0.261,0
POS_0124,Street Light Failure,Poor Road Visibility,Lighting,Safety,street light is not working,drivers cannot see clearly,Anna Nagar,3.44,44.3,MEDIUM,CRITICAL,6,0.636,CAUSES,0.631,1
NEG_0309,Sewer Overflow,Garbage Accumulation,Drainage,Waste,dirty wastewater is spreading,large pile of waste reported,Kodambakkam,4.55,36.6,CRITICAL,LOW,12,0.382,NO_DEPENDENCY,0.326,0
NEG_0787,Traffic Congestion,Air Pollution,Traffic,Environment,severe congestion reported,dust and pollution are increasing,Ambattur,1.98,18.4,LOW,MEDIUM,12,0.098,NO_DEPENDENCY,0.294,0
NEG_0648,Poor Road Visibility,Water Leakage,Safety,Water,drivers cannot see clearly,continuous water leakage,Nungambakkam,5.04,3.0,CRITICAL,CRITICAL,2,0.199,NO_DEPENDENCY,0.242,0
POS_0619,Pothole / Road Damage,Poor Road Visibility,Road,Safety,road surface is badly damaged,low visibility reported,Guindy,0.85,46.0,HIGH,LOW,6,0.491,CONTRIBUTES_TO,0.585,1
POS_0407,Blocked Drain,Waterlogging,Drainage,Flooding,drain is clogged,standing rainwater on the street,Pallavaram,1.44,37.8,HIGH,HIGH,14,0.827,CAUSES,0.817,1
POS_1158,Traffic Congestion,Emergency Response Delay,Traffic,Emergency,vehicles are queued,response time is increasing,Anna Nagar,2.02,25.5,HIGH,LOW,10,0.453,CAUSES,0.675,1
POS_1069,Water Leakage,Stagnant Water,Water,Public Health,damaged water supply line,water is collecting,Velachery,1.62,29.9,LOW,CRITICAL,5,0.746,CAUSES,0.679,1
POS_1134,Road Blockage,Traffic Congestion,Road,Traffic,road passage is blocked,traffic is moving slowly,Guindy,3.69,42.1,LOW,CRITICAL,3,0.907,CAUSES,0.657,1
NEG_1406,Air Pollution,Sewer Overflow,Environment,Drainage,polluted air reported,sewage overflow reported,Adyar,2.27,38.9,MEDIUM,LOW,2,0.231,NO_DEPENDENCY,0.263,0
POS_0498,Illegal Dumping,Waterlogging,Waste,Flooding,waste is being dumped illegally,standing rainwater on the street,Royapettah,2.54,23.7,MEDIUM,MEDIUM,7,0.796,CONTRIBUTES_TO,0.632,1
POS_1062,Road Blockage,Traffic Congestion,Road,Traffic,road passage is blocked,traffic is moving slowly,Tambaram,3.16,28.5,CRITICAL,LOW,19,0.758,CAUSES,0.775,1
POS_0326,Garbage Accumulation,Air Pollution,Waste,Environment,uncollected garbage is present,air quality is affected,Pallavaram,3.0,29.0,MEDIUM,MEDIUM,1,0.556,CONTRIBUTES_TO,0.578,1
POS_0343,Illegal Dumping,Waterlogging,Waste,Flooding,garbage dumped beside road,standing rainwater on the street,Royapettah,4.11,31.3,MEDIUM,HIGH,1,0.769,CONTRIBUTES_TO,0.562,1
NEG_0857,Road Blockage,Poor Road Visibility,Road,Safety,vehicle movement is obstructed,drivers cannot see clearly,Mylapore,5.66,32.2,LOW,LOW,13,0.255,NO_DEPENDENCY,0.28,0
NEG_0767,Waterlogging,Air Pollution,Flooding,Environment,road is flooded,local air pollution observed,Anna Nagar,7.22,21.6,MEDIUM,CRITICAL,13,0.208,NO_DEPENDENCY,0.251,0
POS_0783,Sewer Overflow,Stagnant Water,Drainage,Public Health,sewer water is overflowing,standing water is not clearing,T Nagar,2.04,6.4,CRITICAL,HIGH,2,0.966,CAUSES,0.836,1
NEG_0868,Street Light Failure,Illegal Dumping,Lighting,Waste,dark street due to light failure,open dumping observed,Pallavaram,7.44,82.7,CRITICAL,MEDIUM,1,0.081,NO_DEPENDENCY,0.099,0
POS_0300,Illegal Dumping,Waterlogging,Waste,Flooding,open dumping observed,standing rainwater on the street,Adyar,1.45,6.2,CRITICAL,HIGH,7,0.64,CONTRIBUTES_TO,0.703,1
POS_1462,Illegal Dumping,Blocked Drain,Waste,Drainage,unauthorized dumping reported,blocked drainage outlet,Guindy,3.56,25.4,CRITICAL,CRITICAL,16,0.621,CONTRIBUTES_TO,0.694,1
NEG_0874,Illegal Dumping,Pothole / Road Damage,Waste,Road,unauthorized dumping reported,damaged road section,Mylapore,0.7,88.7,LOW,CRITICAL,14,0.23,NO_DEPENDENCY,0.305,0
POS_0304,Traffic Congestion,Emergency Response Delay,Traffic,Emergency,traffic is moving slowly,emergency movement is delayed,Perambur,3.72,18.2,HIGH,LOW,3,0.784,CAUSES,0.691,1
POS_1238,Traffic Congestion,Emergency Response Delay,Traffic,Emergency,vehicles are queued,response time is increasing,Nungambakkam,4.2,22.9,HIGH,MEDIUM,10,0.904,CAUSES,0.714,1
NEG_1072,Safety Risk,Street Light Failure,Safety,Lighting,safety risk reported,streetlights are off,Velachery,4.59,6.5,CRITICAL,MEDIUM,9,0.176,NO_DEPENDENCY,0.274,0
NEG_0157,Water Leakage,Emergency Response Delay,Water,Emergency,damaged water supply line,response time is increasing,Mylapore,3.46,48.0,MEDIUM,MEDIUM,15,0.297,NO_DEPENDENCY,0.322,0
POS_0665,Illegal Dumping,Waterlogging,Waste,Flooding,unauthorized dumping reported,water has accumulated on the road,Kodambakkam,3.45,27.5,CRITICAL,CRITICAL,18,0.71,CONTRIBUTES_TO,0.665,1
NEG_0191,Road Blockage,Pothole / Road Damage,Road,Road,traffic lane is obstructed,damaged road section,Mylapore,6.32,6.0,HIGH,CRITICAL,1,0.283,NO_DEPENDENCY,0.24,0
POS_0221,Street Light Failure,Poor Road Visibility,Lighting,Safety,dark street due to light failure,low visibility reported,Nungambakkam,2.74,10.2,HIGH,HIGH,18,0.935,CAUSES,0.81,1
NEG_0127,Emergency Response Delay,Poor Road Visibility,Emergency,Safety,emergency vehicles cannot move quickly,low visibility reported,T Nagar,5.06,88.0,MEDIUM,HIGH,4,0.237,NO_DEPENDENCY,0.192,0
POS_1189,Street Light Failure,Poor Road Visibility,Lighting,Safety,streetlights are off,dark road section,Adyar,2.87,29.2,HIGH,CRITICAL,15,0.875,CAUSES,0.761,1
POS_1456,Pothole / Road Damage,Poor Road Visibility,Road,Safety,large pothole on the road,dark road section,Ambattur,3.36,20.6,LOW,LOW,19,0.471,CONTRIBUTES_TO,0.536,1
POS_0450,Traffic Congestion,Emergency Response Delay,Traffic,Emergency,traffic flow is disrupted,emergency vehicles cannot move quickly,Sholinganallur,0.7,46.1,MEDIUM,CRITICAL,1,0.529,CAUSES,0.647,1
NEG_0503,Water Leakage,Sewer Overflow,Water,Drainage,water pipe is leaking,sewer water is overflowing,Ambattur,5.77,39.9,LOW,LOW,3,0.123,NO_DEPENDENCY,0.182,0
NEG_1117,Traffic Congestion,Street Light Failure,Traffic,Lighting,traffic flow is disrupted,dark street due to light failure,Perambur,6.23,52.0,LOW,MEDIUM,10,0.386,NO_DEPENDENCY,0.279,0
POS_0085,Pothole / Road Damage,Poor Road Visibility,Road,Safety,multiple potholes reported,visibility on road is poor,Royapettah,3.16,6.3,MEDIUM,MEDIUM,20,0.966,CONTRIBUTES_TO,0.687,1
POS_0942,Road Blockage,Traffic Congestion,Road,Traffic,road is partially blocked,traffic is moving slowly,Nungambakkam,4.46,11.2,HIGH,LOW,10,0.957,CAUSES,0.758,1
POS_0962,Pothole / Road Damage,Traffic Congestion,Road,Traffic,damaged road section,vehicles are queued,Guindy,0.09,17.4,MEDIUM,HIGH,13,0.6,CONTRIBUTES_TO,0.738,1
POS_0842,Road Blockage,Traffic Congestion,Road,Traffic,traffic lane is obstructed,vehicles are queued,Tambaram,2.69,40.0,LOW,CRITICAL,8,0.944,CAUSES,0.705,1
POS_1327,Pothole / Road Damage,Poor Road Visibility,Road,Safety,multiple potholes reported,drivers cannot see clearly,Kodambakkam,1.75,43.3,LOW,MEDIUM,10,0.512,CONTRIBUTES_TO,0.531,1
NEG_0879,Illegal Dumping,Water Leakage,Waste,Water,waste is being dumped illegally,continuous water leakage,Nungambakkam,5.78,6.9,HIGH,HIGH,4,0.393,NO_DEPENDENCY,0.295,0
NEG_0931,Air Pollution,Street Light Failure,Environment,Lighting,local air pollution observed,streetlights are off,Kodambakkam,5.93,29.1,CRITICAL,LOW,10,0.031,NO_DEPENDENCY,0.196,0
POS_1374,Street Light Failure,Poor Road Visibility,Lighting,Safety,roadside light has failed,drivers cannot see clearly,T Nagar,3.66,18.1,HIGH,MEDIUM,16,0.609,CAUSES,0.706,1
POS_0291,Blocked Drain,Waterlogging,Drainage,Flooding,blocked drainage outlet,heavy waterlogging reported,Royapettah,2.15,18.7,CRITICAL,MEDIUM,2,0.53,CAUSES,0.761,1
NEG_0368,Road Blockage,Safety Risk,Road,Safety,road is partially blocked,residents feel unsafe,Kodambakkam,4.67,22.5,HIGH,MEDIUM,11,0.05,NO_DEPENDENCY,0.231,0
NEG_0055,Emergency Response Delay,Garbage Accumulation,Emergency,Waste,emergency vehicles cannot move quickly,large pile of waste reported,Thiruvanmiyur,1.05,23.6,HIGH,CRITICAL,8,0.369,NO_DEPENDENCY,0.365,0
POS_0605,Stagnant Water,Public Health Risk,Public Health,Health,water is collecting,sanitation may affect public health,Guindy,2.21,42.8,CRITICAL,MEDIUM,20,0.527,CAUSES,0.727,1
NEG_0533,Garbage Accumulation,Road Blockage,Waste,Road,garbage has accumulated,road is partially blocked,T Nagar,0.69,67.7,LOW,LOW,14,0.065,NO_DEPENDENCY,0.273,0
POS_0917,Illegal Dumping,Blocked Drain,Waste,Drainage,unauthorized dumping reported,drain is clogged,Sholinganallur,0.13,10.0,CRITICAL,HIGH,13,0.908,CONTRIBUTES_TO,0.851,1
NEG_1133,Sewer Overflow,Illegal Dumping,Drainage,Waste,dirty wastewater is spreading,waste is being dumped illegally,Pallavaram,7.62,56.8,MEDIUM,HIGH,0,0.227,NO_DEPENDENCY,0.156,0
NEG_0838,Street Light Failure,Pothole / Road Damage,Lighting,Road,street light is not working,large pothole on the road,Kodambakkam,3.48,24.6,HIGH,CRITICAL,8,0.215,NO_DEPENDENCY,0.282,0
NEG_0599,Poor Road Visibility,Garbage Accumulation,Safety,Waste,drivers cannot see clearly,large pile of waste reported,Velachery,0.2,88.3,HIGH,CRITICAL,1,0.403,NO_DEPENDENCY,0.299,0
NEG_0938,Safety Risk,Road Blockage,Safety,Road,area has become unsafe,traffic lane is obstructed,Thiruvanmiyur,5.92,2.8,MEDIUM,MEDIUM,8,0.217,NO_DEPENDENCY,0.264,0
POS_0822,Pothole / Road Damage,Poor Road Visibility,Road,Safety,damaged road section,low visibility reported,Adyar,3.92,13.5,LOW,MEDIUM,10,0.783,CONTRIBUTES_TO,0.572,1
NEG_0970,Public Health Risk,Emergency Response Delay,Health,Emergency,possible health hazard,emergency access is difficult,Anna Nagar,4.57,83.9,LOW,MEDIUM,10,0.032,NO_DEPENDENCY,0.171,0
POS_1001,Traffic Congestion,Emergency Response Delay,Traffic,Emergency,traffic is moving slowly,emergency vehicles cannot move quickly,Ambattur,3.91,6.0,MEDIUM,MEDIUM,11,0.565,CAUSES,0.654,1
NEG_0204,Street Light Failure,Garbage Accumulation,Lighting,Waste,dark street due to light failure,uncollected garbage is present,Guindy,4.47,69.7,LOW,HIGH,13,0.422,NO_DEPENDENCY,0.316,0
POS_0019,Waterlogging,Road Blockage,Flooding,Road,heavy waterlogging reported,vehicle movement is obstructed,Pallavaram,4.08,41.3,HIGH,CRITICAL,8,0.488,CAUSES,0.635,1
NEG_0278,Waterlogging,Stagnant Water,Flooding,Public Health,standing rainwater on the street,stagnant water remains,Tambaram,5.68,17.8,MEDIUM,HIGH,11,0.03,NO_DEPENDENCY,0.214,0
POS_1209,Pothole / Road Damage,Traffic Congestion,Road,Traffic,large pothole on the road,vehicles are queued,Thiruvanmiyur,3.73,21.8,CRITICAL,HIGH,6,0.94,CONTRIBUTES_TO,0.741,1
NEG_1061,Road Blockage,Sewer Overflow,Road,Drainage,vehicle movement is obstructed,dirty wastewater is spreading,T Nagar,0.23,34.5,CRITICAL,MEDIUM,11,0.119,NO_DEPENDENCY,0.308,0
NEG_0437,Road Blockage,Safety Risk,Road,Safety,traffic lane is obstructed,safety risk reported,Royapettah,6.98,89.4,MEDIUM,CRITICAL,7,0.355,NO_DEPENDENCY,0.212,0
NEG_0219,Water Leakage,Street Light Failure,Water,Lighting,damaged water supply line,dark street due to light failure,Ambattur,1.26,51.9,LOW,HIGH,5,0.27,NO_DEPENDENCY,0.294,0
POS_1428,Illegal Dumping,Waterlogging,Waste,Flooding,garbage dumped beside road,road is flooded,Perambur,1.74,16.5,LOW,HIGH,16,0.77,CONTRIBUTES_TO,0.655,1
NEG_0742,Road Blockage,Pothole / Road Damage,Road,Road,vehicle movement is obstructed,damaged road section,Perambur,4.75,32.1,HIGH,CRITICAL,9,0.279,NO_DEPENDENCY,0.281,0
NEG_0811,Water Leakage,Road Blockage,Water,Road,continuous water leakage,road passage is blocked,Perambur,1.15,81.5,HIGH,HIGH,10,0.106,NO_DEPENDENCY,0.247,0
POS_1358,Blocked Drain,Waterlogging,Drainage,Flooding,blocked drainage outlet,water has accumulated on the road,Pallavaram,2.82,28.5,HIGH,MEDIUM,12,0.976,CAUSES,0.82,1
NEG_0558,Stagnant Water,Traffic Congestion,Public Health,Traffic,standing water is not clearing,severe congestion reported,Royapettah,5.87,92.9,MEDIUM,HIGH,13,0.192,NO_DEPENDENCY,0.207,0
POS_0361,Traffic Congestion,Emergency Response Delay,Traffic,Emergency,traffic flow is disrupted,emergency movement is delayed,Adyar,3.14,30.4,HIGH,MEDIUM,4,0.61,CAUSES,0.656,1
NEG_0771,Road Blockage,Water Leakage,Road,Water,vehicle movement is obstructed,continuous water leakage,Pallavaram,4.76,72.5,HIGH,HIGH,12,0.336,NO_DEPENDENCY,0.279,0
NEG_0585,Emergency Response Delay,Road Blockage,Emergency,Road,emergency access is difficult,vehicle movement is obstructed,Royapettah,3.29,9.1,HIGH,MEDIUM,15,0.119,NO_DEPENDENCY,0.304,0
NEG_0065,Water Leakage,Illegal Dumping,Water,Waste,water pipe is leaking,waste is being dumped illegally,T Nagar,5.05,6.0,CRITICAL,CRITICAL,1,0.183,NO_DEPENDENCY,0.229,0
POS_0345,Water Leakage,Stagnant Water,Water,Public Health,pipeline leak near street,pool of water has remained,Sholinganallur,2.93,29.4,CRITICAL,LOW,4,0.608,CAUSES,0.692,1
POS_0987,Water Leakage,Stagnant Water,Water,Public Health,damaged water supply line,water is collecting,Adyar,2.64,2.1,MEDIUM,MEDIUM,14,0.604,CAUSES,0.711,1
POS_1261,Pothole / Road Damage,Poor Road Visibility,Road,Safety,road surface is badly damaged,drivers cannot see clearly,Anna Nagar,2.15,45.7,LOW,MEDIUM,11,0.596,CONTRIBUTES_TO,0.536,1
NEG_0214,Illegal Dumping,Air Pollution,Waste,Environment,garbage dumped beside road,polluted air reported,Porur,3.49,64.3,CRITICAL,CRITICAL,7,0.285,NO_DEPENDENCY,0.265,0
NEG_0221,Sewer Overflow,Public Health Risk,Drainage,Health,sewage overflow reported,possible health hazard,Anna Nagar,6.1,34.0,HIGH,HIGH,14,0.404,NO_DEPENDENCY,0.321,0
NEG_1147,Sewer Overflow,Waterlogging,Drainage,Flooding,sewer line has overflowed,heavy waterlogging reported,Tambaram,1.21,58.1,CRITICAL,MEDIUM,1,0.094,NO_DEPENDENCY,0.217,0
NEG_1387,Traffic Congestion,Air Pollution,Traffic,Environment,traffic flow is disrupted,air quality is affected,Perambur,6.44,71.7,HIGH,HIGH,7,0.334,NO_DEPENDENCY,0.229,0
NEG_0076,Street Light Failure,Emergency Response Delay,Lighting,Emergency,streetlights are off,emergency vehicles cannot move quickly,Tambaram,3.41,28.3,MEDIUM,LOW,0,0.145,NO_DEPENDENCY,0.219,0
POS_0086,Waterlogging,Road Blockage,Flooding,Road,standing rainwater on the street,road is partially blocked,Royapettah,1.05,40.5,MEDIUM,CRITICAL,4,0.51,CAUSES,0.682,1
NEG_0564,Air Pollution,Waterlogging,Environment,Flooding,air quality is affected,road is flooded,Adyar,1.03,9.1,CRITICAL,CRITICAL,11,0.22,NO_DEPENDENCY,0.348,0
POS_0669,Garbage Accumulation,Public Health Risk,Waste,Health,garbage has accumulated,disease risk is increasing,Anna Nagar,0.81,26.1,CRITICAL,HIGH,14,0.47,CAUSES,0.751,1
POS_1015,Blocked Drain,Waterlogging,Drainage,Flooding,stormwater drain is blocked,heavy waterlogging reported,Nungambakkam,3.72,7.1,MEDIUM,MEDIUM,14,0.977,CAUSES,0.808,1
POS_0129,Waterlogging,Road Blockage,Flooding,Road,water has accumulated on the road,traffic lane is obstructed,T Nagar,0.08,36.0,MEDIUM,HIGH,13,0.543,CAUSES,0.741,1
NEG_0374,Pothole / Road Damage,Road Blockage,Road,Road,damaged road section,road is partially blocked,Tambaram,6.56,59.3,HIGH,MEDIUM,12,0.141,NO_DEPENDENCY,0.204,0
POS_1147,Pothole / Road Damage,Poor Road Visibility,Road,Safety,multiple potholes reported,low visibility reported,Tambaram,3.37,47.8,CRITICAL,LOW,6,0.942,CONTRIBUTES_TO,0.635,1
POS_0892,Street Light Failure,Poor Road Visibility,Lighting,Safety,roadside light has failed,low visibility reported,Guindy,0.69,10.2,MEDIUM,HIGH,9,0.784,CAUSES,0.784,1
NEG_0972,Poor Road Visibility,Water Leakage,Safety,Water,low visibility reported,damaged water supply line,Pallavaram,3.89,60.0,LOW,MEDIUM,12,0.168,NO_DEPENDENCY,0.252,0
POS_0308,Blocked Drain,Waterlogging,Drainage,Flooding,rainwater drain is not flowing,standing rainwater on the street,Pallavaram,0.44,18.7,MEDIUM,LOW,17,0.672,CAUSES,0.82,1
POS_0384,Stagnant Water,Public Health Risk,Public Health,Health,stagnant water remains,health risk reported,Anna Nagar,2.59,32.2,HIGH,CRITICAL,18,0.671,CAUSES,0.731,1
NEG_0334,Sewer Overflow,Water Leakage,Drainage,Water,sewage overflow reported,continuous water leakage,Thiruvanmiyur,2.95,86.0,MEDIUM,MEDIUM,6,0.303,NO_DEPENDENCY,0.255,0
POS_1128,Illegal Dumping,Blocked Drain,Waste,Drainage,unauthorized dumping reported,blocked drainage outlet,T Nagar,3.65,20.7,HIGH,CRITICAL,2,0.588,CONTRIBUTES_TO,0.632,1
POS_0427,Stagnant Water,Public Health Risk,Public Health,Health,pool of water has remained,health risk reported,Guindy,2.38,25.2,HIGH,CRITICAL,7,0.649,CAUSES,0.714,1
POS_0495,Blocked Drain,Waterlogging,Drainage,Flooding,drain is clogged,water has accumulated on the road,Kodambakkam,1.41,2.5,HIGH,MEDIUM,5,0.736,CAUSES,0.826,1
NEG_0066,Blocked Drain,Stagnant Water,Drainage,Public Health,blocked drainage outlet,standing water is not clearing,Kodambakkam,2.24,25.1,LOW,HIGH,10,0.169,NO_DEPENDENCY,0.296,0
NEG_1292,Waterlogging,Safety Risk,Flooding,Safety,standing rainwater on the street,risk to pedestrians and vehicles,Adyar,6.31,81.8,HIGH,MEDIUM,15,0.111,NO_DEPENDENCY,0.195,0
NEG_1112,Waterlogging,Safety Risk,Flooding,Safety,road is flooded,area has become unsafe,Tambaram,3.76,69.8,HIGH,MEDIUM,13,0.366,NO_DEPENDENCY,0.31,0
POS_1252,Stagnant Water,Public Health Risk,Public Health,Health,standing water is not clearing,sanitation may affect public health,Thiruvanmiyur,3.74,1.4,MEDIUM,HIGH,14,0.569,CAUSES,0.689,1
POS_1296,Pothole / Road Damage,Poor Road Visibility,Road,Safety,road surface is badly damaged,dark road section,Pallavaram,3.26,30.9,MEDIUM,CRITICAL,16,0.616,CONTRIBUTES_TO,0.571,1
POS_0276,Garbage Accumulation,Air Pollution,Waste,Environment,garbage has accumulated,local air pollution observed,Nungambakkam,1.93,6.8,LOW,LOW,13,0.488,CONTRIBUTES_TO,0.627,1
POS_0490,Illegal Dumping,Blocked Drain,Waste,Drainage,waste is being dumped illegally,blocked drainage outlet,Mylapore,0.05,2.1,MEDIUM,HIGH,1,0.601,CONTRIBUTES_TO,0.723,1
NEG_0458,Stagnant Water,Road Blockage,Public Health,Road,stagnant water remains,road is partially blocked,Anna Nagar,4.57,42.0,MEDIUM,HIGH,6,0.202,NO_DEPENDENCY,0.237,0
POS_0691,Traffic Congestion,Emergency Response Delay,Traffic,Emergency,traffic flow is disrupted,emergency access is difficult,Guindy,2.35,46.6,CRITICAL,HIGH,5,0.89,CAUSES,0.737,1
NEG_0552,Safety Risk,Road Blockage,Safety,Road,residents feel unsafe,traffic lane is obstructed,Thiruvanmiyur,1.97,38.0,CRITICAL,HIGH,9,0.086,NO_DEPENDENCY,0.26,0
NEG_0739,Air Pollution,Waterlogging,Environment,Flooding,polluted air reported,water has accumulated on the road,T Nagar,3.71,49.2,MEDIUM,MEDIUM,4,0.269,NO_DEPENDENCY,0.254,0
POS_1243,Pothole / Road Damage,Traffic Congestion,Road,Traffic,multiple potholes reported,traffic flow is disrupted,Porur,4.44,28.3,HIGH,HIGH,2,0.481,CONTRIBUTES_TO,0.588,1
NEG_1174,Poor Road Visibility,Sewer Overflow,Safety,Drainage,low visibility reported,sewage overflow reported,Guindy,2.96,23.4,MEDIUM,CRITICAL,9,0.199,NO_DEPENDENCY,0.291,0
NEG_0580,Waterlogging,Traffic Congestion,Flooding,Traffic,heavy waterlogging reported,severe congestion reported,Tambaram,6.87,56.6,MEDIUM,MEDIUM,9,0.37,NO_DEPENDENCY,0.256,0
POS_1059,Blocked Drain,Waterlogging,Drainage,Flooding,drain is clogged,standing rainwater on the street,Perambur,4.09,17.3,HIGH,LOW,15,0.524,CAUSES,0.721,1
POS_0119,Garbage Accumulation,Public Health Risk,Waste,Health,uncollected garbage is present,sanitation may affect public health,Guindy,3.73,19.4,CRITICAL,HIGH,11,0.837,CAUSES,0.753,1
NEG_0496,Poor Road Visibility,Illegal Dumping,Safety,Waste,low visibility reported,open dumping observed,Guindy,7.07,95.4,HIGH,CRITICAL,13,0.322,NO_DEPENDENCY,0.226,0
NEG_0786,Traffic Congestion,Stagnant Water,Traffic,Public Health,vehicles are queued,standing water is not clearing,Mylapore,5.97,73.2,MEDIUM,HIGH,3,0.386,NO_DEPENDENCY,0.23,0
POS_0282,Water Leakage,Stagnant Water,Water,Public Health,damaged water supply line,pool of water has remained,Tambaram,4.0,1.1,MEDIUM,CRITICAL,11,0.641,CAUSES,0.678,1
NEG_1308,Traffic Congestion,Safety Risk,Traffic,Safety,traffic flow is disrupted,residents feel unsafe,Porur,1.4,83.7,LOW,HIGH,7,0.41,NO_DEPENDENCY,0.317,0
NEG_0836,Stagnant Water,Pothole / Road Damage,Public Health,Road,standing water is not clearing,large pothole on the road,Royapettah,7.34,75.7,LOW,HIGH,9,0.275,NO_DEPENDENCY,0.204,0
NEG_1263,Poor Road Visibility,Road Blockage,Safety,Road,drivers cannot see clearly,road is partially blocked,Porur,7.11,92.9,MEDIUM,MEDIUM,0,0.19,NO_DEPENDENCY,0.123,0
NEG_1446,Waterlogging,Traffic Congestion,Flooding,Traffic,heavy waterlogging reported,vehicles are queued,Nungambakkam,6.0,3.0,MEDIUM,LOW,7,0.105,NO_DEPENDENCY,0.224,0
POS_1180,Illegal Dumping,Blocked Drain,Waste,Drainage,unauthorized dumping reported,blocked drainage outlet,Adyar,0.45,12.1,LOW,CRITICAL,12,0.813,CONTRIBUTES_TO,0.744,1
NEG_0103,Waterlogging,Poor Road Visibility,Flooding,Safety,road is flooded,low visibility reported,Kodambakkam,0.43,92.2,LOW,LOW,7,0.226,NO_DEPENDENCY,0.27,0
NEG_0617,Safety Risk,Road Blockage,Safety,Road,area has become unsafe,road is partially blocked,T Nagar,5.5,38.4,HIGH,HIGH,2,0.121,NO_DEPENDENCY,0.182,0
POS_0305,Pothole / Road Damage,Poor Road Visibility,Road,Safety,damaged road section,visibility on road is poor,Tambaram,2.92,38.9,LOW,LOW,11,0.499,CONTRIBUTES_TO,0.507,1
NEG_0345,Road Blockage,Pothole / Road Damage,Road,Road,vehicle movement is obstructed,large pothole on the road,Nungambakkam,5.9,76.3,HIGH,LOW,10,0.039,NO_DEPENDENCY,0.16,0
POS_1357,Sewer Overflow,Stagnant Water,Drainage,Public Health,sewer water is overflowing,pool of water has remained,Pallavaram,1.8,7.6,HIGH,HIGH,7,0.976,CAUSES,0.83,1
NEG_0937,Waterlogging,Pothole / Road Damage,Flooding,Road,heavy waterlogging reported,multiple potholes reported,Kodambakkam,0.39,70.1,HIGH,LOW,1,0.151,NO_DEPENDENCY,0.236,0
POS_0576,Sewer Overflow,Stagnant Water,Drainage,Public Health,sewer line has overflowed,pool of water has remained,Ambattur,1.45,25.7,HIGH,CRITICAL,4,0.957,CAUSES,0.802,1
NEG_0372,Emergency Response Delay,Water Leakage,Emergency,Water,emergency access is difficult,damaged water supply line,Porur,6.91,37.9,MEDIUM,LOW,1,0.271,NO_DEPENDENCY,0.201,0
NEG_1346,Safety Risk,Emergency Response Delay,Safety,Emergency,residents feel unsafe,emergency access is difficult,Tambaram,3.22,29.7,LOW,CRITICAL,14,0.271,NO_DEPENDENCY,0.328,0
NEG_1124,Waterlogging,Traffic Congestion,Flooding,Traffic,standing rainwater on the street,traffic flow is disrupted,Thiruvanmiyur,7.11,65.1,HIGH,CRITICAL,9,0.186,NO_DEPENDENCY,0.19,0
POS_1418,Water Leakage,Stagnant Water,Water,Public Health,damaged water supply line,stagnant water remains,Royapettah,2.87,35.9,MEDIUM,MEDIUM,19,0.901,CAUSES,0.73,1
NEG_0296,Pothole / Road Damage,Waterlogging,Road,Flooding,damaged road section,water has accumulated on the road,Nungambakkam,5.25,59.2,HIGH,LOW,2,0.304,NO_DEPENDENCY,0.223,0
POS_0844,Waterlogging,Road Blockage,Flooding,Road,road is flooded,vehicle movement is obstructed,Pallavaram,4.28,17.6,CRITICAL,CRITICAL,16,0.65,CAUSES,0.741,1
NEG_1313,Waterlogging,Water Leakage,Flooding,Water,water has accumulated on the road,damaged water supply line,Thiruvanmiyur,3.66,91.2,LOW,CRITICAL,12,0.311,NO_DEPENDENCY,0.272,0
POS_0270,Illegal Dumping,Waterlogging,Waste,Flooding,waste is being dumped illegally,road is flooded,Perambur,4.28,16.0,CRITICAL,HIGH,3,0.451,CONTRIBUTES_TO,0.57,1
POS_0630,Water Leakage,Stagnant Water,Water,Public Health,damaged water supply line,pool of water has remained,T Nagar,3.83,32.7,CRITICAL,MEDIUM,17,0.958,CAUSES,0.767,1
POS_1034,Pothole / Road Damage,Traffic Congestion,Road,Traffic,multiple potholes reported,vehicles are queued,Thiruvanmiyur,3.63,16.4,HIGH,CRITICAL,12,0.71,CONTRIBUTES_TO,0.695,1
POS_0287,Waterlogging,Road Blockage,Flooding,Road,heavy waterlogging reported,road is partially blocked,Guindy,0.11,7.0,HIGH,HIGH,16,0.456,CAUSES,0.796,1
NEG_0712,Water Leakage,Traffic Congestion,Water,Traffic,continuous water leakage,traffic is moving slowly,Tambaram,1.19,72.1,CRITICAL,LOW,8,0.439,NO_DEPENDENCY,0.344,0
POS_0301,Waterlogging,Road Blockage,Flooding,Road,standing rainwater on the street,vehicle movement is obstructed,Velachery,0.75,33.1,LOW,MEDIUM,20,0.888,CAUSES,0.79,1
NEG_0011,Public Health Risk,Air Pollution,Health,Environment,sanitation may affect public health,air quality is affected,Mylapore,2.26,85.8,HIGH,CRITICAL,7,0.386,NO_DEPENDENCY,0.295,0
NEG_0312,Street Light Failure,Road Blockage,Lighting,Road,street light is not working,road is partially blocked,Guindy,3.74,14.2,CRITICAL,LOW,4,0.093,NO_DEPENDENCY,0.23,0
POS_0066,Water Leakage,Stagnant Water,Water,Public Health,damaged water supply line,water is collecting,Thiruvanmiyur,0.1,45.5,CRITICAL,MEDIUM,14,0.495,CAUSES,0.742,1
NEG_0898,Air Pollution,Waterlogging,Environment,Flooding,polluted air reported,standing rainwater on the street,T Nagar,3.13,68.7,CRITICAL,CRITICAL,12,0.207,NO_DEPENDENCY,0.268,0
POS_0891,Waterlogging,Road Blockage,Flooding,Road,water has accumulated on the road,road is partially blocked,Royapettah,2.5,12.9,CRITICAL,CRITICAL,6,0.794,CAUSES,0.795,1
NEG_0268,Water Leakage,Traffic Congestion,Water,Traffic,damaged water supply line,vehicles are queued,Guindy,6.52,15.2,CRITICAL,MEDIUM,14,0.264,NO_DEPENDENCY,0.289,0
NEG_0232,Garbage Accumulation,Road Blockage,Waste,Road,waste has built up,traffic lane is obstructed,Perambur,7.49,94.6,LOW,CRITICAL,15,0.143,NO_DEPENDENCY,0.177,0
POS_1377,Blocked Drain,Waterlogging,Drainage,Flooding,stormwater drain is blocked,water has accumulated on the road,Kodambakkam,1.98,39.3,MEDIUM,MEDIUM,5,0.93,CAUSES,0.774,1
POS_0231,Water Leakage,Stagnant Water,Water,Public Health,pipeline leak near street,stagnant water remains,T Nagar,2.17,30.7,CRITICAL,CRITICAL,3,0.823,CAUSES,0.749,1
POS_0504,Blocked Drain,Waterlogging,Drainage,Flooding,stormwater drain is blocked,road is flooded,Ambattur,1.31,38.0,CRITICAL,LOW,2,0.778,CAUSES,0.805,1
NEG_0960,Traffic Congestion,Street Light Failure,Traffic,Lighting,traffic flow is disrupted,streetlights are off,Nungambakkam,0.41,14.9,CRITICAL,LOW,14,0.241,NO_DEPENDENCY,0.374,0
POS_1351,Blocked Drain,Waterlogging,Drainage,Flooding,drain is clogged,heavy waterlogging reported,Perambur,0.09,41.5,HIGH,HIGH,3,0.478,CAUSES,0.748,1
POS_1445,Illegal Dumping,Blocked Drain,Waste,Drainage,garbage dumped beside road,rainwater drain is not flowing,Pallavaram,1.3,31.4,HIGH,HIGH,11,0.973,CONTRIBUTES_TO,0.775,1
NEG_1052,Public Health Risk,Street Light Failure,Health,Lighting,sanitation may affect public health,roadside light has failed,Pallavaram,6.81,81.0,MEDIUM,LOW,3,0.336,NO_DEPENDENCY,0.196,0
POS_1005,Stagnant Water,Public Health Risk,Public Health,Health,pool of water has remained,disease risk is increasing,Porur,1.62,43.1,MEDIUM,LOW,15,0.884,CAUSES,0.75,1
POS_0837,Traffic Congestion,Emergency Response Delay,Traffic,Emergency,traffic flow is disrupted,response time is increasing,Perambur,3.33,36.5,MEDIUM,HIGH,2,0.778,CAUSES,0.647,1
NEG_0089,Street Light Failure,Safety Risk,Lighting,Safety,street light is not working,residents feel unsafe,Perambur,4.94,78.9,MEDIUM,CRITICAL,12,0.348,NO_DEPENDENCY,0.275,0
POS_0375,Illegal Dumping,Waterlogging,Waste,Flooding,garbage dumped beside road,heavy waterlogging reported,Thiruvanmiyur,3.37,1.3,LOW,LOW,2,0.664,CONTRIBUTES_TO,0.579,1
POS_1353,Pothole / Road Damage,Traffic Congestion,Road,Traffic,large pothole on the road,traffic flow is disrupted,Tambaram,0.5,27.2,MEDIUM,CRITICAL,5,0.927,CONTRIBUTES_TO,0.76,1
NEG_0611,Sewer Overflow,Garbage Accumulation,Drainage,Waste,sewer water is overflowing,large pile of waste reported,Nungambakkam,6.29,76.8,HIGH,CRITICAL,12,0.235,NO_DEPENDENCY,0.222,0
NEG_0287,Water Leakage,Emergency Response Delay,Water,Emergency,damaged water supply line,emergency access is difficult,Thiruvanmiyur,4.73,92.5,LOW,LOW,7,0.181,NO_DEPENDENCY,0.191,0
NEG_0304,Public Health Risk,Pothole / Road Damage,Health,Road,sanitation may affect public health,large pothole on the road,Royapettah,5.8,5.9,LOW,CRITICAL,4,0.354,NO_DEPENDENCY,0.284,0
NEG_0572,Public Health Risk,Sewer Overflow,Health,Drainage,possible health hazard,sewer water is overflowing,Kodambakkam,4.92,14.0,MEDIUM,LOW,15,0.321,NO_DEPENDENCY,0.336,0
POS_0752,Stagnant Water,Public Health Risk,Public Health,Health,pool of water has remained,disease risk is increasing,Anna Nagar,1.34,25.3,HIGH,HIGH,10,0.512,CAUSES,0.72,1
POS_0100,Pothole / Road Damage,Poor Road Visibility,Road,Safety,road surface is badly damaged,drivers cannot see clearly,Ambattur,2.75,24.1,MEDIUM,HIGH,10,0.929,CONTRIBUTES_TO,0.641,1
NEG_0224,Pothole / Road Damage,Waterlogging,Road,Flooding,damaged road section,standing rainwater on the street,Kodambakkam,1.56,29.6,CRITICAL,CRITICAL,14,0.434,NO_DEPENDENCY,0.402,0
POS_0867,Traffic Congestion,Emergency Response Delay,Traffic,Emergency,severe congestion reported,response time is increasing,Kodambakkam,0.81,45.3,CRITICAL,LOW,4,0.821,CAUSES,0.761,1
POS_0911,Pothole / Road Damage,Traffic Congestion,Road,Traffic,damaged road section,vehicles are queued,Adyar,0.23,19.2,MEDIUM,MEDIUM,2,0.844,CONTRIBUTES_TO,0.753,1
NEG_0510,Safety Risk,Pothole / Road Damage,Safety,Road,risk to pedestrians and vehicles,damaged road section,Guindy,3.13,56.0,HIGH,CRITICAL,9,0.277,NO_DEPENDENCY,0.284,0
POS_0530,Waterlogging,Road Blockage,Flooding,Road,water has accumulated on the road,road passage is blocked,Velachery,3.14,13.5,MEDIUM,MEDIUM,17,0.729,CAUSES,0.743,1
POS_0637,Pothole / Road Damage,Traffic Congestion,Road,Traffic,road surface is badly damaged,traffic flow is disrupted,Mylapore,1.39,30.9,HIGH,CRITICAL,4,0.787,CONTRIBUTES_TO,0.727,1
POS_0186,Illegal Dumping,Blocked Drain,Waste,Drainage,open dumping observed,stormwater drain is blocked,Nungambakkam,4.46,35.6,CRITICAL,HIGH,11,0.609,CONTRIBUTES_TO,0.642,1
POS_1188,Sewer Overflow,Stagnant Water,Drainage,Public Health,sewer line has overflowed,water is collecting,Ambattur,2.07,23.6,CRITICAL,LOW,13,0.959,CAUSES,0.838,1
NEG_0472,Garbage Accumulation,Safety Risk,Waste,Safety,uncollected garbage is present,area has become unsafe,Tambaram,0.37,40.7,CRITICAL,CRITICAL,13,0.363,NO_DEPENDENCY,0.384,0
POS_0932,Blocked Drain,Waterlogging,Drainage,Flooding,blocked drainage outlet,heavy waterlogging reported,Thiruvanmiyur,2.44,47.0,LOW,CRITICAL,19,0.862,CAUSES,0.749,1
POS_1382,Street Light Failure,Poor Road Visibility,Lighting,Safety,street light is not working,low visibility reported,Nungambakkam,1.71,33.2,CRITICAL,LOW,19,0.518,CAUSES,0.748,1
NEG_0796,Pothole / Road Damage,Stagnant Water,Road,Public Health,multiple potholes reported,standing water is not clearing,Porur,3.77,62.6,MEDIUM,HIGH,6,0.422,NO_DEPENDENCY,0.298,0
NEG_0883,Garbage Accumulation,Illegal Dumping,Waste,Waste,waste has built up,garbage dumped beside road,Nungambakkam,5.15,11.7,CRITICAL,HIGH,6,0.241,NO_DEPENDENCY,0.265,0
NEG_0902,Air Pollution,Street Light Failure,Environment,Lighting,air quality is affected,street light is not working,Kodambakkam,5.2,12.7,LOW,LOW,10,0.41,NO_DEPENDENCY,0.334,0
NEG_0500,Illegal Dumping,Air Pollution,Waste,Environment,unauthorized dumping reported,polluted air reported,Sholinganallur,2.3,43.1,MEDIUM,LOW,1,0.213,NO_DEPENDENCY,0.248,0
POS_0608,Waterlogging,Road Blockage,Flooding,Road,standing rainwater on the street,road passage is blocked,Royapettah,1.88,25.3,CRITICAL,CRITICAL,7,0.907,CAUSES,0.819,1
NEG_1397,Traffic Congestion,Garbage Accumulation,Traffic,Waste,vehicles are queued,waste has built up,Anna Nagar,0.4,20.4,LOW,LOW,2,0.234,NO_DEPENDENCY,0.307,0
POS_0152,Stagnant Water,Public Health Risk,Public Health,Health,pool of water has remained,possible health hazard,Porur,0.07,4.3,CRITICAL,LOW,5,0.586,CAUSES,0.808,1
POS_1284,Illegal Dumping,Waterlogging,Waste,Flooding,open dumping observed,heavy waterlogging reported,Thiruvanmiyur,0.68,13.6,HIGH,LOW,4,0.624,CONTRIBUTES_TO,0.676,1
NEG_0763,Emergency Response Delay,Water Leakage,Emergency,Water,emergency movement is delayed,continuous water leakage,Royapettah,6.52,82.8,MEDIUM,MEDIUM,9,0.25,NO_DEPENDENCY,0.203,0
POS_0732,Blocked Drain,Waterlogging,Drainage,Flooding,blocked drainage outlet,road is flooded,Adyar,1.65,12.9,LOW,LOW,6,0.809,CAUSES,0.773,1
POS_1338,Garbage Accumulation,Air Pollution,Waste,Environment,garbage has accumulated,air quality is affected,Royapettah,1.14,25.6,HIGH,LOW,5,0.745,CONTRIBUTES_TO,0.702,1
NEG_0099,Stagnant Water,Air Pollution,Public Health,Environment,stagnant water remains,local air pollution observed,Royapettah,5.37,87.3,LOW,HIGH,4,0.3,NO_DEPENDENCY,0.207,0
NEG_1341,Illegal Dumping,Pothole / Road Damage,Waste,Road,waste is being dumped illegally,large pothole on the road,Nungambakkam,6.17,31.8,LOW,LOW,3,0.439,NO_DEPENDENCY,0.278,0
POS_0024,Traffic Congestion,Emergency Response Delay,Traffic,Emergency,traffic flow is disrupted,response time is increasing,Royapettah,3.9,43.4,CRITICAL,HIGH,1,0.537,CAUSES,0.622,1
NEG_1358,Blocked Drain,Road Blockage,Drainage,Road,drain is clogged,traffic lane is obstructed,Royapettah,5.1,53.8,MEDIUM,LOW,10,0.245,NO_DEPENDENCY,0.252,0
POS_0159,Blocked Drain,Waterlogging,Drainage,Flooding,stormwater drain is blocked,standing rainwater on the street,Royapettah,3.4,9.6,HIGH,HIGH,2,0.639,CAUSES,0.739,1
POS_0862,Blocked Drain,Waterlogging,Drainage,Flooding,rainwater drain is not flowing,road is flooded,Perambur,2.73,41.8,HIGH,CRITICAL,8,0.598,CAUSES,0.718,1
POS_0903,Street Light Failure,Poor Road Visibility,Lighting,Safety,roadside light has failed,drivers cannot see clearly,Tambaram,2.43,16.9,LOW,CRITICAL,17,0.977,CAUSES,0.765,1
NEG_1156,Illegal Dumping,Street Light Failure,Waste,Lighting,open dumping observed,dark street due to light failure,Porur,1.43,31.1,MEDIUM,LOW,13,0.176,NO_DEPENDENCY,0.32,0
NEG_1438,Illegal Dumping,Public Health Risk,Waste,Health,garbage dumped beside road,possible health hazard,Guindy,3.92,34.9,MEDIUM,HIGH,1,0.389,NO_DEPENDENCY,0.284,0
POS_0445,Road Blockage,Traffic Congestion,Road,Traffic,traffic lane is obstructed,traffic flow is disrupted,T Nagar,4.43,44.0,MEDIUM,LOW,8,0.599,CAUSES,0.612,1
NEG_1439,Poor Road Visibility,Road Blockage,Safety,Road,dark road section,road is partially blocked,Tambaram,3.3,95.2,MEDIUM,CRITICAL,6,0.117,NO_DEPENDENCY,0.186,0
POS_0755,Garbage Accumulation,Air Pollution,Waste,Environment,waste has built up,dust and pollution are increasing,Sholinganallur,3.25,29.3,CRITICAL,CRITICAL,17,0.854,CONTRIBUTES_TO,0.721,1
POS_0924,Blocked Drain,Waterlogging,Drainage,Flooding,rainwater drain is not flowing,water has accumulated on the road,Royapettah,0.62,20.4,HIGH,HIGH,18,0.827,CAUSES,0.872,1
NEG_1471,Street Light Failure,Garbage Accumulation,Lighting,Waste,streetlights are off,waste has built up,Ambattur,0.21,30.2,CRITICAL,CRITICAL,6,0.365,NO_DEPENDENCY,0.361,0
NEG_0603,Traffic Congestion,Safety Risk,Traffic,Safety,traffic flow is disrupted,residents feel unsafe,Perambur,5.54,41.3,CRITICAL,MEDIUM,15,0.381,NO_DEPENDENCY,0.322,0
POS_0312,Traffic Congestion,Emergency Response Delay,Traffic,Emergency,severe congestion reported,emergency vehicles cannot move quickly,Pallavaram,2.69,38.8,LOW,HIGH,19,0.82,CAUSES,0.685,1
POS_0549,Garbage Accumulation,Public Health Risk,Waste,Health,large pile of waste reported,health risk reported,Thiruvanmiyur,3.69,34.4,LOW,CRITICAL,18,0.806,CAUSES,0.669,1
NEG_0446,Pothole / Road Damage,Waterlogging,Road,Flooding,damaged road section,water has accumulated on the road,Adyar,3.67,30.7,HIGH,MEDIUM,6,0.16,NO_DEPENDENCY,0.247,0
POS_1457,Pothole / Road Damage,Traffic Congestion,Road,Traffic,road surface is badly damaged,severe congestion reported,Anna Nagar,1.96,11.4,HIGH,HIGH,19,0.778,CONTRIBUTES_TO,0.775,1
POS_0307,Pothole / Road Damage,Poor Road Visibility,Road,Safety,damaged road section,low visibility reported,Pallavaram,0.88,13.8,MEDIUM,HIGH,2,0.918,CONTRIBUTES_TO,0.679,1
POS_0288,Street Light Failure,Poor Road Visibility,Lighting,Safety,streetlights are off,visibility on road is poor,Ambattur,3.53,13.3,HIGH,CRITICAL,1,0.92,CAUSES,0.741,1
POS_0695,Road Blockage,Traffic Congestion,Road,Traffic,road passage is blocked,severe congestion reported,Perambur,4.27,6.1,CRITICAL,CRITICAL,14,0.831,CAUSES,0.78,1
POS_0309,Water Leakage,Stagnant Water,Water,Public Health,continuous water leakage,stagnant water remains,Sholinganallur,3.53,16.8,CRITICAL,HIGH,11,0.75,CAUSES,0.74,1
NEG_0821,Sewer Overflow,Waterlogging,Drainage,Flooding,dirty wastewater is spreading,heavy waterlogging reported,Nungambakkam,4.81,61.1,CRITICAL,HIGH,13,0.334,NO_DEPENDENCY,0.292,0
POS_0750,Street Light Failure,Poor Road Visibility,Lighting,Safety,roadside light has failed,visibility on road is poor,Perambur,4.38,39.6,CRITICAL,CRITICAL,5,0.527,CAUSES,0.639,1
NEG_1316,Public Health Risk,Street Light Failure,Health,Lighting,possible health hazard,street light is not working,Anna Nagar,5.55,23.7,MEDIUM,CRITICAL,2,0.336,NO_DEPENDENCY,0.258,0
POS_1240,Garbage Accumulation,Public Health Risk,Waste,Health,large pile of waste reported,sanitation may affect public health,Porur,2.92,7.1,LOW,MEDIUM,9,0.692,CAUSES,0.681,1
POS_0909,Poor Road Visibility,Safety Risk,Safety,Safety,drivers cannot see clearly,residents feel unsafe,Adyar,2.97,11.2,HIGH,CRITICAL,10,0.66,CONTRIBUTES_TO,0.688,1
NEG_0381,Pothole / Road Damage,Road Blockage,Road,Road,damaged road section,road is partially blocked,Thiruvanmiyur,5.36,14.4,LOW,CRITICAL,11,0.042,NO_DEPENDENCY,0.225,0
NEG_0881,Sewer Overflow,Street Light Failure,Drainage,Lighting,sewer water is overflowing,streetlights are off,Ambattur,7.22,69.2,LOW,MEDIUM,1,0.405,NO_DEPENDENCY,0.211,0
POS_1407,Garbage Accumulation,Air Pollution,Waste,Environment,garbage has accumulated,air quality is affected,Nungambakkam,0.1,13.5,CRITICAL,MEDIUM,15,0.45,CONTRIBUTES_TO,0.736,1
NEG_0995,Stagnant Water,Traffic Congestion,Public Health,Traffic,water is collecting,vehicles are queued,T Nagar,0.93,38.6,LOW,CRITICAL,7,0.354,NO_DEPENDENCY,0.345,0
POS_0971,Sewer Overflow,Stagnant Water,Drainage,Public Health,sewer water is overflowing,standing water is not clearing,Adyar,1.89,21.9,LOW,MEDIUM,2,0.915,CAUSES,0.733,1
POS_0014,Garbage Accumulation,Public Health Risk,Waste,Health,waste has built up,health risk reported,Adyar,3.44,26.1,LOW,HIGH,17,0.863,CAUSES,0.696,1
POS_0874,Stagnant Water,Public Health Risk,Public Health,Health,water is collecting,sanitation may affect public health,Kodambakkam,1.47,24.4,CRITICAL,MEDIUM,9,0.815,CAUSES,0.801,1
POS_0809,Street Light Failure,Poor Road Visibility,Lighting,Safety,streetlights are off,visibility on road is poor,Sholinganallur,3.38,23.0,CRITICAL,CRITICAL,18,0.723,CAUSES,0.759,1
NEG_1079,Pothole / Road Damage,Garbage Accumulation,Road,Waste,multiple potholes reported,uncollected garbage is present,Mylapore,3.66,73.5,CRITICAL,CRITICAL,3,0.381,NO_DEPENDENCY,0.263,0
POS_0515,Illegal Dumping,Waterlogging,Waste,Flooding,unauthorized dumping reported,heavy waterlogging reported,Perambur,0.66,9.7,HIGH,CRITICAL,1,0.467,CONTRIBUTES_TO,0.643,1
NEG_0914,Road Blockage,Pothole / Road Damage,Road,Road,road passage is blocked,multiple potholes reported,Mylapore,6.85,83.3,HIGH,CRITICAL,14,0.266,NO_DEPENDENCY,0.228,0
POS_0410,Water Leakage,Stagnant Water,Water,Public Health,continuous water leakage,pool of water has remained,Guindy,4.03,26.1,HIGH,CRITICAL,5,0.797,CAUSES,0.684,1
NEG_1334,Blocked Drain,Stagnant Water,Drainage,Public Health,blocked drainage outlet,standing water is not clearing,Royapettah,1.54,86.7,HIGH,CRITICAL,15,0.222,NO_DEPENDENCY,0.296,0
NEG_0760,Road Blockage,Safety Risk,Road,Safety,traffic lane is obstructed,area has become unsafe,Sholinganallur,5.09,27.2,CRITICAL,LOW,3,0.421,NO_DEPENDENCY,0.292,0
NEG_1324,Waterlogging,Street Light Failure,Flooding,Lighting,standing rainwater on the street,street light is not working,Thiruvanmiyur,4.87,50.2,LOW,CRITICAL,12,0.445,NO_DEPENDENCY,0.329,0
POS_1226,Pothole / Road Damage,Traffic Congestion,Road,Traffic,damaged road section,traffic is moving slowly,Mylapore,2.76,35.1,HIGH,CRITICAL,7,0.513,CONTRIBUTES_TO,0.639,1
NEG_0156,Road Blockage,Stagnant Water,Road,Public Health,vehicle movement is obstructed,standing water is not clearing,Sholinganallur,2.56,54.0,HIGH,HIGH,5,0.082,NO_DEPENDENCY,0.216,0
NEG_0111,Blocked Drain,Traffic Congestion,Drainage,Traffic,stormwater drain is blocked,traffic flow is disrupted,Adyar,6.83,86.5,LOW,MEDIUM,3,0.091,NO_DEPENDENCY,0.118,0
POS_0383,Stagnant Water,Public Health Risk,Public Health,Health,stagnant water remains,sanitation may affect public health,Pallavaram,3.23,33.1,MEDIUM,HIGH,5,0.938,CAUSES,0.709,1
NEG_0607,Safety Risk,Road Blockage,Safety,Road,area has become unsafe,traffic lane is obstructed,Perambur,3.82,63.9,CRITICAL,CRITICAL,11,0.187,NO_DEPENDENCY,0.251,0
NEG_0688,Public Health Risk,Street Light Failure,Health,Lighting,disease risk is increasing,street light is not working,Porur,3.39,78.2,CRITICAL,LOW,9,0.381,NO_DEPENDENCY,0.293,0
NEG_0122,Emergency Response Delay,Pothole / Road Damage,Emergency,Road,emergency access is difficult,multiple potholes reported,Anna Nagar,4.63,93.1,HIGH,MEDIUM,1,0.345,NO_DEPENDENCY,0.211,0
NEG_1332,Road Blockage,Blocked Drain,Road,Drainage,traffic lane is obstructed,blocked drainage outlet,Anna Nagar,7.43,55.6,LOW,LOW,15,0.02,NO_DEPENDENCY,0.173,0
POS_0553,Garbage Accumulation,Public Health Risk,Waste,Health,large pile of waste reported,possible health hazard,Tambaram,2.52,3.9,CRITICAL,CRITICAL,15,0.61,CAUSES,0.769,1
POS_0223,Illegal Dumping,Blocked Drain,Waste,Drainage,garbage dumped beside road,drain is clogged,Perambur,0.25,41.5,HIGH,CRITICAL,1,0.843,CONTRIBUTES_TO,0.736,1
POS_1097,Pothole / Road Damage,Traffic Congestion,Road,Traffic,multiple potholes reported,traffic is moving slowly,Velachery,0.12,40.6,LOW,MEDIUM,18,0.9,CONTRIBUTES_TO,0.753,1
NEG_1255,Water Leakage,Waterlogging,Water,Flooding,continuous water leakage,road is flooded,Ambattur,3.95,7.9,LOW,MEDIUM,7,0.291,NO_DEPENDENCY,0.306,0
POS_0009,Waterlogging,Road Blockage,Flooding,Road,road is flooded,traffic lane is obstructed,Guindy,0.99,45.3,MEDIUM,CRITICAL,11,0.914,CAUSES,0.775,1
POS_1477,Waterlogging,Road Blockage,Flooding,Road,road is flooded,vehicle movement is obstructed,Anna Nagar,2.74,20.1,LOW,HIGH,12,0.649,CAUSES,0.69,1
POS_0317,Illegal Dumping,Blocked Drain,Waste,Drainage,unauthorized dumping reported,blocked drainage outlet,Mylapore,1.42,33.2,CRITICAL,LOW,1,0.517,CONTRIBUTES_TO,0.678,1
POS_0428,Illegal Dumping,Blocked Drain,Waste,Drainage,open dumping observed,drain is clogged,Royapettah,2.95,12.5,HIGH,HIGH,14,0.903,CONTRIBUTES_TO,0.753,1
NEG_0486,Poor Road Visibility,Sewer Overflow,Safety,Drainage,low visibility reported,dirty wastewater is spreading,Sholinganallur,1.26,55.7,LOW,HIGH,0,0.105,NO_DEPENDENCY,0.216,0
POS_0106,Blocked Drain,Waterlogging,Drainage,Flooding,rainwater drain is not flowing,standing rainwater on the street,Royapettah,2.81,45.3,MEDIUM,LOW,20,0.624,CAUSES,0.722,1
NEG_0516,Safety Risk,Water Leakage,Safety,Water,safety risk reported,continuous water leakage,Guindy,1.55,7.2,LOW,LOW,0,0.203,NO_DEPENDENCY,0.282,0
POS_0143,Pothole / Road Damage,Traffic Congestion,Road,Traffic,road surface is badly damaged,severe congestion reported,Velachery,0.85,10.7,MEDIUM,MEDIUM,16,0.952,CONTRIBUTES_TO,0.806,1
POS_0122,Garbage Accumulation,Public Health Risk,Waste,Health,uncollected garbage is present,sanitation may affect public health,Adyar,0.51,24.6,MEDIUM,LOW,16,0.532,CAUSES,0.727,1
NEG_0872,Sewer Overflow,Waterlogging,Drainage,Flooding,sewage overflow reported,heavy waterlogging reported,Velachery,6.94,29.4,LOW,MEDIUM,14,0.302,NO_DEPENDENCY,0.282,0
NEG_1366,Stagnant Water,Illegal Dumping,Public Health,Waste,standing water is not clearing,unauthorized dumping reported,Nungambakkam,2.98,56.9,CRITICAL,MEDIUM,4,0.114,NO_DEPENDENCY,0.212,0
POS_1190,Poor Road Visibility,Safety Risk,Safety,Safety,dark road section,residents feel unsafe,Perambur,0.85,20.6,MEDIUM,LOW,3,0.853,CONTRIBUTES_TO,0.724,1
NEG_1462,Water Leakage,Safety Risk,Water,Safety,pipeline leak near street,residents feel unsafe,Velachery,6.09,74.7,CRITICAL,HIGH,6,0.26,NO_DEPENDENCY,0.204,0
NEG_1101,Air Pollution,Sewer Overflow,Environment,Drainage,air quality is affected,sewage overflow reported,Ambattur,4.86,80.3,CRITICAL,CRITICAL,3,0.176,NO_DEPENDENCY,0.178,0
NEG_0158,Blocked Drain,Water Leakage,Drainage,Water,rainwater drain is not flowing,damaged water supply line,Anna Nagar,2.79,83.4,LOW,MEDIUM,15,0.268,NO_DEPENDENCY,0.294,0
POS_0116,Illegal Dumping,Waterlogging,Waste,Flooding,open dumping observed,road is flooded,Velachery,2.91,2.0,CRITICAL,LOW,13,0.979,CONTRIBUTES_TO,0.755,1
POS_1406,Illegal Dumping,Waterlogging,Waste,Flooding,waste is being dumped illegally,water has accumulated on the road,T Nagar,2.55,14.1,LOW,LOW,8,0.973,CONTRIBUTES_TO,0.658,1
NEG_0012,Waterlogging,Traffic Congestion,Flooding,Traffic,standing rainwater on the street,traffic flow is disrupted,Anna Nagar,7.63,44.2,LOW,LOW,13,0.191,NO_DEPENDENCY,0.221,0
NEG_0993,Pothole / Road Damage,Air Pollution,Road,Environment,road surface is badly damaged,air quality is affected,Tambaram,4.55,84.5,CRITICAL,CRITICAL,8,0.291,NO_DEPENDENCY,0.239,0
NEG_1298,Air Pollution,Pothole / Road Damage,Environment,Road,dust and pollution are increasing,multiple potholes reported,T Nagar,3.45,94.7,CRITICAL,HIGH,12,0.257,NO_DEPENDENCY,0.256,0
NEG_1449,Water Leakage,Pothole / Road Damage,Water,Road,damaged water supply line,road surface is badly damaged,Thiruvanmiyur,6.78,35.5,LOW,HIGH,4,0.15,NO_DEPENDENCY,0.184,0
NEG_0097,Water Leakage,Street Light Failure,Water,Lighting,damaged water supply line,roadside light has failed,Kodambakkam,1.3,93.1,CRITICAL,LOW,1,0.194,NO_DEPENDENCY,0.216,0
NEG_1390,Waterlogging,Air Pollution,Flooding,Environment,road is flooded,polluted air reported,Porur,2.46,82.8,LOW,LOW,5,0.261,NO_DEPENDENCY,0.247,0
POS_0673,Illegal Dumping,Blocked Drain,Waste,Drainage,garbage dumped beside road,drain is clogged,Royapettah,0.98,38.3,HIGH,CRITICAL,10,0.795,CONTRIBUTES_TO,0.735,1
POS_1432,Illegal Dumping,Waterlogging,Waste,Flooding,garbage dumped beside road,heavy waterlogging reported,Mylapore,1.16,18.9,CRITICAL,LOW,6,0.845,CONTRIBUTES_TO,0.731,1
NEG_0673,Water Leakage,Poor Road Visibility,Water,Safety,water pipe is leaking,visibility on road is poor,Sholinganallur,1.93,10.6,CRITICAL,CRITICAL,4,0.313,NO_DEPENDENCY,0.326,0
POS_0592,Pothole / Road Damage,Poor Road Visibility,Road,Safety,road surface is badly damaged,drivers cannot see clearly,Anna Nagar,0.37,35.4,CRITICAL,LOW,1,0.709,CONTRIBUTES_TO,0.668,1
POS_1403,Road Blockage,Traffic Congestion,Road,Traffic,vehicle movement is obstructed,vehicles are queued,Nungambakkam,0.55,18.9,MEDIUM,HIGH,7,0.507,CAUSES,0.723,1
POS_0889,Stagnant Water,Public Health Risk,Public Health,Health,stagnant water remains,possible health hazard,T Nagar,2.23,15.4,MEDIUM,LOW,12,0.933,CAUSES,0.775,1
NEG_0255,Emergency Response Delay,Garbage Accumulation,Emergency,Waste,response time is increasing,garbage has accumulated,Anna Nagar,7.07,73.8,CRITICAL,LOW,5,0.174,NO_DEPENDENCY,0.16,0
POS_1367,Street Light Failure,Poor Road Visibility,Lighting,Safety,roadside light has failed,low visibility reported,Porur,0.4,15.7,MEDIUM,CRITICAL,16,0.731,CAUSES,0.79,1
NEG_0897,Air Pollution,Traffic Congestion,Environment,Traffic,air quality is affected,traffic flow is disrupted,Adyar,7.13,92.6,CRITICAL,CRITICAL,15,0.17,NO_DEPENDENCY,0.192,0
POS_0214,Water Leakage,Stagnant Water,Water,Public Health,pipeline leak near street,pool of water has remained,Mylapore,1.02,41.5,HIGH,MEDIUM,17,0.48,CAUSES,0.704,1
NEG_0508,Road Blockage,Stagnant Water,Road,Public Health,vehicle movement is obstructed,stagnant water remains,Perambur,4.91,62.7,MEDIUM,HIGH,10,0.319,NO_DEPENDENCY,0.27,0
NEG_0649,Street Light Failure,Water Leakage,Lighting,Water,streetlights are off,damaged water supply line,Kodambakkam,7.89,87.4,MEDIUM,MEDIUM,4,0.428,NO_DEPENDENCY,0.207,0
POS_0801,Street Light Failure,Poor Road Visibility,Lighting,Safety,dark street due to light failure,visibility on road is poor,Perambur,1.71,33.5,CRITICAL,HIGH,16,0.829,CAUSES,0.803,1
NEG_0981,Emergency Response Delay,Street Light Failure,Emergency,Lighting,emergency access is difficult,streetlights are off,Mylapore,7.65,94.9,CRITICAL,LOW,5,0.275,NO_DEPENDENCY,0.164,0
NEG_0940,Road Blockage,Garbage Accumulation,Road,Waste,road passage is blocked,uncollected garbage is present,Sholinganallur,1.27,54.6,LOW,MEDIUM,11,0.171,NO_DEPENDENCY,0.292,0
NEG_0784,Street Light Failure,Garbage Accumulation,Lighting,Waste,roadside light has failed,uncollected garbage is present,T Nagar,7.16,21.3,MEDIUM,MEDIUM,4,0.338,NO_DEPENDENCY,0.246,0
NEG_1163,Road Blockage,Poor Road Visibility,Road,Safety,traffic lane is obstructed,visibility on road is poor,Ambattur,2.23,43.9,MEDIUM,CRITICAL,7,0.276,NO_DEPENDENCY,0.298,0
NEG_1212,Blocked Drain,Water Leakage,Drainage,Water,rainwater drain is not flowing,pipeline leak near street,Adyar,0.82,23.0,MEDIUM,LOW,9,0.088,NO_DEPENDENCY,0.29,0
POS_0274,Waterlogging,Road Blockage,Flooding,Road,road is flooded,road passage is blocked,Adyar,1.7,43.4,HIGH,MEDIUM,13,0.538,CAUSES,0.714,1
POS_0072,Garbage Accumulation,Public Health Risk,Waste,Health,waste has built up,disease risk is increasing,Velachery,0.87,2.9,LOW,LOW,16,0.949,CAUSES,0.807,1
NEG_0290,Public Health Risk,Street Light Failure,Health,Lighting,disease risk is increasing,street light is not working,Nungambakkam,1.93,33.1,LOW,LOW,0,0.061,NO_DEPENDENCY,0.212,0
POS_1088,Water Leakage,Stagnant Water,Water,Public Health,water pipe is leaking,pool of water has remained,Royapettah,3.45,45.0,HIGH,MEDIUM,11,0.932,CAUSES,0.714,1
POS_0395,Water Leakage,Stagnant Water,Water,Public Health,water pipe is leaking,pool of water has remained,Perambur,3.27,1.7,CRITICAL,CRITICAL,12,0.724,CAUSES,0.765,1
POS_0584,Pothole / Road Damage,Poor Road Visibility,Road,Safety,large pothole on the road,low visibility reported,Guindy,2.02,12.8,HIGH,CRITICAL,3,0.468,CONTRIBUTES_TO,0.59,1
NEG_0581,Water Leakage,Poor Road Visibility,Water,Safety,pipeline leak near street,drivers cannot see clearly,Adyar,2.12,88.4,LOW,LOW,4,0.275,NO_DEPENDENCY,0.247,0
NEG_0481,Public Health Risk,Poor Road Visibility,Health,Safety,possible health hazard,dark road section,Thiruvanmiyur,4.5,9.1,LOW,MEDIUM,9,0.287,NO_DEPENDENCY,0.306,0
POS_0501,Traffic Congestion,Emergency Response Delay,Traffic,Emergency,severe congestion reported,emergency vehicles cannot move quickly,Porur,3.1,7.9,LOW,LOW,3,0.836,CAUSES,0.681,1
NEG_0515,Road Blockage,Stagnant Water,Road,Public Health,road passage is blocked,stagnant water remains,T Nagar,1.58,61.4,HIGH,CRITICAL,0,0.161,NO_DEPENDENCY,0.223,0
NEG_0724,Blocked Drain,Road Blockage,Drainage,Road,drain is clogged,road is partially blocked,Pallavaram,6.45,80.3,CRITICAL,LOW,13,0.107,NO_DEPENDENCY,0.183,0
NEG_1480,Emergency Response Delay,Water Leakage,Emergency,Water,emergency vehicles cannot move quickly,continuous water leakage,T Nagar,1.92,78.4,HIGH,HIGH,6,0.052,NO_DEPENDENCY,0.201,0
NEG_1241,Public Health Risk,Safety Risk,Health,Safety,sanitation may affect public health,safety risk reported,Kodambakkam,0.21,90.1,CRITICAL,CRITICAL,5,0.044,NO_DEPENDENCY,0.21,0
NEG_0819,Sewer Overflow,Pothole / Road Damage,Drainage,Road,sewer water is overflowing,road surface is badly damaged,Nungambakkam,1.5,32.4,HIGH,LOW,15,0.346,NO_DEPENDENCY,0.379,0
POS_1260,Garbage Accumulation,Air Pollution,Waste,Environment,large pile of waste reported,air quality is affected,Kodambakkam,0.5,17.6,CRITICAL,HIGH,3,0.614,CONTRIBUTES_TO,0.723,1
NEG_0243,Pothole / Road Damage,Safety Risk,Road,Safety,road surface is badly damaged,area has become unsafe,T Nagar,4.62,94.4,MEDIUM,MEDIUM,1,0.242,NO_DEPENDENCY,0.18,0
POS_0206,Stagnant Water,Public Health Risk,Public Health,Health,water is collecting,health risk reported,Thiruvanmiyur,2.44,8.3,LOW,MEDIUM,15,0.903,CAUSES,0.757,1
POS_0734,Street Light Failure,Poor Road Visibility,Lighting,Safety,street light is not working,visibility on road is poor,Tambaram,0.27,45.4,LOW,LOW,4,0.873,CAUSES,0.726,1
NEG_1003,Water Leakage,Waterlogging,Water,Flooding,water pipe is leaking,standing rainwater on the street,Porur,2.61,35.0,MEDIUM,CRITICAL,2,0.287,NO_DEPENDENCY,0.278,0
POS_0527,Blocked Drain,Waterlogging,Drainage,Flooding,stormwater drain is blocked,water has accumulated on the road,Adyar,2.96,2.2,HIGH,HIGH,19,0.903,CAUSES,0.856,1
POS_1376,Street Light Failure,Poor Road Visibility,Lighting,Safety,roadside light has failed,low visibility reported,Nungambakkam,3.39,20.4,HIGH,CRITICAL,5,0.463,CAUSES,0.653,1
POS_0899,Street Light Failure,Poor Road Visibility,Lighting,Safety,dark street due to light failure,drivers cannot see clearly,Porur,2.09,21.4,HIGH,HIGH,15,0.638,CAUSES,0.744,1
POS_0378,Road Blockage,Traffic Congestion,Road,Traffic,road passage is blocked,traffic flow is disrupted,Perambur,3.71,35.8,MEDIUM,MEDIUM,9,0.667,CAUSES,0.657,1
NEG_0227,Air Pollution,Illegal Dumping,Environment,Waste,local air pollution observed,open dumping observed,Guindy,1.2,84.2,CRITICAL,LOW,11,0.094,NO_DEPENDENCY,0.245,0
NEG_1183,Emergency Response Delay,Sewer Overflow,Emergency,Drainage,emergency vehicles cannot move quickly,sewer line has overflowed,Mylapore,5.7,7.7,HIGH,MEDIUM,11,0.206,NO_DEPENDENCY,0.275,0
NEG_1223,Safety Risk,Air Pollution,Safety,Environment,residents feel unsafe,polluted air reported,Guindy,6.3,10.7,LOW,MEDIUM,3,0.236,NO_DEPENDENCY,0.232,0
POS_0387,Pothole / Road Damage,Poor Road Visibility,Road,Safety,multiple potholes reported,drivers cannot see clearly,Thiruvanmiyur,1.75,20.3,LOW,LOW,11,0.868,CONTRIBUTES_TO,0.636,1
POS_0199,Pothole / Road Damage,Traffic Congestion,Road,Traffic,road surface is badly damaged,traffic is moving slowly,Sholinganallur,2.07,31.0,CRITICAL,HIGH,5,0.728,CONTRIBUTES_TO,0.725,1
POS_1051,Garbage Accumulation,Air Pollution,Waste,Environment,large pile of waste reported,dust and pollution are increasing,Pallavaram,1.34,23.4,LOW,LOW,2,0.626,CONTRIBUTES_TO,0.619,1
POS_0591,Blocked Drain,Waterlogging,Drainage,Flooding,rainwater drain is not flowing,heavy waterlogging reported,Mylapore,1.56,16.5,LOW,MEDIUM,13,0.832,CAUSES,0.792,1
POS_0520,Street Light Failure,Poor Road Visibility,Lighting,Safety,roadside light has failed,drivers cannot see clearly,Kodambakkam,2.35,7.3,LOW,LOW,15,0.89,CAUSES,0.758,1
NEG_1451,Emergency Response Delay,Illegal Dumping,Emergency,Waste,emergency access is difficult,unauthorized dumping reported,Perambur,7.94,22.1,MEDIUM,CRITICAL,1,0.365,NO_DEPENDENCY,0.227,0
POS_0430,Street Light Failure,Poor Road Visibility,Lighting,Safety,street light is not working,drivers cannot see clearly,Kodambakkam,0.66,41.5,CRITICAL,MEDIUM,8,0.513,CAUSES,0.734,1
POS_1084,Pothole / Road Damage,Traffic Congestion,Road,Traffic,road surface is badly damaged,traffic is moving slowly,Nungambakkam,0.4,43.8,MEDIUM,HIGH,17,0.896,CONTRIBUTES_TO,0.763,1
POS_0208,Pothole / Road Damage,Traffic Congestion,Road,Traffic,large pothole on the road,traffic is moving slowly,Velachery,3.68,35.9,CRITICAL,HIGH,2,0.757,CONTRIBUTES_TO,0.677,1
POS_0492,Road Blockage,Traffic Congestion,Road,Traffic,road passage is blocked,traffic flow is disrupted,Perambur,0.67,17.9,HIGH,HIGH,8,0.759,CAUSES,0.799,1
NEG_0110,Emergency Response Delay,Safety Risk,Emergency,Safety,emergency access is difficult,area has become unsafe,Thiruvanmiyur,2.65,69.2,CRITICAL,LOW,11,0.094,NO_DEPENDENCY,0.236,0
NEG_1413,Blocked Drain,Air Pollution,Drainage,Environment,rainwater drain is not flowing,dust and pollution are increasing,Mylapore,2.0,2.7,MEDIUM,MEDIUM,13,0.057,NO_DEPENDENCY,0.3,0
POS_0793,Illegal Dumping,Waterlogging,Waste,Flooding,open dumping observed,heavy waterlogging reported,Anna Nagar,2.83,11.9,CRITICAL,MEDIUM,11,0.839,CONTRIBUTES_TO,0.71,1
NEG_0520,Emergency Response Delay,Public Health Risk,Emergency,Health,emergency movement is delayed,sanitation may affect public health,Mylapore,3.47,22.6,LOW,LOW,12,0.293,NO_DEPENDENCY,0.327,0
POS_1187,Poor Road Visibility,Safety Risk,Safety,Safety,dark road section,safety risk reported,Kodambakkam,0.42,33.1,LOW,MEDIUM,13,0.504,CONTRIBUTES_TO,0.648,1
POS_1186,Sewer Overflow,Stagnant Water,Drainage,Public Health,dirty wastewater is spreading,stagnant water remains,Thiruvanmiyur,3.7,2.2,MEDIUM,MEDIUM,14,0.958,CAUSES,0.779,1
NEG_0682,Waterlogging,Street Light Failure,Flooding,Lighting,standing rainwater on the street,roadside light has failed,Perambur,5.98,62.1,LOW,HIGH,4,0.082,NO_DEPENDENCY,0.153,0
POS_1341,Sewer Overflow,Stagnant Water,Drainage,Public Health,dirty wastewater is spreading,standing water is not clearing,Pallavaram,3.72,23.1,HIGH,CRITICAL,13,0.753,CAUSES,0.731,1
NEG_0733,Safety Risk,Pothole / Road Damage,Safety,Road,residents feel unsafe,road surface is badly damaged,Perambur,4.96,91.8,LOW,CRITICAL,9,0.069,NO_DEPENDENCY,0.165,0
POS_0084,Water Leakage,Stagnant Water,Water,Public Health,continuous water leakage,pool of water has remained,Thiruvanmiyur,1.66,36.4,MEDIUM,HIGH,2,0.781,CAUSES,0.693,1
NEG_0870,Emergency Response Delay,Water Leakage,Emergency,Water,emergency vehicles cannot move quickly,continuous water leakage,Porur,1.06,43.1,LOW,MEDIUM,11,0.357,NO_DEPENDENCY,0.36,0
NEG_0727,Illegal Dumping,Stagnant Water,Waste,Public Health,open dumping observed,standing water is not clearing,Ambattur,4.71,56.9,CRITICAL,CRITICAL,2,0.206,NO_DEPENDENCY,0.204,0
POS_0021,Garbage Accumulation,Air Pollution,Waste,Environment,uncollected garbage is present,air quality is affected,Mylapore,3.29,32.5,LOW,CRITICAL,4,0.972,CONTRIBUTES_TO,0.632,1
POS_1379,Illegal Dumping,Waterlogging,Waste,Flooding,garbage dumped beside road,water has accumulated on the road,Velachery,2.75,24.2,CRITICAL,LOW,6,0.681,CONTRIBUTES_TO,0.651,1
NEG_0059,Road Blockage,Pothole / Road Damage,Road,Road,traffic lane is obstructed,damaged road section,Perambur,4.3,10.8,MEDIUM,LOW,4,0.132,NO_DEPENDENCY,0.236,0
NEG_0439,Pothole / Road Damage,Stagnant Water,Road,Public Health,multiple potholes reported,water is collecting,Nungambakkam,6.77,15.2,CRITICAL,LOW,3,0.389,NO_DEPENDENCY,0.267,0
NEG_1338,Street Light Failure,Air Pollution,Lighting,Environment,streetlights are off,air quality is affected,Nungambakkam,7.35,80.7,LOW,CRITICAL,15,0.158,NO_DEPENDENCY,0.195,0
NEG_0438,Illegal Dumping,Air Pollution,Waste,Environment,unauthorized dumping reported,dust and pollution are increasing,Porur,5.21,70.8,HIGH,HIGH,10,0.286,NO_DEPENDENCY,0.249,0
POS_0974,Illegal Dumping,Blocked Drain,Waste,Drainage,waste is being dumped illegally,blocked drainage outlet,Thiruvanmiyur,1.51,15.6,MEDIUM,CRITICAL,16,0.978,CONTRIBUTES_TO,0.78,1
NEG_1290,Street Light Failure,Blocked Drain,Lighting,Drainage,roadside light has failed,stormwater drain is blocked,Pallavaram,0.26,50.3,LOW,MEDIUM,13,0.137,NO_DEPENDENCY,0.31,0
POS_0884,Poor Road Visibility,Safety Risk,Safety,Safety,visibility on road is poor,residents feel unsafe,Velachery,2.69,18.7,HIGH,MEDIUM,14,0.98,CONTRIBUTES_TO,0.759,1
POS_1099,Road Blockage,Traffic Congestion,Road,Traffic,road is partially blocked,traffic is moving slowly,Tambaram,0.16,29.3,HIGH,CRITICAL,14,0.641,CAUSES,0.788,1
POS_0157,Water Leakage,Stagnant Water,Water,Public Health,continuous water leakage,stagnant water remains,Thiruvanmiyur,1.56,31.0,CRITICAL,MEDIUM,15,0.89,CAUSES,0.807,1
NEG_0777,Water Leakage,Traffic Congestion,Water,Traffic,water pipe is leaking,traffic is moving slowly,Adyar,3.64,63.2,LOW,HIGH,6,0.203,NO_DEPENDENCY,0.234,0
POS_0887,Road Blockage,Traffic Congestion,Road,Traffic,road passage is blocked,vehicles are queued,Nungambakkam,2.61,31.5,LOW,LOW,9,0.497,CAUSES,0.632,1
NEG_1499,Water Leakage,Air Pollution,Water,Environment,continuous water leakage,air quality is affected,Nungambakkam,3.25,7.9,LOW,HIGH,11,0.097,NO_DEPENDENCY,0.279,0
NEG_0092,Garbage Accumulation,Pothole / Road Damage,Waste,Road,large pile of waste reported,road surface is badly damaged,Nungambakkam,2.53,46.8,CRITICAL,LOW,4,0.307,NO_DEPENDENCY,0.285,0
NEG_0979,Street Light Failure,Pothole / Road Damage,Lighting,Road,dark street due to light failure,road surface is badly damaged,Anna Nagar,3.14,93.8,LOW,MEDIUM,15,0.187,NO_DEPENDENCY,0.256,0
NEG_1218,Air Pollution,Stagnant Water,Environment,Public Health,local air pollution observed,standing water is not clearing,Pallavaram,4.99,56.9,CRITICAL,LOW,6,0.184,NO_DEPENDENCY,0.213,0
NEG_1035,Garbage Accumulation,Poor Road Visibility,Waste,Safety,uncollected garbage is present,low visibility reported,Anna Nagar,5.48,90.5,LOW,LOW,1,0.205,NO_DEPENDENCY,0.159,0
NEG_0618,Safety Risk,Public Health Risk,Safety,Health,area has become unsafe,disease risk is increasing,Kodambakkam,7.41,17.7,HIGH,HIGH,0,0.383,NO_DEPENDENCY,0.239,0
POS_1473,Illegal Dumping,Waterlogging,Waste,Flooding,unauthorized dumping reported,road is flooded,Tambaram,0.74,6.8,HIGH,CRITICAL,12,0.907,CONTRIBUTES_TO,0.76,1
NEG_1149,Blocked Drain,Street Light Failure,Drainage,Lighting,stormwater drain is blocked,dark street due to light failure,Nungambakkam,3.33,68.6,HIGH,MEDIUM,12,0.032,NO_DEPENDENCY,0.212,0
POS_0459,Stagnant Water,Public Health Risk,Public Health,Health,pool of water has remained,disease risk is increasing,Guindy,0.74,31.6,MEDIUM,MEDIUM,10,0.919,CAUSES,0.782,1
NEG_0999,Blocked Drain,Sewer Overflow,Drainage,Drainage,drain is clogged,sewer water is overflowing,Royapettah,7.38,30.7,HIGH,LOW,5,0.3,NO_DEPENDENCY,0.229,0
POS_0079,Illegal Dumping,Waterlogging,Waste,Flooding,waste is being dumped illegally,water has accumulated on the road,Royapettah,3.11,33.7,CRITICAL,CRITICAL,17,0.95,CONTRIBUTES_TO,0.71,1
NEG_1415,Waterlogging,Water Leakage,Flooding,Water,water has accumulated on the road,damaged water supply line,Nungambakkam,2.73,65.8,HIGH,LOW,6,0.214,NO_DEPENDENCY,0.248,0
POS_1057,Sewer Overflow,Stagnant Water,Drainage,Public Health,sewer water is overflowing,water is collecting,Royapettah,0.5,28.5,CRITICAL,CRITICAL,9,0.645,CAUSES,0.797,1
POS_0907,Blocked Drain,Waterlogging,Drainage,Flooding,rainwater drain is not flowing,standing rainwater on the street,Anna Nagar,2.79,16.1,HIGH,MEDIUM,1,0.638,CAUSES,0.743,1
NEG_0064,Water Leakage,Emergency Response Delay,Water,Emergency,water pipe is leaking,emergency vehicles cannot move quickly,Tambaram,1.44,53.3,HIGH,CRITICAL,15,0.084,NO_DEPENDENCY,0.284,0
NEG_0927,Blocked Drain,Street Light Failure,Drainage,Lighting,stormwater drain is blocked,dark street due to light failure,T Nagar,1.3,20.4,HIGH,LOW,4,0.073,NO_DEPENDENCY,0.255,0
NEG_1197,Poor Road Visibility,Blocked Drain,Safety,Drainage,visibility on road is poor,blocked drainage outlet,Royapettah,7.32,49.5,LOW,LOW,1,0.34,NO_DEPENDENCY,0.206,0
POS_0381,Illegal Dumping,Blocked Drain,Waste,Drainage,garbage dumped beside road,rainwater drain is not flowing,Sholinganallur,2.98,29.3,CRITICAL,MEDIUM,13,0.621,CONTRIBUTES_TO,0.696,1
POS_0948,Road Blockage,Traffic Congestion,Road,Traffic,vehicle movement is obstructed,traffic flow is disrupted,Velachery,3.62,31.6,CRITICAL,CRITICAL,14,0.58,CAUSES,0.711,1
NEG_0213,Emergency Response Delay,Waterlogging,Emergency,Flooding,emergency vehicles cannot move quickly,road is flooded,Kodambakkam,2.32,43.6,MEDIUM,HIGH,3,0.198,NO_DEPENDENCY,0.253,0
NEG_1257,Public Health Risk,Road Blockage,Health,Road,possible health hazard,vehicle movement is obstructed,Kodambakkam,1.96,56.3,MEDIUM,HIGH,7,0.049,NO_DEPENDENCY,0.223,0
POS_0716,Illegal Dumping,Waterlogging,Waste,Flooding,unauthorized dumping reported,road is flooded,Porur,2.0,43.6,MEDIUM,HIGH,5,0.703,CONTRIBUTES_TO,0.595,1
NEG_0414,Blocked Drain,Garbage Accumulation,Drainage,Waste,drain is clogged,garbage has accumulated,Adyar,7.63,47.3,CRITICAL,HIGH,1,0.186,NO_DEPENDENCY,0.157,0
POS_0687,Waterlogging,Road Blockage,Flooding,Road,road is flooded,road passage is blocked,Ambattur,4.22,36.4,CRITICAL,HIGH,6,0.608,CAUSES,0.683,1
NEG_1171,Garbage Accumulation,Stagnant Water,Waste,Public Health,waste has built up,pool of water has remained,Pallavaram,7.09,82.8,CRITICAL,MEDIUM,14,0.288,NO_DEPENDENCY,0.231,0
POS_1294,Traffic Congestion,Emergency Response Delay,Traffic,Emergency,vehicles are queued,emergency access is difficult,Nungambakkam,1.28,37.7,MEDIUM,MEDIUM,9,0.622,CAUSES,0.683,1
POS_0306,Pothole / Road Damage,Poor Road Visibility,Road,Safety,road surface is badly damaged,dark road section,Perambur,2.6,39.5,CRITICAL,CRITICAL,1,0.659,CONTRIBUTES_TO,0.596,1
POS_0210,Illegal Dumping,Blocked Drain,Waste,Drainage,unauthorized dumping reported,rainwater drain is not flowing,Guindy,0.41,46.3,HIGH,LOW,5,0.914,CONTRIBUTES_TO,0.75,1
NEG_0512,Safety Risk,Water Leakage,Safety,Water,residents feel unsafe,water pipe is leaking,Pallavaram,7.4,29.2,MEDIUM,LOW,12,0.02,NO_DEPENDENCY,0.181,0
NEG_0722,Blocked Drain,Air Pollution,Drainage,Environment,stormwater drain is blocked,local air pollution observed,Velachery,3.21,44.0,MEDIUM,HIGH,13,0.244,NO_DEPENDENCY,0.303,0
NEG_1476,Water Leakage,Street Light Failure,Water,Lighting,damaged water supply line,street light is not working,Porur,2.96,45.8,HIGH,LOW,2,0.434,NO_DEPENDENCY,0.308,0
NEG_0038,Blocked Drain,Garbage Accumulation,Drainage,Waste,drain is clogged,waste has built up,Adyar,3.82,7.8,CRITICAL,HIGH,1,0.402,NO_DEPENDENCY,0.312,0
POS_0886,Sewer Overflow,Stagnant Water,Drainage,Public Health,sewer line has overflowed,stagnant water remains,T Nagar,4.04,9.1,LOW,CRITICAL,6,0.768,CAUSES,0.678,1
NEG_0360,Water Leakage,Garbage Accumulation,Water,Waste,pipeline leak near street,uncollected garbage is present,Velachery,5.33,25.3,HIGH,MEDIUM,8,0.438,NO_DEPENDENCY,0.32,0
POS_0918,Illegal Dumping,Blocked Drain,Waste,Drainage,garbage dumped beside road,blocked drainage outlet,Nungambakkam,2.18,24.7,LOW,HIGH,10,0.791,CONTRIBUTES_TO,0.673,1
NEG_0387,Air Pollution,Emergency Response Delay,Environment,Emergency,local air pollution observed,response time is increasing,Tambaram,5.61,77.0,HIGH,LOW,4,0.421,NO_DEPENDENCY,0.248,0
NEG_0161,Sewer Overflow,Garbage Accumulation,Drainage,Waste,sewer water is overflowing,uncollected garbage is present,Pallavaram,5.89,70.3,MEDIUM,LOW,6,0.043,NO_DEPENDENCY,0.146,0
POS_0192,Garbage Accumulation,Public Health Risk,Waste,Health,waste has built up,disease risk is increasing,Nungambakkam,2.19,27.1,HIGH,LOW,9,0.945,CAUSES,0.772,1
NEG_0248,Traffic Congestion,Blocked Drain,Traffic,Drainage,traffic is moving slowly,blocked drainage outlet,Ambattur,0.23,70.9,CRITICAL,MEDIUM,14,0.448,NO_DEPENDENCY,0.392,0
NEG_0632,Stagnant Water,Safety Risk,Public Health,Safety,pool of water has remained,safety risk reported,Velachery,5.23,56.5,LOW,CRITICAL,1,0.345,NO_DEPENDENCY,0.233,0
POS_1266,Blocked Drain,Waterlogging,Drainage,Flooding,rainwater drain is not flowing,road is flooded,Thiruvanmiyur,1.6,11.1,LOW,CRITICAL,3,0.673,CAUSES,0.742,1
POS_0484,Stagnant Water,Public Health Risk,Public Health,Health,stagnant water remains,sanitation may affect public health,Royapettah,3.24,1.1,LOW,CRITICAL,16,0.938,CAUSES,0.756,1
POS_0916,Garbage Accumulation,Air Pollution,Waste,Environment,uncollected garbage is present,dust and pollution are increasing,Guindy,2.68,30.6,CRITICAL,LOW,5,0.572,CONTRIBUTES_TO,0.647,1
NEG_1100,Safety Risk,Traffic Congestion,Safety,Traffic,residents feel unsafe,traffic is moving slowly,Nungambakkam,5.03,31.5,HIGH,HIGH,4,0.122,NO_DEPENDENCY,0.205,0
POS_0278,Garbage Accumulation,Public Health Risk,Waste,Health,garbage has accumulated,health risk reported,Guindy,3.26,30.3,CRITICAL,MEDIUM,14,0.53,CAUSES,0.695,1
POS_0989,Water Leakage,Stagnant Water,Water,Public Health,damaged water supply line,stagnant water remains,Anna Nagar,1.31,42.3,MEDIUM,LOW,14,0.59,CAUSES,0.686,1
NEG_0488,Garbage Accumulation,Street Light Failure,Waste,Lighting,waste has built up,street light is not working,Pallavaram,6.27,63.5,LOW,MEDIUM,2,0.094,NO_DEPENDENCY,0.141,0
NEG_0395,Street Light Failure,Pothole / Road Damage,Lighting,Road,roadside light has failed,multiple potholes reported,Adyar,4.43,15.3,HIGH,MEDIUM,0,0.28,NO_DEPENDENCY,0.255,0
NEG_0370,Poor Road Visibility,Road Blockage,Safety,Road,low visibility reported,road is partially blocked,Tambaram,7.48,71.6,MEDIUM,HIGH,7,0.034,NO_DEPENDENCY,0.123,0
POS_0572,Poor Road Visibility,Safety Risk,Safety,Safety,visibility on road is poor,safety risk reported,Guindy,0.83,37.7,LOW,HIGH,6,0.575,CONTRIBUTES_TO,0.628,1
POS_0994,Street Light Failure,Poor Road Visibility,Lighting,Safety,roadside light has failed,dark road section,Perambur,3.32,47.2,MEDIUM,MEDIUM,12,0.786,CAUSES,0.675,1
NEG_1296,Water Leakage,Street Light Failure,Water,Lighting,continuous water leakage,streetlights are off,Perambur,3.73,35.3,LOW,HIGH,12,0.264,NO_DEPENDENCY,0.304,0
NEG_1447,Street Light Failure,Stagnant Water,Lighting,Public Health,dark street due to light failure,standing water is not clearing,Thiruvanmiyur,6.18,9.8,LOW,HIGH,15,0.175,NO_DEPENDENCY,0.277,0
POS_0586,Illegal Dumping,Waterlogging,Waste,Flooding,open dumping observed,road is flooded,Adyar,1.99,40.6,MEDIUM,LOW,3,0.864,CONTRIBUTES_TO,0.626,1
NEG_0829,Sewer Overflow,Safety Risk,Drainage,Safety,sewage overflow reported,residents feel unsafe,Thiruvanmiyur,6.3,68.2,LOW,HIGH,11,0.422,NO_DEPENDENCY,0.28,0
NEG_1494,Water Leakage,Public Health Risk,Water,Health,pipeline leak near street,health risk reported,Guindy,1.28,94.2,HIGH,CRITICAL,15,0.192,NO_DEPENDENCY,0.285,0
POS_1350,Garbage Accumulation,Public Health Risk,Waste,Health,garbage has accumulated,health risk reported,Velachery,2.14,41.7,HIGH,LOW,16,0.519,CAUSES,0.685,1
NEG_1401,Poor Road Visibility,Traffic Congestion,Safety,Traffic,low visibility reported,vehicles are queued,Porur,2.15,22.3,CRITICAL,HIGH,0,0.113,NO_DEPENDENCY,0.233,0
POS_0675,Sewer Overflow,Stagnant Water,Drainage,Public Health,sewage overflow reported,pool of water has remained,Thiruvanmiyur,4.33,35.8,CRITICAL,LOW,18,0.698,CAUSES,0.725,1
NEG_1091,Blocked Drain,Poor Road Visibility,Drainage,Safety,rainwater drain is not flowing,dark road section,Nungambakkam,3.95,34.3,LOW,CRITICAL,3,0.307,NO_DEPENDENCY,0.269,0
POS_0856,Street Light Failure,Poor Road Visibility,Lighting,Safety,roadside light has failed,drivers cannot see clearly,T Nagar,0.65,23.6,CRITICAL,MEDIUM,4,0.716,CAUSES,0.79,1
POS_0448,Illegal Dumping,Waterlogging,Waste,Flooding,garbage dumped beside road,standing rainwater on the street,Kodambakkam,4.32,16.8,MEDIUM,CRITICAL,14,0.547,CONTRIBUTES_TO,0.565,1
POS_1420,Illegal Dumping,Waterlogging,Waste,Flooding,unauthorized dumping reported,standing rainwater on the street,Royapettah,0.57,35.3,CRITICAL,CRITICAL,18,0.872,CONTRIBUTES_TO,0.758,1
NEG_0730,Blocked Drain,Safety Risk,Drainage,Safety,stormwater drain is blocked,safety risk reported,Ambattur,2.83,79.9,MEDIUM,CRITICAL,1,0.347,NO_DEPENDENCY,0.25,0
NEG_0117,Air Pollution,Street Light Failure,Environment,Lighting,air quality is affected,roadside light has failed,Sholinganallur,5.9,59.0,MEDIUM,MEDIUM,13,0.121,NO_DEPENDENCY,0.214,0
NEG_0759,Water Leakage,Emergency Response Delay,Water,Emergency,pipeline leak near street,response time is increasing,Porur,6.4,81.6,MEDIUM,LOW,12,0.325,NO_DEPENDENCY,0.243,0
NEG_1322,Safety Risk,Sewer Overflow,Safety,Drainage,area has become unsafe,sewer line has overflowed,Royapettah,2.15,48.5,LOW,CRITICAL,8,0.41,NO_DEPENDENCY,0.34,0
NEG_1254,Poor Road Visibility,Waterlogging,Safety,Flooding,low visibility reported,heavy waterlogging reported,Velachery,4.93,13.9,MEDIUM,LOW,4,0.051,NO_DEPENDENCY,0.2,0
NEG_0217,Poor Road Visibility,Stagnant Water,Safety,Public Health,dark road section,standing water is not clearing,Royapettah,5.88,23.3,MEDIUM,CRITICAL,12,0.276,NO_DEPENDENCY,0.285,0
NEG_1172,Street Light Failure,Air Pollution,Lighting,Environment,roadside light has failed,local air pollution observed,Anna Nagar,5.75,30.9,MEDIUM,LOW,1,0.405,NO_DEPENDENCY,0.265,0
POS_1248,Illegal Dumping,Blocked Drain,Waste,Drainage,open dumping observed,stormwater drain is blocked,Sholinganallur,3.64,38.4,HIGH,LOW,2,0.891,CONTRIBUTES_TO,0.668,1
POS_0295,Road Blockage,Traffic Congestion,Road,Traffic,road passage is blocked,traffic flow is disrupted,Porur,0.08,20.0,LOW,HIGH,12,0.573,CAUSES,0.734,1
POS_0589,Street Light Failure,Poor Road Visibility,Lighting,Safety,roadside light has failed,drivers cannot see clearly,T Nagar,1.79,5.6,LOW,CRITICAL,16,0.815,CAUSES,0.761,1
POS_1282,Road Blockage,Traffic Congestion,Road,Traffic,traffic lane is obstructed,traffic flow is disrupted,Perambur,0.69,39.6,CRITICAL,MEDIUM,8,0.855,CAUSES,0.813,1
POS_1423,Blocked Drain,Waterlogging,Drainage,Flooding,rainwater drain is not flowing,water has accumulated on the road,Royapettah,0.19,6.3,LOW,HIGH,3,0.548,CAUSES,0.759,1
NEG_0850,Poor Road Visibility,Waterlogging,Safety,Flooding,drivers cannot see clearly,road is flooded,Pallavaram,5.44,6.6,MEDIUM,HIGH,7,0.268,NO_DEPENDENCY,0.278,0
POS_1427,Illegal Dumping,Blocked Drain,Waste,Drainage,waste is being dumped illegally,drain is clogged,Adyar,0.22,23.7,HIGH,LOW,16,0.93,CONTRIBUTES_TO,0.817,1
NEG_0753,Safety Risk,Water Leakage,Safety,Water,residents feel unsafe,damaged water supply line,Porur,3.68,7.0,HIGH,HIGH,7,0.399,NO_DEPENDENCY,0.344,0
POS_0426,Poor Road Visibility,Safety Risk,Safety,Safety,drivers cannot see clearly,area has become unsafe,Anna Nagar,1.08,41.3,CRITICAL,HIGH,18,0.6,CONTRIBUTES_TO,0.727,1
POS_0535,Poor Road Visibility,Safety Risk,Safety,Safety,drivers cannot see clearly,residents feel unsafe,Sholinganallur,0.08,33.1,LOW,MEDIUM,19,0.631,CONTRIBUTES_TO,0.697,1
POS_1055,Garbage Accumulation,Air Pollution,Waste,Environment,garbage has accumulated,dust and pollution are increasing,Guindy,2.78,21.4,CRITICAL,MEDIUM,4,0.799,CONTRIBUTES_TO,0.701,1
NEG_0365,Emergency Response Delay,Poor Road Visibility,Emergency,Safety,response time is increasing,low visibility reported,Velachery,6.27,5.5,HIGH,CRITICAL,9,0.024,NO_DEPENDENCY,0.204,0
NEG_1005,Garbage Accumulation,Pothole / Road Damage,Waste,Road,large pile of waste reported,damaged road section,Kodambakkam,3.19,60.0,LOW,MEDIUM,5,0.098,NO_DEPENDENCY,0.207,0
POS_1426,Blocked Drain,Waterlogging,Drainage,Flooding,blocked drainage outlet,road is flooded,Anna Nagar,1.19,23.0,LOW,CRITICAL,18,0.873,CAUSES,0.813,1
POS_0133,Water Leakage,Stagnant Water,Water,Public Health,continuous water leakage,stagnant water remains,Guindy,2.87,25.7,HIGH,MEDIUM,12,0.553,CAUSES,0.682,1
NEG_0338,Blocked Drain,Public Health Risk,Drainage,Health,rainwater drain is not flowing,disease risk is increasing,Ambattur,1.17,39.3,MEDIUM,LOW,7,0.172,NO_DEPENDENCY,0.286,0
NEG_0326,Illegal Dumping,Pothole / Road Damage,Waste,Road,open dumping observed,multiple potholes reported,Ambattur,1.42,36.1,MEDIUM,CRITICAL,8,0.437,NO_DEPENDENCY,0.37,0
POS_0422,Traffic Congestion,Emergency Response Delay,Traffic,Emergency,traffic is moving slowly,emergency vehicles cannot move quickly,Pallavaram,1.73,6.8,CRITICAL,MEDIUM,17,0.459,CAUSES,0.752,1
NEG_1159,Water Leakage,Pothole / Road Damage,Water,Road,water pipe is leaking,multiple potholes reported,Kodambakkam,7.59,8.3,MEDIUM,LOW,15,0.138,NO_DEPENDENCY,0.246,0
NEG_0529,Emergency Response Delay,Public Health Risk,Emergency,Health,response time is increasing,possible health hazard,Velachery,2.14,82.6,MEDIUM,HIGH,9,0.204,NO_DEPENDENCY,0.255,0
NEG_1490,Sewer Overflow,Blocked Drain,Drainage,Drainage,sewage overflow reported,rainwater drain is not flowing,Ambattur,6.6,3.1,LOW,CRITICAL,10,0.312,NO_DEPENDENCY,0.292,0
POS_1369,Road Blockage,Traffic Congestion,Road,Traffic,vehicle movement is obstructed,vehicles are queued,Mylapore,3.96,27.8,LOW,MEDIUM,4,0.55,CAUSES,0.601,1
POS_0557,Traffic Congestion,Emergency Response Delay,Traffic,Emergency,traffic flow is disrupted,response time is increasing,Kodambakkam,3.69,42.6,MEDIUM,MEDIUM,1,0.929,CAUSES,0.657,1
NEG_0544,Waterlogging,Sewer Overflow,Flooding,Drainage,water has accumulated on the road,dirty wastewater is spreading,Anna Nagar,1.1,40.2,CRITICAL,LOW,4,0.148,NO_DEPENDENCY,0.264,0
POS_1487,Illegal Dumping,Blocked Drain,Waste,Drainage,waste is being dumped illegally,blocked drainage outlet,Pallavaram,2.48,12.6,LOW,MEDIUM,1,0.936,CONTRIBUTES_TO,0.689,1
NEG_1180,Water Leakage,Public Health Risk,Water,Health,water pipe is leaking,health risk reported,T Nagar,5.88,24.2,MEDIUM,MEDIUM,1,0.16,NO_DEPENDENCY,0.195,0
POS_0571,Pothole / Road Damage,Traffic Congestion,Road,Traffic,road surface is badly damaged,traffic flow is disrupted,Nungambakkam,0.64,13.8,LOW,MEDIUM,1,0.905,CONTRIBUTES_TO,0.735,1
POS_0353,Garbage Accumulation,Public Health Risk,Waste,Health,garbage has accumulated,health risk reported,Thiruvanmiyur,3.89,9.1,MEDIUM,HIGH,11,0.493,CAUSES,0.644,1
POS_0092,Illegal Dumping,Blocked Drain,Waste,Drainage,waste is being dumped illegally,blocked drainage outlet,Kodambakkam,3.93,46.6,HIGH,CRITICAL,9,0.49,CONTRIBUTES_TO,0.587,1
NEG_1063,Garbage Accumulation,Illegal Dumping,Waste,Waste,large pile of waste reported,waste is being dumped illegally,Sholinganallur,3.81,13.5,HIGH,HIGH,2,0.282,NO_DEPENDENCY,0.276,0
NEG_1034,Public Health Risk,Sewer Overflow,Health,Drainage,possible health hazard,sewer line has overflowed,Tambaram,2.47,26.8,CRITICAL,HIGH,10,0.125,NO_DEPENDENCY,0.278,0
POS_1171,Road Blockage,Traffic Congestion,Road,Traffic,road is partially blocked,vehicles are queued,Velachery,2.44,10.5,HIGH,MEDIUM,12,0.822,CAUSES,0.788,1
NEG_0749,Safety Risk,Traffic Congestion,Safety,Traffic,residents feel unsafe,vehicles are queued,T Nagar,5.97,74.0,LOW,HIGH,6,0.381,NO_DEPENDENCY,0.243,0
POS_1286,Garbage Accumulation,Air Pollution,Waste,Environment,uncollected garbage is present,dust and pollution are increasing,Adyar,4.02,5.9,MEDIUM,CRITICAL,19,0.697,CONTRIBUTES_TO,0.658,1
NEG_0203,Street Light Failure,Pothole / Road Damage,Lighting,Road,street light is not working,damaged road section,Porur,1.03,89.5,MEDIUM,HIGH,12,0.27,NO_DEPENDENCY,0.301,0
POS_1469,Pothole / Road Damage,Traffic Congestion,Road,Traffic,multiple potholes reported,traffic flow is disrupted,Royapettah,0.79,3.7,LOW,MEDIUM,20,0.912,CONTRIBUTES_TO,0.795,1
NEG_0408,Pothole / Road Damage,Illegal Dumping,Road,Waste,large pothole on the road,garbage dumped beside road,Tambaram,2.83,53.1,LOW,HIGH,3,0.101,NO_DEPENDENCY,0.209,0
POS_1478,Traffic Congestion,Emergency Response Delay,Traffic,Emergency,traffic flow is disrupted,emergency vehicles cannot move quickly,Guindy,1.99,30.8,MEDIUM,HIGH,19,0.528,CAUSES,0.681,1
POS_0698,Stagnant Water,Public Health Risk,Public Health,Health,water is collecting,possible health hazard,Sholinganallur,2.06,12.3,LOW,LOW,15,0.759,CAUSES,0.732,1
NEG_1007,Road Blockage,Water Leakage,Road,Water,road is partially blocked,continuous water leakage,Ambattur,2.15,80.5,LOW,MEDIUM,6,0.289,NO_DEPENDENCY,0.267,0
POS_0349,Garbage Accumulation,Air Pollution,Waste,Environment,large pile of waste reported,local air pollution observed,Tambaram,0.81,31.7,LOW,CRITICAL,10,0.746,CONTRIBUTES_TO,0.665,1
NEG_0145,Emergency Response Delay,Street Light Failure,Emergency,Lighting,emergency vehicles cannot move quickly,street light is not working,Sholinganallur,2.59,62.1,LOW,MEDIUM,7,0.272,NO_DEPENDENCY,0.276,0
NEG_0847,Pothole / Road Damage,Water Leakage,Road,Water,large pothole on the road,pipeline leak near street,Mylapore,1.28,14.3,CRITICAL,MEDIUM,13,0.15,NO_DEPENDENCY,0.329,0
NEG_0932,Sewer Overflow,Safety Risk,Drainage,Safety,sewage overflow reported,residents feel unsafe,Porur,3.38,75.0,CRITICAL,CRITICAL,1,0.233,NO_DEPENDENCY,0.212,0
NEG_0669,Garbage Accumulation,Water Leakage,Waste,Water,waste has built up,pipeline leak near street,Anna Nagar,3.18,74.3,MEDIUM,HIGH,1,0.35,NO_DEPENDENCY,0.25,0
POS_1138,Garbage Accumulation,Public Health Risk,Waste,Health,large pile of waste reported,disease risk is increasing,Nungambakkam,3.44,34.4,LOW,CRITICAL,19,0.69,CAUSES,0.655,1
NEG_0298,Pothole / Road Damage,Sewer Overflow,Road,Drainage,damaged road section,sewage overflow reported,Velachery,5.59,37.9,HIGH,MEDIUM,1,0.242,NO_DEPENDENCY,0.212,0
NEG_0045,Sewer Overflow,Waterlogging,Drainage,Flooding,sewer line has overflowed,road is flooded,Mylapore,3.16,60.7,LOW,HIGH,10,0.403,NO_DEPENDENCY,0.323,0
NEG_1337,Public Health Risk,Air Pollution,Health,Environment,disease risk is increasing,polluted air reported,Adyar,7.51,94.4,CRITICAL,CRITICAL,14,0.35,NO_DEPENDENCY,0.234,0
NEG_1321,Blocked Drain,Stagnant Water,Drainage,Public Health,drain is clogged,pool of water has remained,Thiruvanmiyur,3.53,80.0,HIGH,HIGH,4,0.134,NO_DEPENDENCY,0.191,0
POS_1340,Blocked Drain,Waterlogging,Drainage,Flooding,stormwater drain is blocked,water has accumulated on the road,Anna Nagar,1.75,27.2,LOW,MEDIUM,19,0.881,CAUSES,0.797,1
NEG_0991,Waterlogging,Emergency Response Delay,Flooding,Emergency,standing rainwater on the street,response time is increasing,Mylapore,5.58,80.5,HIGH,HIGH,5,0.124,NO_DEPENDENCY,0.161,0
POS_0454,Sewer Overflow,Stagnant Water,Drainage,Public Health,dirty wastewater is spreading,standing water is not clearing,Tambaram,2.32,37.3,CRITICAL,HIGH,3,0.687,CAUSES,0.733,1
POS_0914,Illegal Dumping,Blocked Drain,Waste,Drainage,unauthorized dumping reported,drain is clogged,Ambattur,2.19,13.9,MEDIUM,MEDIUM,14,0.494,CONTRIBUTES_TO,0.664,1
POS_1200,Illegal Dumping,Blocked Drain,Waste,Drainage,garbage dumped beside road,stormwater drain is blocked,Mylapore,0.97,37.6,HIGH,CRITICAL,9,0.798,CONTRIBUTES_TO,0.735,1
POS_1275,Sewer Overflow,Stagnant Water,Drainage,Public Health,sewage overflow reported,stagnant water remains,Mylapore,3.86,36.8,CRITICAL,LOW,12,0.589,CAUSES,0.698,1
NEG_0367,Safety Risk,Pothole / Road Damage,Safety,Road,residents feel unsafe,damaged road section,Anna Nagar,6.9,83.2,MEDIUM,HIGH,12,0.247,NO_DEPENDENCY,0.211,0
POS_0038,Garbage Accumulation,Air Pollution,Waste,Environment,large pile of waste reported,air quality is affected,Perambur,2.14,10.0,HIGH,MEDIUM,12,0.937,CONTRIBUTES_TO,0.755,1
POS_0975,Blocked Drain,Waterlogging,Drainage,Flooding,rainwater drain is not flowing,water has accumulated on the road,Nungambakkam,2.48,45.6,HIGH,LOW,7,0.527,CAUSES,0.703,1
NEG_1271,Water Leakage,Road Blockage,Water,Road,damaged water supply line,vehicle movement is obstructed,Kodambakkam,4.45,25.8,MEDIUM,CRITICAL,13,0.31,NO_DEPENDENCY,0.32,0
POS_0984,Sewer Overflow,Stagnant Water,Drainage,Public Health,sewer water is overflowing,standing water is not clearing,Thiruvanmiyur,4.5,20.2,CRITICAL,HIGH,18,0.636,CAUSES,0.73,1
NEG_0306,Street Light Failure,Safety Risk,Lighting,Safety,street light is not working,risk to pedestrians and vehicles,Velachery,4.76,59.4,LOW,MEDIUM,2,0.116,NO_DEPENDENCY,0.174,0
NEG_0462,Waterlogging,Safety Risk,Flooding,Safety,road is flooded,safety risk reported,Kodambakkam,1.26,21.9,LOW,HIGH,12,0.218,NO_DEPENDENCY,0.338,0
POS_1419,Pothole / Road Damage,Poor Road Visibility,Road,Safety,road surface is badly damaged,drivers cannot see clearly,Sholinganallur,0.55,24.3,LOW,HIGH,4,0.472,CONTRIBUTES_TO,0.564,1
POS_1285,Pothole / Road Damage,Traffic Congestion,Road,Traffic,multiple potholes reported,traffic is moving slowly,Kodambakkam,3.71,26.2,LOW,HIGH,5,0.773,CONTRIBUTES_TO,0.625,1
POS_0040,Pothole / Road Damage,Poor Road Visibility,Road,Safety,damaged road section,dark road section,Sholinganallur,4.37,9.0,LOW,LOW,9,0.96,CONTRIBUTES_TO,0.6,1
NEG_1041,Water Leakage,Poor Road Visibility,Water,Safety,continuous water leakage,visibility on road is poor,Ambattur,0.34,28.2,CRITICAL,MEDIUM,7,0.227,NO_DEPENDENCY,0.325,0
POS_0170,Poor Road Visibility,Safety Risk,Safety,Safety,visibility on road is poor,residents feel unsafe,Kodambakkam,2.25,17.6,MEDIUM,LOW,15,0.753,CONTRIBUTES_TO,0.703,1
POS_1356,Illegal Dumping,Waterlogging,Waste,Flooding,unauthorized dumping reported,heavy waterlogging reported,Porur,4.26,27.4,HIGH,LOW,3,0.919,CONTRIBUTES_TO,0.624,1
POS_0738,Road Blockage,Traffic Congestion,Road,Traffic,traffic lane is obstructed,severe congestion reported,Anna Nagar,3.62,20.1,HIGH,LOW,15,0.667,CAUSES,0.721,1
NEG_0091,Emergency Response Delay,Water Leakage,Emergency,Water,response time is increasing,water pipe is leaking,Thiruvanmiyur,1.84,51.3,LOW,MEDIUM,1,0.133,NO_DEPENDENCY,0.225,0
NEG_1200,Waterlogging,Stagnant Water,Flooding,Public Health,heavy waterlogging reported,stagnant water remains,Anna Nagar,4.81,33.4,CRITICAL,CRITICAL,5,0.192,NO_DEPENDENCY,0.233,0
NEG_0398,Road Blockage,Pothole / Road Damage,Road,Road,vehicle movement is obstructed,large pothole on the road,Mylapore,5.37,60.6,LOW,MEDIUM,10,0.032,NO_DEPENDENCY,0.179,0
POS_0635,Illegal Dumping,Blocked Drain,Waste,Drainage,open dumping observed,blocked drainage outlet,Pallavaram,0.83,22.5,MEDIUM,MEDIUM,5,0.751,CONTRIBUTES_TO,0.715,1
NEG_1148,Public Health Risk,Traffic Congestion,Health,Traffic,sanitation may affect public health,vehicles are queued,Kodambakkam,5.54,75.0,MEDIUM,MEDIUM,4,0.042,NO_DEPENDENCY,0.137,0
NEG_0419,Blocked Drain,Street Light Failure,Drainage,Lighting,rainwater drain is not flowing,roadside light has failed,Royapettah,3.67,30.0,CRITICAL,HIGH,0,0.079,NO_DEPENDENCY,0.194,0
POS_1291,Stagnant Water,Public Health Risk,Public Health,Health,stagnant water remains,sanitation may affect public health,Thiruvanmiyur,0.47,46.4,CRITICAL,CRITICAL,19,0.576,CAUSES,0.773,1
POS_1381,Pothole / Road Damage,Traffic Congestion,Road,Traffic,road surface is badly damaged,vehicles are queued,Sholinganallur,2.86,16.6,CRITICAL,LOW,20,0.615,CONTRIBUTES_TO,0.74,1
POS_0580,Garbage Accumulation,Air Pollution,Waste,Environment,large pile of waste reported,local air pollution observed,Porur,2.74,18.4,MEDIUM,LOW,19,0.855,CONTRIBUTES_TO,0.704,1
POS_0329,Waterlogging,Road Blockage,Flooding,Road,road is flooded,traffic lane is obstructed,Pallavaram,3.02,38.9,MEDIUM,LOW,19,0.669,CAUSES,0.704,1
NEG_0143,Emergency Response Delay,Public Health Risk,Emergency,Health,response time is increasing,sanitation may affect public health,Porur,5.71,50.0,HIGH,CRITICAL,8,0.443,NO_DEPENDENCY,0.296,0
POS_0893,Garbage Accumulation,Public Health Risk,Waste,Health,uncollected garbage is present,health risk reported,Adyar,4.47,21.1,MEDIUM,LOW,20,0.464,CAUSES,0.63,1
NEG_0350,Air Pollution,Traffic Congestion,Environment,Traffic,dust and pollution are increasing,traffic flow is disrupted,Kodambakkam,0.78,42.1,LOW,MEDIUM,7,0.404,NO_DEPENDENCY,0.359,0
POS_0781,Road Blockage,Traffic Congestion,Road,Traffic,road passage is blocked,vehicles are queued,Ambattur,1.52,3.5,CRITICAL,CRITICAL,1,0.781,CAUSES,0.81,1
POS_0160,Pothole / Road Damage,Poor Road Visibility,Road,Safety,damaged road section,dark road section,Ambattur,1.83,21.4,MEDIUM,CRITICAL,11,0.957,CONTRIBUTES_TO,0.675,1
NEG_0046,Blocked Drain,Sewer Overflow,Drainage,Drainage,rainwater drain is not flowing,dirty wastewater is spreading,Velachery,0.79,55.1,LOW,MEDIUM,13,0.079,NO_DEPENDENCY,0.281,0
NEG_0434,Air Pollution,Safety Risk,Environment,Safety,polluted air reported,residents feel unsafe,Tambaram,3.23,52.9,HIGH,MEDIUM,10,0.314,NO_DEPENDENCY,0.302,0
NEG_1479,Emergency Response Delay,Water Leakage,Emergency,Water,emergency movement is delayed,damaged water supply line,Velachery,6.84,68.5,LOW,CRITICAL,11,0.343,NO_DEPENDENCY,0.248,0
POS_0062,Water Leakage,Stagnant Water,Water,Public Health,damaged water supply line,stagnant water remains,Royapettah,1.96,18.1,LOW,CRITICAL,11,0.718,CAUSES,0.696,1
POS_0850,Street Light Failure,Poor Road Visibility,Lighting,Safety,streetlights are off,low visibility reported,Guindy,1.15,23.2,LOW,MEDIUM,12,0.938,CAUSES,0.768,1
NEG_0630,Blocked Drain,Pothole / Road Damage,Drainage,Road,drain is clogged,large pothole on the road,Guindy,2.22,59.1,MEDIUM,HIGH,8,0.09,NO_DEPENDENCY,0.234,0
NEG_1393,Water Leakage,Safety Risk,Water,Safety,continuous water leakage,area has become unsafe,Adyar,5.75,67.4,LOW,LOW,15,0.05,NO_DEPENDENCY,0.198,0
POS_1044,Traffic Congestion,Emergency Response Delay,Traffic,Emergency,vehicles are queued,emergency vehicles cannot move quickly,Royapettah,3.66,30.8,HIGH,HIGH,4,0.674,CAUSES,0.656,1
NEG_0997,Safety Risk,Public Health Risk,Safety,Health,area has become unsafe,health risk reported,Perambur,5.16,85.9,CRITICAL,CRITICAL,2,0.161,NO_DEPENDENCY,0.159,0
NEG_0761,Blocked Drain,Road Blockage,Drainage,Road,stormwater drain is blocked,vehicle movement is obstructed,Porur,7.2,9.2,LOW,HIGH,12,0.306,NO_DEPENDENCY,0.286,0
NEG_0622,Illegal Dumping,Street Light Failure,Waste,Lighting,garbage dumped beside road,street light is not working,Kodambakkam,0.83,3.5,HIGH,MEDIUM,13,0.24,NO_DEPENDENCY,0.372,0
POS_1071,Traffic Congestion,Emergency Response Delay,Traffic,Emergency,severe congestion reported,response time is increasing,Velachery,3.7,14.3,HIGH,LOW,13,0.889,CAUSES,0.743,1
POS_0054,Poor Road Visibility,Safety Risk,Safety,Safety,drivers cannot see clearly,residents feel unsafe,Royapettah,1.79,42.9,MEDIUM,CRITICAL,18,0.893,CONTRIBUTES_TO,0.715,1
POS_0259,Pothole / Road Damage,Traffic Congestion,Road,Traffic,damaged road section,traffic flow is disrupted,Tambaram,0.57,18.2,CRITICAL,MEDIUM,13,0.525,CONTRIBUTES_TO,0.76,1
POS_0506,Pothole / Road Damage,Poor Road Visibility,Road,Safety,large pothole on the road,visibility on road is poor,Mylapore,1.45,41.7,MEDIUM,CRITICAL,6,0.732,CONTRIBUTES_TO,0.599,1
POS_0753,Poor Road Visibility,Safety Risk,Safety,Safety,drivers cannot see clearly,risk to pedestrians and vehicles,Anna Nagar,0.69,37.7,HIGH,MEDIUM,10,0.674,CONTRIBUTES_TO,0.711,1
NEG_0479,Road Blockage,Water Leakage,Road,Water,road is partially blocked,water pipe is leaking,Anna Nagar,0.47,63.3,LOW,HIGH,4,0.214,NO_DEPENDENCY,0.274,0
NEG_1448,Traffic Congestion,Water Leakage,Traffic,Water,traffic flow is disrupted,water pipe is leaking,Kodambakkam,4.29,68.8,CRITICAL,CRITICAL,3,0.289,NO_DEPENDENCY,0.23,0
NEG_0911,Road Blockage,Safety Risk,Road,Safety,road passage is blocked,area has become unsafe,Porur,0.65,69.9,LOW,CRITICAL,7,0.273,NO_DEPENDENCY,0.299,0
NEG_0018,Road Blockage,Pothole / Road Damage,Road,Road,road passage is blocked,road surface is badly damaged,Guindy,1.58,77.8,LOW,LOW,8,0.254,NO_DEPENDENCY,0.278,0
NEG_1498,Road Blockage,Sewer Overflow,Road,Drainage,road is partially blocked,dirty wastewater is spreading,T Nagar,7.51,32.3,HIGH,MEDIUM,6,0.138,NO_DEPENDENCY,0.182,0
NEG_0774,Pothole / Road Damage,Illegal Dumping,Road,Waste,large pothole on the road,garbage dumped beside road,Nungambakkam,7.3,23.5,MEDIUM,MEDIUM,15,0.02,NO_DEPENDENCY,0.202,0
POS_1390,Blocked Drain,Waterlogging,Drainage,Flooding,rainwater drain is not flowing,road is flooded,Tambaram,0.18,31.1,CRITICAL,MEDIUM,12,0.673,CAUSES,0.847,1
POS_1267,Road Blockage,Traffic Congestion,Road,Traffic,vehicle movement is obstructed,vehicles are queued,Nungambakkam,3.86,38.9,CRITICAL,HIGH,16,0.45,CAUSES,0.673,1
NEG_0967,Road Blockage,Safety Risk,Road,Safety,road passage is blocked,safety risk reported,Velachery,6.07,38.4,MEDIUM,CRITICAL,13,0.072,NO_DEPENDENCY,0.214,0
NEG_0212,Road Blockage,Public Health Risk,Road,Health,road passage is blocked,health risk reported,Kodambakkam,6.09,47.5,MEDIUM,HIGH,2,0.412,NO_DEPENDENCY,0.253,0
POS_0772,Water Leakage,Stagnant Water,Water,Public Health,water pipe is leaking,water is collecting,Adyar,4.03,33.9,LOW,LOW,18,0.854,CAUSES,0.667,1
NEG_1303,Stagnant Water,Street Light Failure,Public Health,Lighting,standing water is not clearing,roadside light has failed,Ambattur,1.13,60.6,MEDIUM,MEDIUM,1,0.087,NO_DEPENDENCY,0.214,0
NEG_0308,Street Light Failure,Garbage Accumulation,Lighting,Waste,dark street due to light failure,garbage has accumulated,T Nagar,1.47,55.3,LOW,CRITICAL,6,0.365,NO_DEPENDENCY,0.321,0
NEG_1186,Stagnant Water,Traffic Congestion,Public Health,Traffic,pool of water has remained,traffic is moving slowly,Tambaram,5.11,80.8,MEDIUM,CRITICAL,5,0.11,NO_DEPENDENCY,0.164,0
POS_1086,Pothole / Road Damage,Traffic Congestion,Road,Traffic,damaged road section,traffic flow is disrupted,Anna Nagar,1.29,18.7,LOW,HIGH,3,0.888,CONTRIBUTES_TO,0.714,1
NEG_0758,Sewer Overflow,Waterlogging,Drainage,Flooding,sewer water is overflowing,road is flooded,Perambur,4.49,60.9,CRITICAL,CRITICAL,7,0.129,NO_DEPENDENCY,0.206,0
NEG_0033,Illegal Dumping,Stagnant Water,Waste,Public Health,unauthorized dumping reported,stagnant water remains,Mylapore,4.92,2.1,HIGH,MEDIUM,6,0.069,NO_DEPENDENCY,0.225,0
POS_1326,Illegal Dumping,Waterlogging,Waste,Flooding,unauthorized dumping reported,water has accumulated on the road,T Nagar,4.28,42.9,MEDIUM,CRITICAL,3,0.828,CONTRIBUTES_TO,0.559,1
NEG_0620,Safety Risk,Emergency Response Delay,Safety,Emergency,risk to pedestrians and vehicles,emergency vehicles cannot move quickly,Anna Nagar,7.34,57.7,CRITICAL,CRITICAL,0,0.126,NO_DEPENDENCY,0.13,0
NEG_0313,Illegal Dumping,Traffic Congestion,Waste,Traffic,unauthorized dumping reported,traffic is moving slowly,T Nagar,6.33,64.6,HIGH,HIGH,10,0.415,NO_DEPENDENCY,0.276,0
NEG_0215,Road Blockage,Pothole / Road Damage,Road,Road,vehicle movement is obstructed,road surface is badly damaged,T Nagar,2.85,26.6,LOW,LOW,1,0.155,NO_DEPENDENCY,0.237,0
NEG_0535,Waterlogging,Street Light Failure,Flooding,Lighting,standing rainwater on the street,street light is not working,Porur,6.04,85.2,HIGH,LOW,4,0.346,NO_DEPENDENCY,0.212,0
NEG_0924,Traffic Congestion,Safety Risk,Traffic,Safety,vehicles are queued,risk to pedestrians and vehicles,Nungambakkam,7.59,38.4,LOW,MEDIUM,6,0.228,NO_DEPENDENCY,0.203,0
NEG_0935,Poor Road Visibility,Garbage Accumulation,Safety,Waste,dark road section,waste has built up,Anna Nagar,6.67,50.7,CRITICAL,CRITICAL,0,0.123,NO_DEPENDENCY,0.145,0
NEG_0182,Street Light Failure,Emergency Response Delay,Lighting,Emergency,streetlights are off,emergency access is difficult,Adyar,6.15,10.5,LOW,LOW,1,0.09,NO_DEPENDENCY,0.181,0
NEG_0728,Stagnant Water,Road Blockage,Public Health,Road,pool of water has remained,road passage is blocked,Thiruvanmiyur,4.53,12.3,LOW,HIGH,8,0.176,NO_DEPENDENCY,0.265,0
POS_1164,Traffic Congestion,Emergency Response Delay,Traffic,Emergency,traffic is moving slowly,response time is increasing,Perambur,3.72,24.3,MEDIUM,CRITICAL,3,0.836,CAUSES,0.668,1
POS_0964,Stagnant Water,Public Health Risk,Public Health,Health,standing water is not clearing,possible health hazard,Guindy,3.92,2.3,LOW,LOW,15,0.535,CAUSES,0.654,1
NEG_1403,Sewer Overflow,Illegal Dumping,Drainage,Waste,dirty wastewater is spreading,waste is being dumped illegally,Perambur,7.58,71.8,MEDIUM,LOW,3,0.173,NO_DEPENDENCY,0.143,0
NEG_0163,Waterlogging,Street Light Failure,Flooding,Lighting,standing rainwater on the street,streetlights are off,Mylapore,6.74,72.6,MEDIUM,LOW,1,0.449,NO_DEPENDENCY,0.228,0
POS_0399,Illegal Dumping,Waterlogging,Waste,Flooding,waste is being dumped illegally,water has accumulated on the road,Nungambakkam,2.85,21.1,LOW,LOW,4,0.459,CONTRIBUTES_TO,0.528,1
POS_0585,Sewer Overflow,Stagnant Water,Drainage,Public Health,dirty wastewater is spreading,stagnant water remains,Pallavaram,2.9,44.8,MEDIUM,HIGH,9,0.802,CAUSES,0.696,1
POS_0949,Stagnant Water,Public Health Risk,Public Health,Health,pool of water has remained,health risk reported,Perambur,3.23,25.5,LOW,MEDIUM,8,0.862,CAUSES,0.687,1
POS_0705,Traffic Congestion,Emergency Response Delay,Traffic,Emergency,traffic flow is disrupted,emergency movement is delayed,Thiruvanmiyur,0.86,22.8,CRITICAL,LOW,15,0.537,CAUSES,0.762,1
POS_0432,Illegal Dumping,Waterlogging,Waste,Flooding,waste is being dumped illegally,road is flooded,Kodambakkam,4.17,21.2,HIGH,LOW,8,0.484,CONTRIBUTES_TO,0.56,1
POS_0293,Illegal Dumping,Blocked Drain,Waste,Drainage,open dumping observed,stormwater drain is blocked,Nungambakkam,0.36,22.6,HIGH,LOW,10,0.6,CONTRIBUTES_TO,0.734,1
POS_0146,Illegal Dumping,Waterlogging,Waste,Flooding,open dumping observed,heavy waterlogging reported,Nungambakkam,2.77,36.2,MEDIUM,HIGH,8,0.865,CONTRIBUTES_TO,0.625,1
POS_0324,Waterlogging,Road Blockage,Flooding,Road,standing rainwater on the street,vehicle movement is obstructed,Adyar,1.52,46.8,HIGH,HIGH,18,0.667,CAUSES,0.752,1
NEG_0609,Traffic Congestion,Illegal Dumping,Traffic,Waste,vehicles are queued,unauthorized dumping reported,T Nagar,4.49,3.9,MEDIUM,MEDIUM,15,0.057,NO_DEPENDENCY,0.272,0
POS_1166,Illegal Dumping,Waterlogging,Waste,Flooding,waste is being dumped illegally,heavy waterlogging reported,Velachery,2.58,33.6,LOW,LOW,15,0.75,CONTRIBUTES_TO,0.603,1
POS_1453,Illegal Dumping,Waterlogging,Waste,Flooding,garbage dumped beside road,water has accumulated on the road,Royapettah,4.21,26.7,CRITICAL,MEDIUM,17,0.885,CONTRIBUTES_TO,0.679,1
POS_0003,Poor Road Visibility,Safety Risk,Safety,Safety,visibility on road is poor,area has become unsafe,Kodambakkam,3.64,33.7,MEDIUM,HIGH,5,0.63,CONTRIBUTES_TO,0.597,1
POS_0577,Pothole / Road Damage,Traffic Congestion,Road,Traffic,multiple potholes reported,severe congestion reported,Sholinganallur,3.62,12.6,MEDIUM,MEDIUM,15,0.76,CONTRIBUTES_TO,0.694,1
NEG_1158,Air Pollution,Emergency Response Delay,Environment,Emergency,air quality is affected,emergency access is difficult,Nungambakkam,2.84,9.5,MEDIUM,LOW,4,0.424,NO_DEPENDENCY,0.347,0
POS_0340,Sewer Overflow,Stagnant Water,Drainage,Public Health,dirty wastewater is spreading,pool of water has remained,Nungambakkam,4.16,32.9,CRITICAL,MEDIUM,16,0.578,CAUSES,0.704,1
NEG_1040,Sewer Overflow,Blocked Drain,Drainage,Drainage,sewer water is overflowing,drain is clogged,Tambaram,4.31,60.2,MEDIUM,MEDIUM,5,0.139,NO_DEPENDENCY,0.202,0
NEG_1436,Water Leakage,Illegal Dumping,Water,Waste,damaged water supply line,garbage dumped beside road,Ambattur,3.63,40.5,HIGH,LOW,13,0.314,NO_DEPENDENCY,0.321,0
POS_0926,Stagnant Water,Public Health Risk,Public Health,Health,standing water is not clearing,disease risk is increasing,Kodambakkam,0.32,46.7,CRITICAL,LOW,13,0.551,CAUSES,0.756,1
POS_0266,Garbage Accumulation,Air Pollution,Waste,Environment,garbage has accumulated,local air pollution observed,Ambattur,3.21,30.6,MEDIUM,MEDIUM,5,0.538,CONTRIBUTES_TO,0.577,1
POS_0377,Waterlogging,Road Blockage,Flooding,Road,water has accumulated on the road,vehicle movement is obstructed,Pallavaram,3.43,11.0,HIGH,LOW,10,0.631,CAUSES,0.727,1
NEG_0523,Pothole / Road Damage,Garbage Accumulation,Road,Waste,damaged road section,large pile of waste reported,Guindy,3.73,2.4,CRITICAL,HIGH,13,0.189,NO_DEPENDENCY,0.314,0
POS_1464,Illegal Dumping,Blocked Drain,Waste,Drainage,unauthorized dumping reported,stormwater drain is blocked,Thiruvanmiyur,1.27,34.5,CRITICAL,LOW,13,0.926,CONTRIBUTES_TO,0.792,1
POS_0272,Blocked Drain,Waterlogging,Drainage,Flooding,rainwater drain is not flowing,water has accumulated on the road,Royapettah,0.49,37.7,MEDIUM,CRITICAL,4,0.694,CAUSES,0.764,1
POS_0697,Garbage Accumulation,Air Pollution,Waste,Environment,uncollected garbage is present,local air pollution observed,Mylapore,1.31,32.7,MEDIUM,LOW,14,0.672,CONTRIBUTES_TO,0.671,1
NEG_1474,Waterlogging,Street Light Failure,Flooding,Lighting,standing rainwater on the street,roadside light has failed,Royapettah,6.66,13.5,MEDIUM,MEDIUM,7,0.244,NO_DEPENDENCY,0.247,0
POS_0245,Garbage Accumulation,Public Health Risk,Waste,Health,garbage has accumulated,disease risk is increasing,Perambur,1.72,39.3,MEDIUM,MEDIUM,4,0.658,CAUSES,0.672,1
NEG_1314,Blocked Drain,Safety Risk,Drainage,Safety,drain is clogged,safety risk reported,Ambattur,5.83,91.9,LOW,LOW,5,0.312,NO_DEPENDENCY,0.205,0
POS_0477,Illegal Dumping,Waterlogging,Waste,Flooding,waste is being dumped illegally,road is flooded,Nungambakkam,1.09,47.1,CRITICAL,MEDIUM,12,0.868,CONTRIBUTES_TO,0.713,1
NEG_1286,Emergency Response Delay,Road Blockage,Emergency,Road,emergency vehicles cannot move quickly,road passage is blocked,Sholinganallur,4.95,85.9,HIGH,HIGH,10,0.178,NO_DEPENDENCY,0.208,0
NEG_1344,Emergency Response Delay,Stagnant Water,Emergency,Public Health,response time is increasing,pool of water has remained,Porur,6.9,26.9,MEDIUM,LOW,15,0.169,NO_DEPENDENCY,0.25,0
NEG_0799,Traffic Congestion,Garbage Accumulation,Traffic,Waste,severe congestion reported,garbage has accumulated,Pallavaram,7.2,50.4,LOW,LOW,14,0.105,NO_DEPENDENCY,0.202,0
NEG_0949,Poor Road Visibility,Blocked Drain,Safety,Drainage,visibility on road is poor,stormwater drain is blocked,Royapettah,4.21,51.4,CRITICAL,MEDIUM,14,0.24,NO_DEPENDENCY,0.286,0
NEG_1284,Safety Risk,Public Health Risk,Safety,Health,risk to pedestrians and vehicles,sanitation may affect public health,Anna Nagar,5.69,53.9,MEDIUM,LOW,1,0.096,NO_DEPENDENCY,0.154,0
NEG_1454,Air Pollution,Waterlogging,Environment,Flooding,local air pollution observed,water has accumulated on the road,Anna Nagar,6.99,79.9,MEDIUM,MEDIUM,13,0.268,NO_DEPENDENCY,0.224,0
NEG_1483,Street Light Failure,Water Leakage,Lighting,Water,roadside light has failed,water pipe is leaking,Adyar,7.97,36.8,CRITICAL,LOW,10,0.052,NO_DEPENDENCY,0.165,0
NEG_0660,Stagnant Water,Poor Road Visibility,Public Health,Safety,stagnant water remains,low visibility reported,Nungambakkam,3.36,3.2,MEDIUM,MEDIUM,15,0.233,NO_DEPENDENCY,0.342,0
POS_0251,Poor Road Visibility,Safety Risk,Safety,Safety,dark road section,risk to pedestrians and vehicles,Velachery,3.07,33.3,CRITICAL,LOW,1,0.53,CONTRIBUTES_TO,0.631,1
POS_0414,Blocked Drain,Waterlogging,Drainage,Flooding,drain is clogged,road is flooded,Kodambakkam,4.41,15.9,HIGH,HIGH,17,0.823,CAUSES,0.78,1
POS_0546,Blocked Drain,Waterlogging,Drainage,Flooding,blocked drainage outlet,heavy waterlogging reported,Porur,4.31,27.1,HIGH,HIGH,18,0.504,CAUSES,0.705,1
POS_1194,Traffic Congestion,Emergency Response Delay,Traffic,Emergency,vehicles are queued,response time is increasing,Thiruvanmiyur,0.83,25.9,CRITICAL,CRITICAL,5,0.517,CAUSES,0.729,1
POS_0739,Street Light Failure,Poor Road Visibility,Lighting,Safety,dark street due to light failure,visibility on road is poor,Kodambakkam,3.64,45.3,CRITICAL,MEDIUM,11,0.495,CAUSES,0.659,1
POS_0311,Traffic Congestion,Emergency Response Delay,Traffic,Emergency,vehicles are queued,emergency vehicles cannot move quickly,Tambaram,2.97,13.2,MEDIUM,CRITICAL,2,0.883,CAUSES,0.709,1
NEG_0480,Waterlogging,Sewer Overflow,Flooding,Drainage,heavy waterlogging reported,sewer line has overflowed,Nungambakkam,5.58,66.8,LOW,MEDIUM,8,0.381,NO_DEPENDENCY,0.265,0
POS_0894,Sewer Overflow,Stagnant Water,Drainage,Public Health,sewage overflow reported,standing water is not clearing,Ambattur,2.49,3.6,HIGH,HIGH,12,0.789,CAUSES,0.794,1
POS_1132,Traffic Congestion,Emergency Response Delay,Traffic,Emergency,traffic flow is disrupted,emergency movement is delayed,Tambaram,2.51,12.3,LOW,CRITICAL,1,0.457,CAUSES,0.609,1
POS_1450,Poor Road Visibility,Safety Risk,Safety,Safety,dark road section,safety risk reported,Pallavaram,2.11,25.2,MEDIUM,MEDIUM,10,0.512,CONTRIBUTES_TO,0.636,1
NEG_1408,Traffic Congestion,Waterlogging,Traffic,Flooding,traffic is moving slowly,standing rainwater on the street,Perambur,6.04,27.3,CRITICAL,MEDIUM,11,0.364,NO_DEPENDENCY,0.301,0
POS_0016,Garbage Accumulation,Air Pollution,Waste,Environment,uncollected garbage is present,polluted air reported,Perambur,0.36,36.6,CRITICAL,MEDIUM,5,0.856,CONTRIBUTES_TO,0.754,1
NEG_0451,Street Light Failure,Emergency Response Delay,Lighting,Emergency,roadside light has failed,response time is increasing,Pallavaram,5.94,50.4,HIGH,CRITICAL,14,0.242,NO_DEPENDENCY,0.262,0
POS_0722,Waterlogging,Road Blockage,Flooding,Road,heavy waterlogging reported,traffic lane is obstructed,Guindy,0.61,1.2,MEDIUM,LOW,1,0.509,CAUSES,0.739,1
POS_1421,Street Light Failure,Poor Road Visibility,Lighting,Safety,street light is not working,visibility on road is poor,Pallavaram,3.39,5.6,MEDIUM,MEDIUM,15,0.789,CAUSES,0.739,1
NEG_1134,Air Pollution,Waterlogging,Environment,Flooding,air quality is affected,standing rainwater on the street,Velachery,6.88,67.7,CRITICAL,CRITICAL,11,0.103,NO_DEPENDENCY,0.176,0
POS_0982,Blocked Drain,Waterlogging,Drainage,Flooding,drain is clogged,standing rainwater on the street,Perambur,1.02,47.0,MEDIUM,CRITICAL,18,0.673,CAUSES,0.769,1
NEG_0375,Garbage Accumulation,Traffic Congestion,Waste,Traffic,garbage has accumulated,severe congestion reported,Sholinganallur,1.24,95.4,LOW,MEDIUM,7,0.288,NO_DEPENDENCY,0.273,0
NEG_0040,Safety Risk,Traffic Congestion,Safety,Traffic,risk to pedestrians and vehicles,severe congestion reported,Thiruvanmiyur,5.57,27.9,HIGH,MEDIUM,12,0.225,NO_DEPENDENCY,0.271,0
NEG_1031,Poor Road Visibility,Illegal Dumping,Safety,Waste,low visibility reported,garbage dumped beside road,Velachery,3.91,4.4,CRITICAL,CRITICAL,0,0.395,NO_DEPENDENCY,0.306,0
NEG_0051,Sewer Overflow,Safety Risk,Drainage,Safety,sewer line has overflowed,safety risk reported,Tambaram,2.98,44.5,LOW,LOW,0,0.319,NO_DEPENDENCY,0.264,0
NEG_0923,Garbage Accumulation,Safety Risk,Waste,Safety,uncollected garbage is present,area has become unsafe,Thiruvanmiyur,4.54,92.2,LOW,LOW,10,0.249,NO_DEPENDENCY,0.23,0
POS_0364,Pothole / Road Damage,Poor Road Visibility,Road,Safety,multiple potholes reported,drivers cannot see clearly,Thiruvanmiyur,0.54,27.8,LOW,LOW,3,0.712,CONTRIBUTES_TO,0.605,1
NEG_1269,Pothole / Road Damage,Street Light Failure,Road,Lighting,damaged road section,roadside light has failed,Royapettah,1.06,85.5,LOW,MEDIUM,6,0.314,NO_DEPENDENCY,0.287,0
POS_0183,Blocked Drain,Waterlogging,Drainage,Flooding,blocked drainage outlet,water has accumulated on the road,Guindy,2.59,9.7,CRITICAL,CRITICAL,3,0.743,CAUSES,0.808,1
POS_0986,Waterlogging,Road Blockage,Flooding,Road,road is flooded,road passage is blocked,Thiruvanmiyur,3.64,5.4,CRITICAL,LOW,20,0.794,CAUSES,0.812,1
NEG_0491,Poor Road Visibility,Blocked Drain,Safety,Drainage,drivers cannot see clearly,blocked drainage outlet,Guindy,7.87,15.6,HIGH,MEDIUM,9,0.117,NO_DEPENDENCY,0.199,0
POS_1195,Street Light Failure,Poor Road Visibility,Lighting,Safety,street light is not working,dark road section,Nungambakkam,2.8,44.1,CRITICAL,LOW,17,0.929,CAUSES,0.783,1
NEG_0270,Garbage Accumulation,Safety Risk,Waste,Safety,uncollected garbage is present,risk to pedestrians and vehicles,Mylapore,6.21,74.7,LOW,MEDIUM,10,0.035,NO_DEPENDENCY,0.155,0
NEG_0176,Pothole / Road Damage,Water Leakage,Road,Water,large pothole on the road,damaged water supply line,Mylapore,5.03,43.7,CRITICAL,CRITICAL,2,0.33,NO_DEPENDENCY,0.247,0
POS_1122,Water Leakage,Stagnant Water,Water,Public Health,continuous water leakage,stagnant water remains,Royapettah,3.86,36.1,CRITICAL,MEDIUM,3,0.452,CAUSES,0.625,1
POS_0188,Road Blockage,Traffic Congestion,Road,Traffic,road passage is blocked,traffic is moving slowly,Perambur,2.38,34.8,MEDIUM,MEDIUM,13,0.861,CAUSES,0.741,1
POS_0620,Garbage Accumulation,Air Pollution,Waste,Environment,uncollected garbage is present,polluted air reported,Thiruvanmiyur,0.96,45.7,MEDIUM,CRITICAL,14,0.462,CONTRIBUTES_TO,0.62,1
NEG_0113,Traffic Congestion,Air Pollution,Traffic,Environment,traffic is moving slowly,dust and pollution are increasing,Sholinganallur,1.9,9.0,HIGH,HIGH,9,0.307,NO_DEPENDENCY,0.351,0
POS_1176,Street Light Failure,Poor Road Visibility,Lighting,Safety,street light is not working,low visibility reported,Royapettah,1.71,16.5,LOW,MEDIUM,10,0.81,CAUSES,0.732,1
POS_1183,Illegal Dumping,Waterlogging,Waste,Flooding,garbage dumped beside road,standing rainwater on the street,Sholinganallur,3.03,46.6,MEDIUM,MEDIUM,20,0.464,CONTRIBUTES_TO,0.554,1
NEG_0885,Air Pollution,Poor Road Visibility,Environment,Safety,air quality is affected,low visibility reported,Perambur,6.56,53.6,MEDIUM,CRITICAL,1,0.036,NO_DEPENDENCY,0.123,0
NEG_1216,Sewer Overflow,Waterlogging,Drainage,Flooding,sewer water is overflowing,standing rainwater on the street,Velachery,5.34,50.8,LOW,MEDIUM,8,0.337,NO_DEPENDENCY,0.269,0
POS_0615,Pothole / Road Damage,Poor Road Visibility,Road,Safety,road surface is badly damaged,visibility on road is poor,Perambur,0.28,18.7,HIGH,HIGH,2,0.697,CONTRIBUTES_TO,0.668,1
NEG_0014,Pothole / Road Damage,Illegal Dumping,Road,Waste,large pothole on the road,waste is being dumped illegally,Guindy,5.32,3.3,MEDIUM,CRITICAL,10,0.205,NO_DEPENDENCY,0.279,0
POS_1467,Garbage Accumulation,Air Pollution,Waste,Environment,garbage has accumulated,air quality is affected,Ambattur,0.21,18.6,LOW,MEDIUM,8,0.475,CONTRIBUTES_TO,0.639,1
POS_0402,Blocked Drain,Waterlogging,Drainage,Flooding,blocked drainage outlet,heavy waterlogging reported,Nungambakkam,2.51,26.9,CRITICAL,LOW,1,0.515,CAUSES,0.735,1
POS_0995,Water Leakage,Stagnant Water,Water,Public Health,pipeline leak near street,stagnant water remains,Guindy,3.79,35.0,HIGH,LOW,13,0.878,CAUSES,0.714,1
POS_0935,Blocked Drain,Waterlogging,Drainage,Flooding,drain is clogged,water has accumulated on the road,Royapettah,1.43,42.5,MEDIUM,LOW,20,0.883,CAUSES,0.812,1
POS_0372,Sewer Overflow,Stagnant Water,Drainage,Public Health,sewage overflow reported,water is collecting,Pallavaram,3.06,18.8,LOW,LOW,18,0.895,CAUSES,0.744,1
NEG_0423,Blocked Drain,Emergency Response Delay,Drainage,Emergency,drain is clogged,emergency movement is delayed,T Nagar,2.46,2.9,LOW,HIGH,12,0.28,NO_DEPENDENCY,0.355,0
NEG_0807,Illegal Dumping,Traffic Congestion,Waste,Traffic,garbage dumped beside road,traffic is moving slowly,Ambattur,3.91,64.6,HIGH,LOW,6,0.378,NO_DEPENDENCY,0.281,0
POS_0594,Illegal Dumping,Waterlogging,Waste,Flooding,open dumping observed,standing rainwater on the street,Adyar,2.7,29.7,CRITICAL,HIGH,7,0.483,CONTRIBUTES_TO,0.607,1
NEG_0411,Street Light Failure,Stagnant Water,Lighting,Public Health,streetlights are off,stagnant water remains,Kodambakkam,6.36,92.2,CRITICAL,LOW,15,0.112,NO_DEPENDENCY,0.186,0
POS_0727,Street Light Failure,Poor Road Visibility,Lighting,Safety,dark street due to light failure,low visibility reported,Adyar,0.32,1.4,LOW,HIGH,18,0.755,CAUSES,0.797,1
POS_0827,Road Blockage,Traffic Congestion,Road,Traffic,vehicle movement is obstructed,traffic flow is disrupted,Nungambakkam,1.36,25.9,LOW,HIGH,3,0.657,CAUSES,0.688,1
NEG_0175,Emergency Response Delay,Blocked Drain,Emergency,Drainage,emergency access is difficult,drain is clogged,Pallavaram,1.3,47.3,HIGH,MEDIUM,3,0.043,NO_DEPENDENCY,0.219,0
POS_0688,Garbage Accumulation,Air Pollution,Waste,Environment,garbage has accumulated,dust and pollution are increasing,Ambattur,0.41,37.5,HIGH,CRITICAL,14,0.711,CONTRIBUTES_TO,0.72,1
NEG_0716,Air Pollution,Blocked Drain,Environment,Drainage,polluted air reported,stormwater drain is blocked,Perambur,2.77,53.4,CRITICAL,LOW,2,0.385,NO_DEPENDENCY,0.289,0
POS_0137,Stagnant Water,Public Health Risk,Public Health,Health,water is collecting,possible health hazard,T Nagar,2.52,38.1,MEDIUM,HIGH,15,0.925,CAUSES,0.743,1
NEG_1265,Air Pollution,Poor Road Visibility,Environment,Safety,local air pollution observed,visibility on road is poor,Velachery,4.72,73.8,HIGH,CRITICAL,4,0.049,NO_DEPENDENCY,0.152,0
POS_0629,Illegal Dumping,Waterlogging,Waste,Flooding,unauthorized dumping reported,water has accumulated on the road,Velachery,1.64,16.0,MEDIUM,HIGH,7,0.772,CONTRIBUTES_TO,0.661,1
POS_0335,Blocked Drain,Waterlogging,Drainage,Flooding,blocked drainage outlet,water has accumulated on the road,Sholinganallur,1.81,42.3,CRITICAL,HIGH,2,0.816,CAUSES,0.794,1
POS_0391,Poor Road Visibility,Safety Risk,Safety,Safety,dark road section,safety risk reported,Tambaram,4.2,29.7,HIGH,LOW,16,0.801,CONTRIBUTES_TO,0.675,1
NEG_0810,Emergency Response Delay,Illegal Dumping,Emergency,Waste,emergency movement is delayed,waste is being dumped illegally,Mylapore,4.58,84.9,CRITICAL,LOW,3,0.387,NO_DEPENDENCY,0.242,0
POS_1110,Pothole / Road Damage,Poor Road Visibility,Road,Safety,road surface is badly damaged,visibility on road is poor,Guindy,1.87,21.9,CRITICAL,MEDIUM,10,0.892,CONTRIBUTES_TO,0.708,1
NEG_0238,Garbage Accumulation,Poor Road Visibility,Waste,Safety,garbage has accumulated,dark road section,Mylapore,4.37,36.0,CRITICAL,LOW,6,0.048,NO_DEPENDENCY,0.199,0
NEG_1199,Street Light Failure,Traffic Congestion,Lighting,Traffic,streetlights are off,traffic flow is disrupted,T Nagar,4.53,12.7,HIGH,LOW,15,0.436,NO_DEPENDENCY,0.377,0
POS_0711,Poor Road Visibility,Safety Risk,Safety,Safety,dark road section,safety risk reported,Mylapore,0.3,3.9,LOW,CRITICAL,13,0.955,CONTRIBUTES_TO,0.782,1
POS_1040,Illegal Dumping,Waterlogging,Waste,Flooding,open dumping observed,standing rainwater on the street,Velachery,3.08,25.4,MEDIUM,HIGH,18,0.604,CONTRIBUTES_TO,0.606,1
NEG_1215,Blocked Drain,Road Blockage,Drainage,Road,rainwater drain is not flowing,traffic lane is obstructed,Thiruvanmiyur,1.19,5.5,LOW,HIGH,9,0.117,NO_DEPENDENCY,0.308,0
NEG_0351,Blocked Drain,Public Health Risk,Drainage,Health,drain is clogged,possible health hazard,Porur,7.68,67.4,CRITICAL,HIGH,15,0.434,NO_DEPENDENCY,0.284,0
NEG_1096,Waterlogging,Public Health Risk,Flooding,Health,standing rainwater on the street,disease risk is increasing,Thiruvanmiyur,3.36,91.2,HIGH,MEDIUM,3,0.124,NO_DEPENDENCY,0.176,0
NEG_0062,Stagnant Water,Road Blockage,Public Health,Road,stagnant water remains,traffic lane is obstructed,Nungambakkam,6.11,77.9,MEDIUM,CRITICAL,2,0.272,NO_DEPENDENCY,0.185,0
NEG_1258,Safety Risk,Air Pollution,Safety,Environment,safety risk reported,dust and pollution are increasing,Sholinganallur,0.99,37.8,HIGH,HIGH,14,0.279,NO_DEPENDENCY,0.357,0
NEG_0095,Road Blockage,Safety Risk,Road,Safety,road is partially blocked,area has become unsafe,Porur,4.27,15.6,MEDIUM,MEDIUM,12,0.357,NO_DEPENDENCY,0.34,0
NEG_1251,Poor Road Visibility,Waterlogging,Safety,Flooding,visibility on road is poor,heavy waterlogging reported,Anna Nagar,6.8,45.2,LOW,MEDIUM,8,0.262,NO_DEPENDENCY,0.229,0
POS_1113,Poor Road Visibility,Safety Risk,Safety,Safety,dark road section,area has become unsafe,Nungambakkam,0.84,7.3,CRITICAL,HIGH,7,0.881,CONTRIBUTES_TO,0.809,1
POS_0466,Water Leakage,Stagnant Water,Water,Public Health,damaged water supply line,standing water is not clearing,Velachery,3.45,43.7,HIGH,HIGH,9,0.878,CAUSES,0.7,1
NEG_0061,Safety Risk,Road Blockage,Safety,Road,area has become unsafe,road passage is blocked,Velachery,5.51,95.3,LOW,LOW,1,0.165,NO_DEPENDENCY,0.142,0
POS_1224,Sewer Overflow,Stagnant Water,Drainage,Public Health,sewage overflow reported,water is collecting,Tambaram,0.74,41.0,CRITICAL,CRITICAL,12,0.617,CAUSES,0.776,1
NEG_0454,Safety Risk,Blocked Drain,Safety,Drainage,residents feel unsafe,drain is clogged,Royapettah,7.42,72.6,HIGH,LOW,8,0.248,NO_DEPENDENCY,0.193,0
NEG_1467,Public Health Risk,Poor Road Visibility,Health,Safety,disease risk is increasing,drivers cannot see clearly,Sholinganallur,2.26,6.1,MEDIUM,LOW,10,0.372,NO_DEPENDENCY,0.373,0
NEG_0849,Garbage Accumulation,Waterlogging,Waste,Flooding,large pile of waste reported,heavy waterlogging reported,T Nagar,6.74,57.1,HIGH,LOW,9,0.235,NO_DEPENDENCY,0.217,0
NEG_0009,Illegal Dumping,Air Pollution,Waste,Environment,open dumping observed,local air pollution observed,Thiruvanmiyur,3.25,51.7,CRITICAL,LOW,6,0.274,NO_DEPENDENCY,0.27,0
POS_1105,Poor Road Visibility,Safety Risk,Safety,Safety,drivers cannot see clearly,residents feel unsafe,Porur,1.91,27.5,MEDIUM,CRITICAL,5,0.888,CONTRIBUTES_TO,0.7,1
NEG_0489,Road Blockage,Stagnant Water,Road,Public Health,traffic lane is obstructed,stagnant water remains,Pallavaram,3.24,15.4,HIGH,HIGH,8,0.072,NO_DEPENDENCY,0.25,0
POS_0339,Garbage Accumulation,Air Pollution,Waste,Environment,uncollected garbage is present,polluted air reported,Kodambakkam,0.31,2.1,MEDIUM,HIGH,12,0.477,CONTRIBUTES_TO,0.695,1
POS_0216,Water Leakage,Stagnant Water,Water,Public Health,damaged water supply line,standing water is not clearing,Porur,2.26,46.7,HIGH,CRITICAL,13,0.949,CAUSES,0.75,1
NEG_0116,Blocked Drain,Poor Road Visibility,Drainage,Safety,blocked drainage outlet,low visibility reported,Tambaram,1.46,10.7,LOW,MEDIUM,5,0.231,NO_DEPENDENCY,0.313,0
NEG_0417,Street Light Failure,Garbage Accumulation,Lighting,Waste,street light is not working,large pile of waste reported,Sholinganallur,3.08,91.6,MEDIUM,HIGH,12,0.192,NO_DEPENDENCY,0.245,0
NEG_1015,Poor Road Visibility,Sewer Overflow,Safety,Drainage,visibility on road is poor,sewer line has overflowed,Thiruvanmiyur,1.03,67.8,CRITICAL,LOW,0,0.388,NO_DEPENDENCY,0.294,0
NEG_1305,Safety Risk,Blocked Drain,Safety,Drainage,area has become unsafe,drain is clogged,Royapettah,7.32,16.0,CRITICAL,HIGH,3,0.038,NO_DEPENDENCY,0.153,0
NEG_0093,Traffic Congestion,Blocked Drain,Traffic,Drainage,traffic is moving slowly,blocked drainage outlet,Porur,1.0,36.8,LOW,HIGH,0,0.317,NO_DEPENDENCY,0.299,0
NEG_0741,Road Blockage,Stagnant Water,Road,Public Health,traffic lane is obstructed,standing water is not clearing,Thiruvanmiyur,6.37,41.5,LOW,LOW,6,0.155,NO_DEPENDENCY,0.196,0
NEG_0185,Water Leakage,Traffic Congestion,Water,Traffic,continuous water leakage,vehicles are queued,Nungambakkam,6.45,18.4,LOW,CRITICAL,0,0.323,NO_DEPENDENCY,0.235,0
NEG_1023,Garbage Accumulation,Pothole / Road Damage,Waste,Road,large pile of waste reported,damaged road section,Kodambakkam,4.19,22.7,LOW,LOW,2,0.33,NO_DEPENDENCY,0.277,0
POS_0817,Road Blockage,Traffic Congestion,Road,Traffic,vehicle movement is obstructed,severe congestion reported,Porur,4.45,6.6,CRITICAL,MEDIUM,3,0.672,CAUSES,0.715,1
POS_1068,Garbage Accumulation,Public Health Risk,Waste,Health,large pile of waste reported,possible health hazard,Pallavaram,3.5,27.5,MEDIUM,CRITICAL,11,0.908,CAUSES,0.711,1
NEG_0504,Traffic Congestion,Garbage Accumulation,Traffic,Waste,severe congestion reported,large pile of waste reported,Pallavaram,6.43,4.2,CRITICAL,MEDIUM,2,0.431,NO_DEPENDENCY,0.289,0
POS_0275,Blocked Drain,Waterlogging,Drainage,Flooding,stormwater drain is blocked,standing rainwater on the street,Adyar,1.0,4.2,CRITICAL,LOW,17,0.765,CAUSES,0.895,1
NEG_0745,Traffic Congestion,Illegal Dumping,Traffic,Waste,traffic flow is disrupted,waste is being dumped illegally,Adyar,6.18,78.7,LOW,CRITICAL,15,0.031,NO_DEPENDENCY,0.176,0
POS_0866,Garbage Accumulation,Air Pollution,Waste,Environment,waste has built up,dust and pollution are increasing,Mylapore,3.05,26.6,CRITICAL,LOW,6,0.914,CONTRIBUTES_TO,0.715,1
POS_0102,Stagnant Water,Public Health Risk,Public Health,Health,standing water is not clearing,possible health hazard,Nungambakkam,1.67,6.7,CRITICAL,MEDIUM,11,0.932,CAUSES,0.849,1
NEG_0002,Stagnant Water,Traffic Congestion,Public Health,Traffic,standing water is not clearing,traffic is moving slowly,Thiruvanmiyur,2.08,16.0,LOW,LOW,2,0.087,NO_DEPENDENCY,0.242,0
NEG_0650,Safety Risk,Sewer Overflow,Safety,Drainage,area has become unsafe,sewage overflow reported,Ambattur,4.06,59.4,LOW,HIGH,13,0.18,NO_DEPENDENCY,0.259,0
POS_0172,Illegal Dumping,Waterlogging,Waste,Flooding,open dumping observed,water has accumulated on the road,Adyar,3.08,16.9,MEDIUM,MEDIUM,18,0.915,CONTRIBUTES_TO,0.68,1
POS_0108,Illegal Dumping,Waterlogging,Waste,Flooding,open dumping observed,water has accumulated on the road,Pallavaram,1.7,45.6,CRITICAL,MEDIUM,18,0.819,CONTRIBUTES_TO,0.705,1
NEG_0363,Emergency Response Delay,Water Leakage,Emergency,Water,emergency vehicles cannot move quickly,water pipe is leaking,Anna Nagar,5.84,70.0,LOW,MEDIUM,8,0.114,NO_DEPENDENCY,0.178,0
NEG_0022,Stagnant Water,Poor Road Visibility,Public Health,Safety,water is collecting,dark road section,Adyar,3.82,14.6,MEDIUM,CRITICAL,3,0.061,NO_DEPENDENCY,0.214,0
NEG_1488,Illegal Dumping,Street Light Failure,Waste,Lighting,open dumping observed,street light is not working,Velachery,1.01,66.8,HIGH,HIGH,0,0.259,NO_DEPENDENCY,0.257,0
NEG_0703,Traffic Congestion,Blocked Drain,Traffic,Drainage,severe congestion reported,rainwater drain is not flowing,Guindy,0.23,80.2,MEDIUM,MEDIUM,7,0.359,NO_DEPENDENCY,0.322,0
NEG_0555,Stagnant Water,Emergency Response Delay,Public Health,Emergency,pool of water has remained,response time is increasing,Thiruvanmiyur,7.83,51.8,HIGH,LOW,14,0.354,NO_DEPENDENCY,0.266,0
NEG_0265,Waterlogging,Air Pollution,Flooding,Environment,water has accumulated on the road,local air pollution observed,Tambaram,1.11,36.9,CRITICAL,LOW,5,0.02,NO_DEPENDENCY,0.234,0
NEG_0534,Blocked Drain,Traffic Congestion,Drainage,Traffic,stormwater drain is blocked,traffic flow is disrupted,Royapettah,2.52,90.1,LOW,CRITICAL,7,0.37,NO_DEPENDENCY,0.283,0
NEG_0463,Street Light Failure,Road Blockage,Lighting,Road,streetlights are off,vehicle movement is obstructed,T Nagar,7.34,9.4,MEDIUM,MEDIUM,12,0.317,NO_DEPENDENCY,0.287,0
NEG_0751,Sewer Overflow,Illegal Dumping,Drainage,Waste,sewer water is overflowing,waste is being dumped illegally,Guindy,4.39,11.8,HIGH,CRITICAL,2,0.053,NO_DEPENDENCY,0.2,0
NEG_0841,Pothole / Road Damage,Air Pollution,Road,Environment,multiple potholes reported,dust and pollution are increasing,Perambur,6.46,78.3,MEDIUM,MEDIUM,5,0.249,NO_DEPENDENCY,0.188,0
NEG_1076,Poor Road Visibility,Stagnant Water,Safety,Public Health,low visibility reported,pool of water has remained,Ambattur,4.06,3.7,HIGH,MEDIUM,8,0.428,NO_DEPENDENCY,0.354,0
NEG_0425,Sewer Overflow,Illegal Dumping,Drainage,Waste,dirty wastewater is spreading,garbage dumped beside road,Mylapore,1.01,22.8,LOW,HIGH,6,0.259,NO_DEPENDENCY,0.324,0
POS_0296,Waterlogging,Road Blockage,Flooding,Road,water has accumulated on the road,road passage is blocked,Mylapore,0.96,47.2,MEDIUM,HIGH,2,0.673,CAUSES,0.702,1
POS_0713,Pothole / Road Damage,Traffic Congestion,Road,Traffic,large pothole on the road,vehicles are queued,Perambur,2.23,21.0,MEDIUM,HIGH,10,0.877,CONTRIBUTES_TO,0.727,1
POS_0073,Stagnant Water,Public Health Risk,Public Health,Health,standing water is not clearing,health risk reported,Royapettah,2.85,3.0,HIGH,LOW,19,0.529,CAUSES,0.739,1
NEG_0453,Safety Risk,Sewer Overflow,Safety,Drainage,safety risk reported,dirty wastewater is spreading,Velachery,4.4,64.1,MEDIUM,HIGH,2,0.305,NO_DEPENDENCY,0.232,0
NEG_0770,Water Leakage,Road Blockage,Water,Road,continuous water leakage,traffic lane is obstructed,Perambur,6.97,37.4,MEDIUM,CRITICAL,12,0.043,NO_DEPENDENCY,0.187,0
NEG_1062,Garbage Accumulation,Road Blockage,Waste,Road,waste has built up,vehicle movement is obstructed,Ambattur,1.34,6.4,HIGH,HIGH,14,0.298,NO_DEPENDENCY,0.384,0
NEG_1386,Road Blockage,Air Pollution,Road,Environment,road passage is blocked,air quality is affected,Velachery,6.44,63.6,HIGH,CRITICAL,10,0.409,NO_DEPENDENCY,0.273,0
POS_0482,Illegal Dumping,Blocked Drain,Waste,Drainage,unauthorized dumping reported,stormwater drain is blocked,Perambur,2.9,5.7,LOW,MEDIUM,3,0.727,CONTRIBUTES_TO,0.651,1
NEG_0719,Traffic Congestion,Blocked Drain,Traffic,Drainage,traffic flow is disrupted,drain is clogged,Anna Nagar,6.75,7.6,LOW,CRITICAL,13,0.398,NO_DEPENDENCY,0.327,0
NEG_0031,Poor Road Visibility,Blocked Drain,Safety,Drainage,visibility on road is poor,rainwater drain is not flowing,Perambur,5.52,84.3,CRITICAL,MEDIUM,6,0.268,NO_DEPENDENCY,0.207,0
NEG_0616,Illegal Dumping,Emergency Response Delay,Waste,Emergency,open dumping observed,response time is increasing,Royapettah,1.86,6.8,CRITICAL,HIGH,2,0.333,NO_DEPENDENCY,0.326,0
NEG_0015,Illegal Dumping,Road Blockage,Waste,Road,garbage dumped beside road,road passage is blocked,Porur,5.33,65.2,MEDIUM,MEDIUM,13,0.199,NO_DEPENDENCY,0.24,0
NEG_1461,Waterlogging,Water Leakage,Flooding,Water,heavy waterlogging reported,damaged water supply line,Porur,0.28,53.6,CRITICAL,MEDIUM,0,0.205,NO_DEPENDENCY,0.263,0
POS_1491,Poor Road Visibility,Safety Risk,Safety,Safety,low visibility reported,safety risk reported,Adyar,3.89,5.6,MEDIUM,MEDIUM,8,0.528,CONTRIBUTES_TO,0.617,1
POS_1172,Water Leakage,Stagnant Water,Water,Public Health,damaged water supply line,standing water is not clearing,Thiruvanmiyur,3.49,12.8,LOW,MEDIUM,2,0.698,CAUSES,0.639,1
NEG_0953,Sewer Overflow,Water Leakage,Drainage,Water,sewer water is overflowing,continuous water leakage,Ambattur,6.56,39.7,MEDIUM,MEDIUM,4,0.177,NO_DEPENDENCY,0.192,0
NEG_0930,Blocked Drain,Road Blockage,Drainage,Road,rainwater drain is not flowing,road is partially blocked,Mylapore,6.54,75.8,MEDIUM,HIGH,13,0.409,NO_DEPENDENCY,0.276,0
NEG_0574,Street Light Failure,Stagnant Water,Lighting,Public Health,dark street due to light failure,pool of water has remained,Nungambakkam,2.78,18.1,HIGH,MEDIUM,9,0.391,NO_DEPENDENCY,0.356,0
NEG_0717,Illegal Dumping,Water Leakage,Waste,Water,garbage dumped beside road,damaged water supply line,Thiruvanmiyur,5.21,39.7,CRITICAL,LOW,8,0.221,NO_DEPENDENCY,0.245,0
NEG_0772,Safety Risk,Garbage Accumulation,Safety,Waste,residents feel unsafe,garbage has accumulated,Tambaram,6.84,26.7,LOW,MEDIUM,1,0.06,NO_DEPENDENCY,0.148,0
POS_0406,Pothole / Road Damage,Poor Road Visibility,Road,Safety,multiple potholes reported,low visibility reported,Tambaram,0.91,23.6,MEDIUM,HIGH,10,0.624,CONTRIBUTES_TO,0.626,1
POS_0758,Poor Road Visibility,Safety Risk,Safety,Safety,dark road section,safety risk reported,Mylapore,2.17,43.1,MEDIUM,LOW,18,0.514,CONTRIBUTES_TO,0.63,1
NEG_0457,Blocked Drain,Sewer Overflow,Drainage,Drainage,rainwater drain is not flowing,sewer water is overflowing,Nungambakkam,6.4,63.7,LOW,CRITICAL,5,0.393,NO_DEPENDENCY,0.244,0
NEG_0685,Waterlogging,Pothole / Road Damage,Flooding,Road,water has accumulated on the road,large pothole on the road,Anna Nagar,2.43,54.3,HIGH,MEDIUM,9,0.28,NO_DEPENDENCY,0.297,0
NEG_0452,Stagnant Water,Air Pollution,Public Health,Environment,standing water is not clearing,air quality is affected,Thiruvanmiyur,5.74,34.8,LOW,MEDIUM,3,0.244,NO_DEPENDENCY,0.223,0
POS_0098,Sewer Overflow,Stagnant Water,Drainage,Public Health,dirty wastewater is spreading,stagnant water remains,Mylapore,4.33,33.3,MEDIUM,CRITICAL,10,0.692,CAUSES,0.657,1
POS_1334,Illegal Dumping,Waterlogging,Waste,Flooding,unauthorized dumping reported,road is flooded,Nungambakkam,0.54,11.4,LOW,LOW,6,0.892,CONTRIBUTES_TO,0.691,1
NEG_0890,Street Light Failure,Stagnant Water,Lighting,Public Health,street light is not working,pool of water has remained,Ambattur,1.31,46.0,HIGH,LOW,15,0.354,NO_DEPENDENCY,0.373,0
POS_0744,Poor Road Visibility,Safety Risk,Safety,Safety,dark road section,risk to pedestrians and vehicles,Adyar,2.88,1.6,HIGH,MEDIUM,18,0.922,CONTRIBUTES_TO,0.776,1
POS_0807,Street Light Failure,Poor Road Visibility,Lighting,Safety,streetlights are off,dark road section,Nungambakkam,2.74,7.0,HIGH,LOW,18,0.903,CAUSES,0.808,1
NEG_1270,Sewer Overflow,Street Light Failure,Drainage,Lighting,sewer water is overflowing,street light is not working,Thiruvanmiyur,7.37,53.2,CRITICAL,MEDIUM,0,0.084,NO_DEPENDENCY,0.12,0
NEG_0397,Public Health Risk,Air Pollution,Health,Environment,health risk reported,polluted air reported,Kodambakkam,5.41,78.4,HIGH,MEDIUM,5,0.298,NO_DEPENDENCY,0.218,0
NEG_1000,Public Health Risk,Road Blockage,Health,Road,sanitation may affect public health,road is partially blocked,Ambattur,5.92,42.8,LOW,LOW,0,0.153,NO_DEPENDENCY,0.171,0
NEG_0036,Emergency Response Delay,Sewer Overflow,Emergency,Drainage,emergency access is difficult,sewage overflow reported,Guindy,5.25,13.6,CRITICAL,HIGH,13,0.179,NO_DEPENDENCY,0.279,0
NEG_0551,Public Health Risk,Water Leakage,Health,Water,possible health hazard,damaged water supply line,T Nagar,3.1,54.9,HIGH,HIGH,10,0.238,NO_DEPENDENCY,0.279,0
NEG_0511,Waterlogging,Air Pollution,Flooding,Environment,heavy waterlogging reported,dust and pollution are increasing,Mylapore,0.66,15.0,MEDIUM,LOW,0,0.399,NO_DEPENDENCY,0.347,0
POS_0149,Pothole / Road Damage,Traffic Congestion,Road,Traffic,multiple potholes reported,traffic is moving slowly,Royapettah,2.05,24.9,MEDIUM,CRITICAL,3,0.89,CONTRIBUTES_TO,0.712,1
NEG_1055,Safety Risk,Public Health Risk,Safety,Health,residents feel unsafe,sanitation may affect public health,Sholinganallur,4.36,65.1,CRITICAL,HIGH,1,0.063,NO_DEPENDENCY,0.154,0
NEG_0554,Street Light Failure,Air Pollution,Lighting,Environment,roadside light has failed,air quality is affected,Pallavaram,2.26,63.3,CRITICAL,LOW,7,0.249,NO_DEPENDENCY,0.273,0
NEG_0403,Stagnant Water,Street Light Failure,Public Health,Lighting,water is collecting,roadside light has failed,Perambur,5.95,38.4,HIGH,LOW,12,0.193,NO_DEPENDENCY,0.247,0
POS_1316,Blocked Drain,Waterlogging,Drainage,Flooding,rainwater drain is not flowing,heavy waterlogging reported,Perambur,3.61,27.5,MEDIUM,MEDIUM,3,0.649,CAUSES,0.689,1
POS_0693,Illegal Dumping,Blocked Drain,Waste,Drainage,unauthorized dumping reported,stormwater drain is blocked,Thiruvanmiyur,3.95,45.4,LOW,LOW,8,0.919,CONTRIBUTES_TO,0.621,1
POS_0819,Blocked Drain,Waterlogging,Drainage,Flooding,rainwater drain is not flowing,road is flooded,Thiruvanmiyur,4.46,21.7,MEDIUM,HIGH,20,0.887,CAUSES,0.766,1
NEG_0229,Air Pollution,Pothole / Road Damage,Environment,Road,local air pollution observed,road surface is badly damaged,Nungambakkam,1.98,34.5,LOW,CRITICAL,12,0.273,NO_DEPENDENCY,0.333,0
POS_1387,Traffic Congestion,Emergency Response Delay,Traffic,Emergency,vehicles are queued,emergency access is difficult,Sholinganallur,2.87,16.0,MEDIUM,HIGH,16,0.887,CAUSES,0.743,1
NEG_0782,Poor Road Visibility,Air Pollution,Safety,Environment,drivers cannot see clearly,local air pollution observed,Adyar,2.81,62.8,HIGH,MEDIUM,0,0.425,NO_DEPENDENCY,0.283,0
NEG_1234,Stagnant Water,Traffic Congestion,Public Health,Traffic,pool of water has remained,traffic flow is disrupted,Thiruvanmiyur,3.29,38.5,HIGH,CRITICAL,1,0.144,NO_DEPENDENCY,0.217,0
NEG_0100,Emergency Response Delay,Garbage Accumulation,Emergency,Waste,emergency access is difficult,waste has built up,Nungambakkam,4.81,35.7,HIGH,LOW,13,0.311,NO_DEPENDENCY,0.306,0
NEG_1111,Public Health Risk,Pothole / Road Damage,Health,Road,health risk reported,road surface is badly damaged,Anna Nagar,3.94,74.6,LOW,HIGH,14,0.264,NO_DEPENDENCY,0.278,0
NEG_0958,Garbage Accumulation,Poor Road Visibility,Waste,Safety,large pile of waste reported,drivers cannot see clearly,Tambaram,1.46,12.5,LOW,CRITICAL,2,0.204,NO_DEPENDENCY,0.289,0
POS_0702,Pothole / Road Damage,Poor Road Visibility,Road,Safety,large pothole on the road,dark road section,T Nagar,2.13,4.8,MEDIUM,HIGH,14,0.826,CONTRIBUTES_TO,0.672,1
NEG_0379,Garbage Accumulation,Blocked Drain,Waste,Drainage,large pile of waste reported,stormwater drain is blocked,Perambur,0.81,86.9,CRITICAL,MEDIUM,8,0.411,NO_DEPENDENCY,0.329,0
NEG_1157,Water Leakage,Waterlogging,Water,Flooding,water pipe is leaking,standing rainwater on the street,Velachery,3.53,24.0,CRITICAL,LOW,0,0.347,NO_DEPENDENCY,0.281,0
POS_0922,Sewer Overflow,Stagnant Water,Drainage,Public Health,sewer water is overflowing,standing water is not clearing,Perambur,1.28,28.3,MEDIUM,LOW,4,0.496,CAUSES,0.686,1
POS_1425,Stagnant Water,Public Health Risk,Public Health,Health,water is collecting,sanitation may affect public health,Nungambakkam,2.67,23.2,CRITICAL,LOW,2,0.776,CAUSES,0.747,1
NEG_0209,Public Health Risk,Traffic Congestion,Health,Traffic,sanitation may affect public health,vehicles are queued,Adyar,3.91,40.3,MEDIUM,LOW,5,0.02,NO_DEPENDENCY,0.189,0
POS_0906,Traffic Congestion,Emergency Response Delay,Traffic,Emergency,traffic flow is disrupted,emergency movement is delayed,Nungambakkam,0.06,30.5,LOW,CRITICAL,10,0.659,CAUSES,0.708,1
POS_0455,Sewer Overflow,Stagnant Water,Drainage,Public Health,sewer water is overflowing,standing water is not clearing,Sholinganallur,3.64,16.5,CRITICAL,LOW,19,0.785,CAUSES,0.789,1
NEG_0686,Traffic Congestion,Sewer Overflow,Traffic,Drainage,vehicles are queued,dirty wastewater is spreading,Kodambakkam,4.47,38.6,HIGH,HIGH,6,0.291,NO_DEPENDENCY,0.268,0
NEG_0805,Garbage Accumulation,Pothole / Road Damage,Waste,Road,uncollected garbage is present,large pothole on the road,Adyar,1.92,12.4,LOW,MEDIUM,12,0.065,NO_DEPENDENCY,0.29,0
NEG_0272,Poor Road Visibility,Illegal Dumping,Safety,Waste,low visibility reported,unauthorized dumping reported,Mylapore,0.67,83.0,LOW,CRITICAL,13,0.441,NO_DEPENDENCY,0.368,0
POS_0168,Illegal Dumping,Waterlogging,Waste,Flooding,garbage dumped beside road,standing rainwater on the street,Tambaram,0.82,34.4,HIGH,LOW,11,0.979,CONTRIBUTES_TO,0.732,1
POS_0731,Road Blockage,Traffic Congestion,Road,Traffic,vehicle movement is obstructed,severe congestion reported,T Nagar,0.82,7.9,CRITICAL,HIGH,14,0.711,CAUSES,0.84,1
NEG_0689,Emergency Response Delay,Street Light Failure,Emergency,Lighting,response time is increasing,streetlights are off,Anna Nagar,3.49,88.6,HIGH,LOW,6,0.027,NO_DEPENDENCY,0.162,0
POS_1311,Stagnant Water,Public Health Risk,Public Health,Health,pool of water has remained,health risk reported,Adyar,3.49,47.5,CRITICAL,LOW,1,0.893,CAUSES,0.714,1
POS_0027,Waterlogging,Road Blockage,Flooding,Road,water has accumulated on the road,traffic lane is obstructed,Sholinganallur,2.7,32.6,MEDIUM,LOW,4,0.575,CAUSES,0.664,1
NEG_0560,Sewer Overflow,Street Light Failure,Drainage,Lighting,dirty wastewater is spreading,street light is not working,Sholinganallur,2.04,2.6,CRITICAL,MEDIUM,4,0.359,NO_DEPENDENCY,0.345,0
NEG_0153,Street Light Failure,Road Blockage,Lighting,Road,roadside light has failed,road passage is blocked,Kodambakkam,6.93,90.6,CRITICAL,CRITICAL,2,0.16,NO_DEPENDENCY,0.129,0
NEG_0123,Pothole / Road Damage,Road Blockage,Road,Road,multiple potholes reported,road is partially blocked,Guindy,7.16,5.6,MEDIUM,CRITICAL,1,0.162,NO_DEPENDENCY,0.192,0
POS_0588,Waterlogging,Road Blockage,Flooding,Road,road is flooded,vehicle movement is obstructed,Porur,3.79,36.6,MEDIUM,LOW,7,0.604,CAUSES,0.645,1
NEG_0517,Safety Risk,Waterlogging,Safety,Flooding,risk to pedestrians and vehicles,water has accumulated on the road,Nungambakkam,0.43,70.0,MEDIUM,MEDIUM,5,0.341,NO_DEPENDENCY,0.313,0
POS_0998,Illegal Dumping,Blocked Drain,Waste,Drainage,open dumping observed,drain is clogged,Tambaram,0.38,46.1,CRITICAL,HIGH,14,0.49,CONTRIBUTES_TO,0.713,1
POS_1177,Poor Road Visibility,Safety Risk,Safety,Safety,drivers cannot see clearly,safety risk reported,Guindy,1.25,27.9,MEDIUM,HIGH,6,0.764,CONTRIBUTES_TO,0.694,1
NEG_0201,Emergency Response Delay,Public Health Risk,Emergency,Health,emergency movement is delayed,sanitation may affect public health,Mylapore,5.86,38.9,LOW,HIGH,15,0.426,NO_DEPENDENCY,0.332,0
POS_1041,Poor Road Visibility,Safety Risk,Safety,Safety,low visibility reported,residents feel unsafe,Anna Nagar,1.36,22.1,LOW,LOW,19,0.565,CONTRIBUTES_TO,0.667,1
POS_0034,Waterlogging,Road Blockage,Flooding,Road,road is flooded,vehicle movement is obstructed,T Nagar,4.26,33.3,HIGH,MEDIUM,2,0.529,CAUSES,0.635,1
NEG_0310,Emergency Response Delay,Waterlogging,Emergency,Flooding,response time is increasing,standing rainwater on the street,T Nagar,4.65,77.6,HIGH,HIGH,1,0.176,NO_DEPENDENCY,0.173,0
NEG_1127,Traffic Congestion,Air Pollution,Traffic,Environment,vehicles are queued,dust and pollution are increasing,Adyar,3.3,53.2,LOW,CRITICAL,14,0.269,NO_DEPENDENCY,0.307,0
POS_1380,Garbage Accumulation,Public Health Risk,Waste,Health,waste has built up,disease risk is increasing,Anna Nagar,3.19,29.4,CRITICAL,MEDIUM,17,0.525,CAUSES,0.705,1
POS_0042,Water Leakage,Stagnant Water,Water,Public Health,water pipe is leaking,pool of water has remained,Sholinganallur,4.17,26.1,HIGH,CRITICAL,7,0.831,CAUSES,0.692,1
NEG_0292,Road Blockage,Garbage Accumulation,Road,Waste,traffic lane is obstructed,uncollected garbage is present,Thiruvanmiyur,3.26,22.7,HIGH,HIGH,0,0.079,NO_DEPENDENCY,0.206,0
NEG_0690,Road Blockage,Pothole / Road Damage,Road,Road,traffic lane is obstructed,large pothole on the road,Sholinganallur,7.65,66.0,LOW,CRITICAL,7,0.049,NO_DEPENDENCY,0.13,0
NEG_1107,Stagnant Water,Pothole / Road Damage,Public Health,Road,water is collecting,damaged road section,Kodambakkam,5.5,39.4,HIGH,MEDIUM,3,0.323,NO_DEPENDENCY,0.247,0
NEG_0473,Pothole / Road Damage,Illegal Dumping,Road,Waste,multiple potholes reported,waste is being dumped illegally,Mylapore,4.39,82.7,HIGH,HIGH,14,0.424,NO_DEPENDENCY,0.312,0
NEG_0790,Sewer Overflow,Traffic Congestion,Drainage,Traffic,sewage overflow reported,traffic flow is disrupted,Mylapore,3.61,44.7,HIGH,HIGH,7,0.308,NO_DEPENDENCY,0.286,0
NEG_0426,Air Pollution,Emergency Response Delay,Environment,Emergency,air quality is affected,emergency vehicles cannot move quickly,Thiruvanmiyur,6.7,71.9,CRITICAL,MEDIUM,11,0.066,NO_DEPENDENCY,0.164,0
POS_0610,Illegal Dumping,Waterlogging,Waste,Flooding,open dumping observed,road is flooded,Mylapore,3.31,24.5,CRITICAL,LOW,13,0.676,CONTRIBUTES_TO,0.653,1
POS_1133,Pothole / Road Damage,Traffic Congestion,Road,Traffic,large pothole on the road,traffic flow is disrupted,Kodambakkam,1.39,11.4,LOW,HIGH,8,0.859,CONTRIBUTES_TO,0.728,1
POS_0029,Pothole / Road Damage,Poor Road Visibility,Road,Safety,road surface is badly damaged,dark road section,Guindy,3.4,3.9,LOW,LOW,19,0.693,CONTRIBUTES_TO,0.603,1
POS_0442,Traffic Congestion,Emergency Response Delay,Traffic,Emergency,severe congestion reported,emergency vehicles cannot move quickly,Ambattur,4.03,13.3,CRITICAL,MEDIUM,7,0.952,CAUSES,0.759,1
NEG_0856,Poor Road Visibility,Garbage Accumulation,Safety,Waste,drivers cannot see clearly,garbage has accumulated,Tambaram,5.75,34.0,CRITICAL,LOW,15,0.168,NO_DEPENDENCY,0.261,0
NEG_1299,Air Pollution,Poor Road Visibility,Environment,Safety,polluted air reported,visibility on road is poor,Perambur,7.65,21.8,CRITICAL,CRITICAL,3,0.448,NO_DEPENDENCY,0.266,0
POS_0494,Poor Road Visibility,Safety Risk,Safety,Safety,drivers cannot see clearly,area has become unsafe,Kodambakkam,0.3,37.1,CRITICAL,LOW,14,0.634,CONTRIBUTES_TO,0.749,1
POS_1259,Poor Road Visibility,Safety Risk,Safety,Safety,low visibility reported,risk to pedestrians and vehicles,Kodambakkam,2.31,23.2,LOW,LOW,15,0.72,CONTRIBUTES_TO,0.663,1
POS_1302,Sewer Overflow,Stagnant Water,Drainage,Public Health,dirty wastewater is spreading,standing water is not clearing,Royapettah,3.66,7.4,CRITICAL,CRITICAL,1,0.607,CAUSES,0.72,1
NEG_0866,Street Light Failure,Water Leakage,Lighting,Water,roadside light has failed,pipeline leak near street,Porur,3.86,40.6,CRITICAL,MEDIUM,9,0.247,NO_DEPENDENCY,0.277,0
POS_1383,Illegal Dumping,Blocked Drain,Waste,Drainage,garbage dumped beside road,blocked drainage outlet,Perambur,1.15,45.4,CRITICAL,HIGH,11,0.815,CONTRIBUTES_TO,0.753,1
POS_1305,Waterlogging,Road Blockage,Flooding,Road,heavy waterlogging reported,road is partially blocked,Mylapore,4.42,37.8,HIGH,LOW,16,0.719,CAUSES,0.698,1
POS_0237,Waterlogging,Road Blockage,Flooding,Road,standing rainwater on the street,road passage is blocked,Velachery,1.24,18.5,CRITICAL,HIGH,5,0.865,CAUSES,0.831,1
POS_0552,Illegal Dumping,Waterlogging,Waste,Flooding,waste is being dumped illegally,road is flooded,Adyar,0.55,23.2,HIGH,MEDIUM,10,0.898,CONTRIBUTES_TO,0.736,1
POS_0521,Illegal Dumping,Blocked Drain,Waste,Drainage,garbage dumped beside road,blocked drainage outlet,Tambaram,1.49,1.7,CRITICAL,LOW,7,0.69,CONTRIBUTES_TO,0.77,1
NEG_0947,Emergency Response Delay,Public Health Risk,Emergency,Health,response time is increasing,disease risk is increasing,Adyar,1.65,81.4,MEDIUM,CRITICAL,6,0.199,NO_DEPENDENCY,0.247,0
POS_1233,Illegal Dumping,Waterlogging,Waste,Flooding,unauthorized dumping reported,standing rainwater on the street,Ambattur,2.86,16.1,HIGH,HIGH,10,0.706,CONTRIBUTES_TO,0.649,1
POS_1139,Illegal Dumping,Waterlogging,Waste,Flooding,unauthorized dumping reported,road is flooded,Mylapore,2.56,31.0,LOW,MEDIUM,3,0.626,CONTRIBUTES_TO,0.553,1
POS_0721,Blocked Drain,Waterlogging,Drainage,Flooding,blocked drainage outlet,road is flooded,Porur,0.81,23.2,CRITICAL,HIGH,20,0.817,CAUSES,0.891,1
POS_0736,Garbage Accumulation,Public Health Risk,Waste,Health,waste has built up,sanitation may affect public health,Porur,3.7,6.3,LOW,MEDIUM,14,0.557,CAUSES,0.648,1
NEG_1154,Public Health Risk,Sewer Overflow,Health,Drainage,health risk reported,sewer line has overflowed,Kodambakkam,4.8,14.2,CRITICAL,LOW,2,0.073,NO_DEPENDENCY,0.198,0
NEG_0251,Stagnant Water,Waterlogging,Public Health,Flooding,stagnant water remains,standing rainwater on the street,Perambur,3.31,78.9,CRITICAL,LOW,8,0.414,NO_DEPENDENCY,0.299,0
POS_0059,Garbage Accumulation,Air Pollution,Waste,Environment,uncollected garbage is present,local air pollution observed,Tambaram,0.14,7.7,MEDIUM,CRITICAL,4,0.517,CONTRIBUTES_TO,0.679,1
POS_0632,Garbage Accumulation,Public Health Risk,Waste,Health,waste has built up,disease risk is increasing,Porur,1.61,46.9,MEDIUM,CRITICAL,3,0.913,CAUSES,0.713,1
POS_1182,Road Blockage,Traffic Congestion,Road,Traffic,traffic lane is obstructed,traffic is moving slowly,Nungambakkam,1.47,44.9,HIGH,CRITICAL,11,0.662,CAUSES,0.73,1
NEG_0704,Emergency Response Delay,Public Health Risk,Emergency,Health,emergency access is difficult,disease risk is increasing,Porur,3.71,45.9,CRITICAL,LOW,2,0.108,NO_DEPENDENCY,0.199,0
POS_0593,Road Blockage,Traffic Congestion,Road,Traffic,road passage is blocked,traffic is moving slowly,Adyar,2.87,43.5,CRITICAL,MEDIUM,4,0.885,CAUSES,0.749,1
POS_1304,Garbage Accumulation,Public Health Risk,Waste,Health,uncollected garbage is present,possible health hazard,Guindy,4.06,45.0,LOW,MEDIUM,12,0.62,CAUSES,0.593,1
POS_1388,Stagnant Water,Public Health Risk,Public Health,Health,stagnant water remains,possible health hazard,Porur,3.98,10.0,LOW,HIGH,7,0.88,CAUSES,0.691,1
NEG_1116,Illegal Dumping,Stagnant Water,Waste,Public Health,garbage dumped beside road,pool of water has remained,Porur,5.11,37.5,MEDIUM,HIGH,6,0.18,NO_DEPENDENCY,0.226,0
NEG_1131,Safety Risk,Traffic Congestion,Safety,Traffic,risk to pedestrians and vehicles,severe congestion reported,Nungambakkam,7.11,32.7,HIGH,HIGH,9,0.056,NO_DEPENDENCY,0.178,0
NEG_0346,Road Blockage,Garbage Accumulation,Road,Waste,road is partially blocked,garbage has accumulated,Velachery,7.82,27.2,HIGH,CRITICAL,10,0.053,NO_DEPENDENCY,0.176,0
POS_0940,Sewer Overflow,Stagnant Water,Drainage,Public Health,dirty wastewater is spreading,standing water is not clearing,Anna Nagar,2.47,1.5,HIGH,LOW,18,0.474,CAUSES,0.749,1
NEG_1289,Sewer Overflow,Illegal Dumping,Drainage,Waste,sewage overflow reported,waste is being dumped illegally,Perambur,4.65,87.7,HIGH,MEDIUM,3,0.037,NO_DEPENDENCY,0.133,0
POS_1250,Stagnant Water,Public Health Risk,Public Health,Health,water is collecting,disease risk is increasing,Guindy,4.16,29.5,CRITICAL,HIGH,3,0.976,CAUSES,0.744,1
POS_0905,Waterlogging,Road Blockage,Flooding,Road,road is flooded,road is partially blocked,Ambattur,1.55,32.8,HIGH,HIGH,4,0.891,CAUSES,0.781,1
NEG_1044,Emergency Response Delay,Blocked Drain,Emergency,Drainage,emergency access is difficult,drain is clogged,Nungambakkam,1.67,58.9,MEDIUM,MEDIUM,0,0.141,NO_DEPENDENCY,0.218,0
POS_1280,Blocked Drain,Waterlogging,Drainage,Flooding,rainwater drain is not flowing,standing rainwater on the street,Guindy,4.32,45.6,CRITICAL,CRITICAL,17,0.607,CAUSES,0.723,1
NEG_0903,Emergency Response Delay,Garbage Accumulation,Emergency,Waste,emergency access is difficult,uncollected garbage is present,Thiruvanmiyur,0.27,49.4,MEDIUM,HIGH,11,0.078,NO_DEPENDENCY,0.283,0
NEG_1460,Water Leakage,Safety Risk,Water,Safety,water pipe is leaking,area has become unsafe,Adyar,4.14,27.2,CRITICAL,CRITICAL,2,0.112,NO_DEPENDENCY,0.209,0
NEG_0627,Stagnant Water,Safety Risk,Public Health,Safety,water is collecting,residents feel unsafe,Ambattur,6.2,74.6,CRITICAL,LOW,2,0.12,NO_DEPENDENCY,0.141,0
NEG_0888,Stagnant Water,Poor Road Visibility,Public Health,Safety,pool of water has remained,visibility on road is poor,Nungambakkam,0.42,93.1,MEDIUM,HIGH,11,0.251,NO_DEPENDENCY,0.296,0
NEG_0543,Street Light Failure,Air Pollution,Lighting,Environment,roadside light has failed,air quality is affected,Sholinganallur,3.65,66.2,MEDIUM,HIGH,3,0.049,NO_DEPENDENCY,0.17,0
POS_1143,Illegal Dumping,Blocked Drain,Waste,Drainage,open dumping observed,stormwater drain is blocked,T Nagar,0.62,1.1,MEDIUM,MEDIUM,4,0.726,CONTRIBUTES_TO,0.742,1
NEG_0882,Road Blockage,Blocked Drain,Road,Drainage,road passage is blocked,drain is clogged,Sholinganallur,2.4,27.6,CRITICAL,HIGH,12,0.047,NO_DEPENDENCY,0.265,0
POS_0707,Garbage Accumulation,Air Pollution,Waste,Environment,large pile of waste reported,polluted air reported,Velachery,1.31,40.2,MEDIUM,LOW,9,0.847,CONTRIBUTES_TO,0.683,1
NEG_1142,Sewer Overflow,Garbage Accumulation,Drainage,Waste,dirty wastewater is spreading,large pile of waste reported,Porur,2.86,16.1,MEDIUM,MEDIUM,14,0.263,NO_DEPENDENCY,0.343,0
POS_1023,Illegal Dumping,Blocked Drain,Waste,Drainage,waste is being dumped illegally,stormwater drain is blocked,Mylapore,0.78,15.1,MEDIUM,CRITICAL,4,0.911,CONTRIBUTES_TO,0.756,1
POS_0746,Stagnant Water,Public Health Risk,Public Health,Health,pool of water has remained,sanitation may affect public health,Guindy,3.33,22.0,MEDIUM,HIGH,19,0.971,CAUSES,0.764,1
NEG_0047,Traffic Congestion,Stagnant Water,Traffic,Public Health,vehicles are queued,stagnant water remains,T Nagar,7.92,53.6,MEDIUM,MEDIUM,7,0.329,NO_DEPENDENCY,0.22,0
NEG_0858,Road Blockage,Stagnant Water,Road,Public Health,traffic lane is obstructed,water is collecting,Perambur,1.09,47.0,LOW,CRITICAL,14,0.255,NO_DEPENDENCY,0.341,0
NEG_0547,Blocked Drain,Pothole / Road Damage,Drainage,Road,blocked drainage outlet,damaged road section,Porur,6.89,6.4,CRITICAL,CRITICAL,2,0.063,NO_DEPENDENCY,0.17,0
POS_0514,Garbage Accumulation,Public Health Risk,Waste,Health,large pile of waste reported,disease risk is increasing,Pallavaram,0.4,37.5,CRITICAL,HIGH,20,0.521,CAUSES,0.77,1
POS_0082,Illegal Dumping,Blocked Drain,Waste,Drainage,garbage dumped beside road,rainwater drain is not flowing,T Nagar,1.53,32.3,CRITICAL,CRITICAL,11,0.905,CONTRIBUTES_TO,0.779,1
NEG_1162,Blocked Drain,Water Leakage,Drainage,Water,stormwater drain is blocked,damaged water supply line,T Nagar,7.75,49.7,MEDIUM,CRITICAL,7,0.232,NO_DEPENDENCY,0.197,0
POS_1309,Sewer Overflow,Stagnant Water,Drainage,Public Health,sewage overflow reported,pool of water has remained,Anna Nagar,2.06,26.1,MEDIUM,CRITICAL,11,0.808,CAUSES,0.749,1
NEG_0996,Poor Road Visibility,Sewer Overflow,Safety,Drainage,visibility on road is poor,sewage overflow reported,Adyar,5.36,36.1,MEDIUM,HIGH,14,0.359,NO_DEPENDENCY,0.317,0
POS_0915,Poor Road Visibility,Safety Risk,Safety,Safety,visibility on road is poor,safety risk reported,Perambur,0.56,13.0,MEDIUM,CRITICAL,14,0.822,CONTRIBUTES_TO,0.763,1
POS_1405,Garbage Accumulation,Air Pollution,Waste,Environment,waste has built up,dust and pollution are increasing,Pallavaram,0.86,16.4,HIGH,CRITICAL,13,0.715,CONTRIBUTES_TO,0.736,1
NEG_0148,Safety Risk,Sewer Overflow,Safety,Drainage,safety risk reported,sewer line has overflowed,Porur,7.61,62.5,MEDIUM,HIGH,0,0.084,NO_DEPENDENCY,0.109,0
NEG_1261,Road Blockage,Poor Road Visibility,Road,Safety,traffic lane is obstructed,low visibility reported,T Nagar,2.8,68.0,CRITICAL,MEDIUM,1,0.275,NO_DEPENDENCY,0.239,0
POS_1109,Street Light Failure,Poor Road Visibility,Lighting,Safety,street light is not working,dark road section,Thiruvanmiyur,2.53,34.3,LOW,LOW,11,0.513,CAUSES,0.63,1
POS_0151,Garbage Accumulation,Air Pollution,Waste,Environment,large pile of waste reported,polluted air reported,Thiruvanmiyur,3.23,16.4,HIGH,CRITICAL,2,0.527,CONTRIBUTES_TO,0.612,1
NEG_1227,Poor Road Visibility,Blocked Drain,Safety,Drainage,dark road section,rainwater drain is not flowing,Perambur,4.67,27.8,CRITICAL,LOW,12,0.041,NO_DEPENDENCY,0.229,0
POS_0775,Traffic Congestion,Emergency Response Delay,Traffic,Emergency,severe congestion reported,emergency access is difficult,Adyar,4.41,46.4,MEDIUM,LOW,16,0.47,CAUSES,0.579,1
POS_0330,Stagnant Water,Public Health Risk,Public Health,Health,water is collecting,possible health hazard,Tambaram,3.97,23.1,MEDIUM,LOW,2,0.492,CAUSES,0.608,1
POS_0007,Street Light Failure,Poor Road Visibility,Lighting,Safety,dark street due to light failure,low visibility reported,Ambattur,4.22,31.3,MEDIUM,MEDIUM,6,0.773,CAUSES,0.657,1
POS_0944,Road Blockage,Traffic Congestion,Road,Traffic,road is partially blocked,traffic flow is disrupted,Nungambakkam,4.02,33.1,HIGH,LOW,10,0.781,CAUSES,0.704,1
POS_0823,Garbage Accumulation,Public Health Risk,Waste,Health,large pile of waste reported,sanitation may affect public health,Perambur,0.39,5.5,CRITICAL,CRITICAL,11,0.856,CAUSES,0.859,1
POS_0735,Sewer Overflow,Stagnant Water,Drainage,Public Health,sewer water is overflowing,standing water is not clearing,Nungambakkam,0.58,10.3,CRITICAL,CRITICAL,10,0.642,CAUSES,0.823,1
POS_0910,Illegal Dumping,Waterlogging,Waste,Flooding,unauthorized dumping reported,water has accumulated on the road,Perambur,2.97,21.4,LOW,HIGH,14,0.524,CONTRIBUTES_TO,0.563,1
POS_0469,Traffic Congestion,Emergency Response Delay,Traffic,Emergency,vehicles are queued,emergency access is difficult,T Nagar,0.45,1.2,HIGH,CRITICAL,14,0.565,CAUSES,0.78,1
POS_0182,Water Leakage,Stagnant Water,Water,Public Health,pipeline leak near street,stagnant water remains,Kodambakkam,0.09,5.6,HIGH,CRITICAL,9,0.521,CAUSES,0.766,1
POS_0165,Stagnant Water,Public Health Risk,Public Health,Health,stagnant water remains,possible health hazard,Nungambakkam,0.19,7.8,HIGH,CRITICAL,12,0.688,CAUSES,0.813,1
NEG_0024,Emergency Response Delay,Sewer Overflow,Emergency,Drainage,response time is increasing,sewer water is overflowing,Pallavaram,2.21,37.7,CRITICAL,LOW,10,0.086,NO_DEPENDENCY,0.261,0
POS_0452,Garbage Accumulation,Air Pollution,Waste,Environment,uncollected garbage is present,local air pollution observed,Nungambakkam,1.18,40.4,HIGH,HIGH,11,0.501,CONTRIBUTES_TO,0.647,1
POS_0491,Traffic Congestion,Emergency Response Delay,Traffic,Emergency,traffic is moving slowly,emergency access is difficult,Nungambakkam,3.86,1.5,MEDIUM,LOW,9,0.886,CAUSES,0.721,1
NEG_0505,Garbage Accumulation,Safety Risk,Waste,Safety,garbage has accumulated,residents feel unsafe,Porur,3.76,80.2,LOW,CRITICAL,14,0.309,NO_DEPENDENCY,0.289,0
POS_1144,Pothole / Road Damage,Poor Road Visibility,Road,Safety,damaged road section,visibility on road is poor,Porur,1.94,8.6,MEDIUM,CRITICAL,16,0.876,CONTRIBUTES_TO,0.687,1
POS_1312,Illegal Dumping,Blocked Drain,Waste,Drainage,unauthorized dumping reported,blocked drainage outlet,Tambaram,2.6,45.6,CRITICAL,CRITICAL,14,0.655,CONTRIBUTES_TO,0.692,1
NEG_0743,Illegal Dumping,Air Pollution,Waste,Environment,open dumping observed,air quality is affected,Guindy,4.19,40.6,LOW,CRITICAL,4,0.246,NO_DEPENDENCY,0.247,0
POS_1112,Poor Road Visibility,Safety Risk,Safety,Safety,dark road section,risk to pedestrians and vehicles,Sholinganallur,0.48,14.6,CRITICAL,HIGH,19,0.631,CONTRIBUTES_TO,0.787,1
NEG_1355,Pothole / Road Damage,Emergency Response Delay,Road,Emergency,road surface is badly damaged,emergency movement is delayed,Perambur,2.53,84.0,LOW,LOW,6,0.171,NO_DEPENDENCY,0.223,0
NEG_0478,Pothole / Road Damage,Illegal Dumping,Road,Waste,large pothole on the road,unauthorized dumping reported,Mylapore,1.2,14.5,LOW,HIGH,5,0.134,NO_DEPENDENCY,0.285,0
POS_1442,Garbage Accumulation,Air Pollution,Waste,Environment,large pile of waste reported,local air pollution observed,Kodambakkam,1.22,3.3,CRITICAL,LOW,11,0.679,CONTRIBUTES_TO,0.758,1
NEG_0390,Garbage Accumulation,Safety Risk,Waste,Safety,uncollected garbage is present,residents feel unsafe,Thiruvanmiyur,1.72,71.2,MEDIUM,HIGH,6,0.318,NO_DEPENDENCY,0.29,0
POS_1007,Illegal Dumping,Blocked Drain,Waste,Drainage,garbage dumped beside road,stormwater drain is blocked,Anna Nagar,3.57,17.5,HIGH,MEDIUM,12,0.488,CONTRIBUTES_TO,0.643,1
NEG_0128,Stagnant Water,Air Pollution,Public Health,Environment,pool of water has remained,air quality is affected,Nungambakkam,4.29,39.5,HIGH,LOW,7,0.1,NO_DEPENDENCY,0.218,0
NEG_0133,Pothole / Road Damage,Water Leakage,Road,Water,large pothole on the road,continuous water leakage,Adyar,1.54,90.9,HIGH,HIGH,7,0.115,NO_DEPENDENCY,0.221,0
POS_1075,Waterlogging,Road Blockage,Flooding,Road,standing rainwater on the street,road passage is blocked,Adyar,4.28,28.9,CRITICAL,MEDIUM,3,0.775,CAUSES,0.717,1
POS_0579,Street Light Failure,Poor Road Visibility,Lighting,Safety,street light is not working,visibility on road is poor,Velachery,1.31,9.7,LOW,MEDIUM,3,0.463,CAUSES,0.665,1
NEG_1228,Road Blockage,Blocked Drain,Road,Drainage,traffic lane is obstructed,drain is clogged,Guindy,1.74,26.7,HIGH,HIGH,12,0.367,NO_DEPENDENCY,0.372,0
NEG_0846,Emergency Response Delay,Water Leakage,Emergency,Water,emergency movement is delayed,damaged water supply line,Porur,3.59,19.3,CRITICAL,MEDIUM,2,0.399,NO_DEPENDENCY,0.31,0
NEG_0764,Sewer Overflow,Safety Risk,Drainage,Safety,sewage overflow reported,risk to pedestrians and vehicles,Kodambakkam,6.04,56.1,MEDIUM,LOW,12,0.298,NO_DEPENDENCY,0.262,0
NEG_0803,Garbage Accumulation,Water Leakage,Waste,Water,waste has built up,pipeline leak near street,Velachery,1.05,15.0,LOW,MEDIUM,9,0.42,NO_DEPENDENCY,0.393,0
POS_0328,Garbage Accumulation,Public Health Risk,Waste,Health,garbage has accumulated,possible health hazard,Adyar,0.88,2.6,MEDIUM,HIGH,9,0.683,CAUSES,0.761,1
NEG_0291,Public Health Risk,Blocked Drain,Health,Drainage,health risk reported,drain is clogged,Adyar,5.17,92.2,HIGH,MEDIUM,13,0.259,NO_DEPENDENCY,0.238,0
POS_0443,Traffic Congestion,Emergency Response Delay,Traffic,Emergency,traffic is moving slowly,emergency movement is delayed,Pallavaram,1.07,40.2,MEDIUM,LOW,12,0.893,CAUSES,0.746,1
NEG_0359,Pothole / Road Damage,Public Health Risk,Road,Health,multiple potholes reported,disease risk is increasing,Nungambakkam,3.43,21.4,HIGH,HIGH,2,0.149,NO_DEPENDENCY,0.235,0
NEG_0671,Garbage Accumulation,Sewer Overflow,Waste,Drainage,uncollected garbage is present,sewer line has overflowed,Anna Nagar,2.05,69.8,MEDIUM,CRITICAL,1,0.077,NO_DEPENDENCY,0.189,0
NEG_1333,Pothole / Road Damage,Blocked Drain,Road,Drainage,road surface is badly damaged,stormwater drain is blocked,Velachery,3.1,16.0,MEDIUM,MEDIUM,15,0.306,NO_DEPENDENCY,0.357,0
POS_0833,Traffic Congestion,Emergency Response Delay,Traffic,Emergency,severe congestion reported,emergency access is difficult,Porur,0.34,39.2,LOW,LOW,12,0.794,CAUSES,0.721,1
NEG_0875,Emergency Response Delay,Poor Road Visibility,Emergency,Safety,emergency movement is delayed,drivers cannot see clearly,Guindy,6.93,94.1,LOW,LOW,6,0.244,NO_DEPENDENCY,0.171,0
NEG_0604,Sewer Overflow,Blocked Drain,Drainage,Drainage,sewer water is overflowing,rainwater drain is not flowing,Royapettah,0.31,32.6,HIGH,CRITICAL,6,0.219,NO_DEPENDENCY,0.314,0
POS_1415,Sewer Overflow,Stagnant Water,Drainage,Public Health,sewage overflow reported,water is collecting,Nungambakkam,4.06,35.0,HIGH,CRITICAL,11,0.737,CAUSES,0.698,1
POS_1202,Pothole / Road Damage,Poor Road Visibility,Road,Safety,damaged road section,drivers cannot see clearly,Tambaram,2.53,16.8,MEDIUM,CRITICAL,15,0.619,CONTRIBUTES_TO,0.607,1
NEG_0815,Water Leakage,Pothole / Road Damage,Water,Road,pipeline leak near street,damaged road section,Kodambakkam,1.27,47.6,CRITICAL,CRITICAL,6,0.32,NO_DEPENDENCY,0.317,0
POS_1500,Road Blockage,Traffic Congestion,Road,Traffic,road passage is blocked,traffic flow is disrupted,Sholinganallur,2.91,33.7,MEDIUM,HIGH,20,0.501,CAUSES,0.675,1
NEG_1378,Sewer Overflow,Pothole / Road Damage,Drainage,Road,sewer water is overflowing,damaged road section,Adyar,0.4,34.2,CRITICAL,MEDIUM,7,0.406,NO_DEPENDENCY,0.372,0
POS_0087,Garbage Accumulation,Air Pollution,Waste,Environment,large pile of waste reported,air quality is affected,Ambattur,2.2,22.9,CRITICAL,MEDIUM,5,0.692,CONTRIBUTES_TO,0.694,1
POS_1404,Illegal Dumping,Waterlogging,Waste,Flooding,garbage dumped beside road,water has accumulated on the road,Perambur,0.29,30.2,MEDIUM,LOW,9,0.75,CONTRIBUTES_TO,0.675,1
NEG_1427,Blocked Drain,Public Health Risk,Drainage,Health,rainwater drain is not flowing,sanitation may affect public health,Ambattur,5.88,13.4,LOW,HIGH,3,0.445,NO_DEPENDENCY,0.299,0
POS_1482,Waterlogging,Road Blockage,Flooding,Road,heavy waterlogging reported,road is partially blocked,T Nagar,1.62,9.7,LOW,LOW,6,0.939,CAUSES,0.776,1
POS_0778,Illegal Dumping,Blocked Drain,Waste,Drainage,garbage dumped beside road,stormwater drain is blocked,Thiruvanmiyur,2.9,45.3,CRITICAL,CRITICAL,11,0.477,CONTRIBUTES_TO,0.641,1
POS_0800,Poor Road Visibility,Safety Risk,Safety,Safety,low visibility reported,safety risk reported,Sholinganallur,3.0,3.6,HIGH,CRITICAL,17,0.72,CONTRIBUTES_TO,0.727,1
NEG_0167,Air Pollution,Waterlogging,Environment,Flooding,dust and pollution are increasing,heavy waterlogging reported,Adyar,4.95,12.8,MEDIUM,LOW,4,0.191,NO_DEPENDENCY,0.242,0
POS_0055,Illegal Dumping,Waterlogging,Waste,Flooding,unauthorized dumping reported,water has accumulated on the road,Kodambakkam,0.18,16.5,MEDIUM,CRITICAL,13,0.81,CONTRIBUTES_TO,0.719,1
NEG_0863,Road Blockage,Safety Risk,Road,Safety,road passage is blocked,residents feel unsafe,Anna Nagar,7.89,86.2,LOW,LOW,4,0.415,NO_DEPENDENCY,0.204,0
POS_1288,Sewer Overflow,Stagnant Water,Drainage,Public Health,dirty wastewater is spreading,pool of water has remained,Nungambakkam,0.52,37.1,HIGH,HIGH,9,0.896,CAUSES,0.81,1
NEG_0168,Safety Risk,Garbage Accumulation,Safety,Waste,risk to pedestrians and vehicles,waste has built up,Adyar,3.84,64.1,LOW,LOW,2,0.043,NO_DEPENDENCY,0.162,0
NEG_1087,Street Light Failure,Stagnant Water,Lighting,Public Health,streetlights are off,stagnant water remains,Adyar,5.66,48.6,MEDIUM,CRITICAL,10,0.041,NO_DEPENDENCY,0.187,0
NEG_0655,Water Leakage,Road Blockage,Water,Road,continuous water leakage,road passage is blocked,Tambaram,5.99,64.7,LOW,HIGH,9,0.32,NO_DEPENDENCY,0.247,0
NEG_0202,Road Blockage,Street Light Failure,Road,Lighting,traffic lane is obstructed,streetlights are off,Mylapore,4.73,12.6,MEDIUM,MEDIUM,15,0.204,NO_DEPENDENCY,0.305,0
POS_1246,Garbage Accumulation,Air Pollution,Waste,Environment,waste has built up,dust and pollution are increasing,Thiruvanmiyur,1.66,37.2,MEDIUM,HIGH,7,0.846,CONTRIBUTES_TO,0.674,1
POS_0114,Garbage Accumulation,Public Health Risk,Waste,Health,large pile of waste reported,disease risk is increasing,Adyar,3.57,11.8,HIGH,LOW,6,0.622,CAUSES,0.687,1
NEG_1307,Road Blockage,Stagnant Water,Road,Public Health,road passage is blocked,water is collecting,Kodambakkam,1.35,65.6,CRITICAL,HIGH,0,0.345,NO_DEPENDENCY,0.279,0
POS_0988,Traffic Congestion,Emergency Response Delay,Traffic,Emergency,traffic is moving slowly,response time is increasing,Mylapore,3.86,45.7,CRITICAL,CRITICAL,15,0.636,CAUSES,0.675,1
POS_0502,Blocked Drain,Waterlogging,Drainage,Flooding,drain is clogged,heavy waterlogging reported,Perambur,1.58,38.7,LOW,HIGH,16,0.612,CAUSES,0.724,1
NEG_1392,Street Light Failure,Illegal Dumping,Lighting,Waste,dark street due to light failure,open dumping observed,T Nagar,5.87,67.4,MEDIUM,CRITICAL,4,0.06,NO_DEPENDENCY,0.144,0
POS_1010,Traffic Congestion,Emergency Response Delay,Traffic,Emergency,traffic is moving slowly,emergency access is difficult,Tambaram,0.93,38.6,CRITICAL,LOW,9,0.714,CAUSES,0.758,1
POS_1199,Street Light Failure,Poor Road Visibility,Lighting,Safety,streetlights are off,dark road section,Anna Nagar,3.12,9.3,CRITICAL,MEDIUM,2,0.716,CAUSES,0.743,1
POS_1395,Water Leakage,Stagnant Water,Water,Public Health,water pipe is leaking,water is collecting,Sholinganallur,0.78,34.4,HIGH,HIGH,12,0.499,CAUSES,0.712,1
POS_0590,Traffic Congestion,Emergency Response Delay,Traffic,Emergency,traffic flow is disrupted,emergency access is difficult,Anna Nagar,0.16,47.8,LOW,HIGH,13,0.576,CAUSES,0.672,1
POS_0769,Waterlogging,Road Blockage,Flooding,Road,heavy waterlogging reported,road is partially blocked,Sholinganallur,1.81,6.3,HIGH,CRITICAL,18,0.524,CAUSES,0.773,1
POS_0018,Traffic Congestion,Emergency Response Delay,Traffic,Emergency,traffic is moving slowly,emergency movement is delayed,Mylapore,1.05,16.6,MEDIUM,LOW,8,0.762,CAUSES,0.743,1
POS_1043,Road Blockage,Traffic Congestion,Road,Traffic,road passage is blocked,traffic flow is disrupted,Nungambakkam,4.48,9.8,HIGH,MEDIUM,3,0.76,CAUSES,0.703,1
POS_1448,Pothole / Road Damage,Poor Road Visibility,Road,Safety,multiple potholes reported,dark road section,Royapettah,1.12,9.6,HIGH,CRITICAL,7,0.965,CONTRIBUTES_TO,0.726,1
NEG_0964,Sewer Overflow,Emergency Response Delay,Drainage,Emergency,sewer water is overflowing,emergency movement is delayed,Mylapore,5.08,52.4,CRITICAL,LOW,7,0.331,NO_DEPENDENCY,0.264,0
POS_0286,Street Light Failure,Poor Road Visibility,Lighting,Safety,street light is not working,dark road section,Tambaram,4.29,11.8,LOW,CRITICAL,14,0.58,CAUSES,0.638,1
NEG_1139,Blocked Drain,Emergency Response Delay,Drainage,Emergency,stormwater drain is blocked,emergency movement is delayed,Nungambakkam,4.43,86.3,CRITICAL,MEDIUM,9,0.389,NO_DEPENDENCY,0.273,0
POS_0429,Water Leakage,Stagnant Water,Water,Public Health,pipeline leak near street,pool of water has remained,Kodambakkam,3.54,23.4,CRITICAL,HIGH,18,0.646,CAUSES,0.727,1
POS_1329,Traffic Congestion,Emergency Response Delay,Traffic,Emergency,traffic flow is disrupted,emergency access is difficult,Ambattur,4.23,31.5,LOW,CRITICAL,14,0.934,CAUSES,0.667,1
NEG_0449,Stagnant Water,Blocked Drain,Public Health,Drainage,pool of water has remained,rainwater drain is not flowing,Mylapore,4.95,56.1,LOW,LOW,1,0.36,NO_DEPENDENCY,0.242,0
POS_0670,Garbage Accumulation,Public Health Risk,Waste,Health,uncollected garbage is present,disease risk is increasing,Sholinganallur,1.73,19.0,LOW,MEDIUM,16,0.753,CAUSES,0.724,1
POS_0032,Street Light Failure,Poor Road Visibility,Lighting,Safety,street light is not working,visibility on road is poor,Royapettah,1.58,33.2,CRITICAL,HIGH,17,0.902,CAUSES,0.823,1
POS_1342,Stagnant Water,Public Health Risk,Public Health,Health,pool of water has remained,possible health hazard,Guindy,1.16,47.1,MEDIUM,CRITICAL,16,0.787,CAUSES,0.739,1
POS_0723,Sewer Overflow,Stagnant Water,Drainage,Public Health,sewer line has overflowed,water is collecting,Guindy,1.13,40.5,MEDIUM,LOW,18,0.905,CAUSES,0.79,1
POS_0952,Waterlogging,Road Blockage,Flooding,Road,water has accumulated on the road,road passage is blocked,Velachery,4.33,33.9,CRITICAL,HIGH,1,0.65,CAUSES,0.679,1
NEG_0415,Illegal Dumping,Traffic Congestion,Waste,Traffic,open dumping observed,traffic is moving slowly,Nungambakkam,6.21,60.4,CRITICAL,LOW,14,0.221,NO_DEPENDENCY,0.243,0
NEG_0794,Poor Road Visibility,Sewer Overflow,Safety,Drainage,drivers cannot see clearly,sewage overflow reported,Porur,2.68,23.9,MEDIUM,HIGH,13,0.11,NO_DEPENDENCY,0.288,0
POS_0215,Pothole / Road Damage,Traffic Congestion,Road,Traffic,large pothole on the road,severe congestion reported,Royapettah,3.95,47.3,HIGH,HIGH,14,0.726,CONTRIBUTES_TO,0.653,1
POS_0990,Blocked Drain,Waterlogging,Drainage,Flooding,drain is clogged,road is flooded,Mylapore,0.73,18.3,HIGH,HIGH,20,0.883,CAUSES,0.888,1
POS_1165,Street Light Failure,Poor Road Visibility,Lighting,Safety,streetlights are off,visibility on road is poor,Sholinganallur,2.3,8.7,HIGH,HIGH,1,0.846,CAUSES,0.763,1
NEG_1293,Illegal Dumping,Street Light Failure,Waste,Lighting,waste is being dumped illegally,dark street due to light failure,Mylapore,2.03,56.1,LOW,LOW,7,0.19,NO_DEPENDENCY,0.265,0
NEG_0506,Road Blockage,Poor Road Visibility,Road,Safety,road passage is blocked,visibility on road is poor,Anna Nagar,6.96,53.5,CRITICAL,MEDIUM,8,0.226,NO_DEPENDENCY,0.209,0
POS_0327,Garbage Accumulation,Air Pollution,Waste,Environment,large pile of waste reported,local air pollution observed,Kodambakkam,0.56,37.8,LOW,CRITICAL,9,0.7,CONTRIBUTES_TO,0.651,1
POS_0561,Street Light Failure,Poor Road Visibility,Lighting,Safety,roadside light has failed,low visibility reported,Nungambakkam,1.75,18.6,CRITICAL,MEDIUM,6,0.739,CAUSES,0.779,1
POS_1384,Pothole / Road Damage,Poor Road Visibility,Road,Safety,damaged road section,low visibility reported,Anna Nagar,0.62,15.8,MEDIUM,MEDIUM,8,0.785,CONTRIBUTES_TO,0.672,1
NEG_0225,Emergency Response Delay,Street Light Failure,Emergency,Lighting,emergency movement is delayed,street light is not working,Nungambakkam,2.66,8.3,MEDIUM,HIGH,2,0.032,NO_DEPENDENCY,0.223,0
POS_1087,Garbage Accumulation,Air Pollution,Waste,Environment,garbage has accumulated,local air pollution observed,T Nagar,1.75,21.6,MEDIUM,CRITICAL,13,0.569,CONTRIBUTES_TO,0.653,1
NEG_1184,Street Light Failure,Water Leakage,Lighting,Water,dark street due to light failure,continuous water leakage,Sholinganallur,0.35,32.0,HIGH,MEDIUM,5,0.111,NO_DEPENDENCY,0.276,0
POS_0342,Garbage Accumulation,Air Pollution,Waste,Environment,waste has built up,air quality is affected,Anna Nagar,2.6,46.3,MEDIUM,HIGH,8,0.904,CONTRIBUTES_TO,0.651,1
NEG_0154,Pothole / Road Damage,Sewer Overflow,Road,Drainage,road surface is badly damaged,dirty wastewater is spreading,Perambur,3.63,13.4,CRITICAL,MEDIUM,2,0.222,NO_DEPENDENCY,0.261,0
POS_0148,Garbage Accumulation,Air Pollution,Waste,Environment,uncollected garbage is present,air quality is affected,Tambaram,1.16,31.0,LOW,LOW,18,0.913,CONTRIBUTES_TO,0.711,1
NEG_0840,Illegal Dumping,Traffic Congestion,Waste,Traffic,garbage dumped beside road,traffic flow is disrupted,Pallavaram,3.94,39.5,HIGH,HIGH,12,0.284,NO_DEPENDENCY,0.303,0
NEG_0913,Safety Risk,Garbage Accumulation,Safety,Waste,safety risk reported,large pile of waste reported,Royapettah,3.51,24.8,LOW,LOW,5,0.2,NO_DEPENDENCY,0.262,0
POS_1108,Street Light Failure,Poor Road Visibility,Lighting,Safety,streetlights are off,drivers cannot see clearly,Kodambakkam,0.79,4.0,CRITICAL,CRITICAL,17,0.723,CAUSES,0.848,1
POS_0849,Poor Road Visibility,Safety Risk,Safety,Safety,visibility on road is poor,risk to pedestrians and vehicles,Royapettah,1.99,12.6,CRITICAL,HIGH,12,0.934,CONTRIBUTES_TO,0.796,1
POS_0967,Waterlogging,Road Blockage,Flooding,Road,water has accumulated on the road,traffic lane is obstructed,Sholinganallur,3.63,7.3,LOW,CRITICAL,18,0.911,CAUSES,0.753,1
POS_1073,Pothole / Road Damage,Poor Road Visibility,Road,Safety,road surface is badly damaged,dark road section,T Nagar,4.13,13.0,CRITICAL,HIGH,11,0.466,CONTRIBUTES_TO,0.581,1
NEG_0965,Emergency Response Delay,Public Health Risk,Emergency,Health,response time is increasing,disease risk is increasing,T Nagar,1.55,6.6,MEDIUM,MEDIUM,3,0.343,NO_DEPENDENCY,0.339,0
NEG_0406,Air Pollution,Poor Road Visibility,Environment,Safety,dust and pollution are increasing,visibility on road is poor,Anna Nagar,5.0,16.4,LOW,MEDIUM,8,0.347,NO_DEPENDENCY,0.305,0
POS_0156,Pothole / Road Damage,Traffic Congestion,Road,Traffic,road surface is badly damaged,traffic is moving slowly,Nungambakkam,3.38,17.5,LOW,HIGH,8,0.486,CONTRIBUTES_TO,0.595,1
POS_0666,Pothole / Road Damage,Traffic Congestion,Road,Traffic,large pothole on the road,traffic is moving slowly,T Nagar,2.25,46.6,HIGH,HIGH,12,0.777,CONTRIBUTES_TO,0.701,1
POS_0662,Poor Road Visibility,Safety Risk,Safety,Safety,visibility on road is poor,area has become unsafe,Royapettah,2.12,14.4,HIGH,HIGH,17,0.714,CONTRIBUTES_TO,0.733,1
POS_1003,Pothole / Road Damage,Poor Road Visibility,Road,Safety,multiple potholes reported,drivers cannot see clearly,Perambur,0.91,8.7,CRITICAL,LOW,9,0.814,CONTRIBUTES_TO,0.732,1
NEG_0842,Water Leakage,Illegal Dumping,Water,Waste,pipeline leak near street,garbage dumped beside road,Mylapore,0.24,5.0,HIGH,LOW,4,0.054,NO_DEPENDENCY,0.278,0
NEG_1017,Poor Road Visibility,Garbage Accumulation,Safety,Waste,low visibility reported,waste has built up,Porur,5.88,2.0,LOW,LOW,13,0.166,NO_DEPENDENCY,0.275,0
POS_0177,Waterlogging,Road Blockage,Flooding,Road,heavy waterlogging reported,road is partially blocked,Sholinganallur,3.11,8.0,MEDIUM,HIGH,15,0.67,CAUSES,0.735,1
NEG_1155,Garbage Accumulation,Water Leakage,Waste,Water,waste has built up,continuous water leakage,Velachery,6.25,64.2,CRITICAL,MEDIUM,15,0.252,NO_DEPENDENCY,0.253,0
NEG_0380,Illegal Dumping,Sewer Overflow,Waste,Drainage,waste is being dumped illegally,sewer water is overflowing,Thiruvanmiyur,7.36,76.5,CRITICAL,LOW,9,0.04,NO_DEPENDENCY,0.133,0
NEG_0025,Water Leakage,Sewer Overflow,Water,Drainage,continuous water leakage,sewer water is overflowing,Nungambakkam,2.54,4.1,MEDIUM,LOW,10,0.442,NO_DEPENDENCY,0.391,0
NEG_1318,Safety Risk,Public Health Risk,Safety,Health,risk to pedestrians and vehicles,disease risk is increasing,Tambaram,6.04,19.1,HIGH,HIGH,10,0.355,NO_DEPENDENCY,0.3,0
POS_1204,Street Light Failure,Poor Road Visibility,Lighting,Safety,street light is not working,drivers cannot see clearly,Tambaram,4.43,18.0,CRITICAL,CRITICAL,11,0.605,CAUSES,0.699,1
POS_0025,Street Light Failure,Poor Road Visibility,Lighting,Safety,streetlights are off,drivers cannot see clearly,T Nagar,4.31,47.8,MEDIUM,MEDIUM,16,0.745,CAUSES,0.651,1
NEG_1311,Poor Road Visibility,Air Pollution,Safety,Environment,visibility on road is poor,dust and pollution are increasing,Mylapore,7.89,56.2,CRITICAL,LOW,8,0.278,NO_DEPENDENCY,0.208,0
NEG_1310,Poor Road Visibility,Traffic Congestion,Safety,Traffic,drivers cannot see clearly,severe congestion reported,Pallavaram,5.7,42.3,HIGH,MEDIUM,15,0.235,NO_DEPENDENCY,0.275,0
NEG_0578,Pothole / Road Damage,Air Pollution,Road,Environment,large pothole on the road,air quality is affected,Guindy,7.67,25.2,MEDIUM,HIGH,5,0.095,NO_DEPENDENCY,0.167,0
NEG_0800,Emergency Response Delay,Garbage Accumulation,Emergency,Waste,emergency access is difficult,waste has built up,Anna Nagar,0.66,67.0,LOW,HIGH,0,0.353,NO_DEPENDENCY,0.29,0
POS_0876,Pothole / Road Damage,Traffic Congestion,Road,Traffic,damaged road section,traffic flow is disrupted,Nungambakkam,4.43,31.8,CRITICAL,HIGH,1,0.9,CONTRIBUTES_TO,0.69,1
NEG_1400,Safety Risk,Blocked Drain,Safety,Drainage,area has become unsafe,blocked drainage outlet,T Nagar,0.43,12.2,LOW,CRITICAL,0,0.313,NO_DEPENDENCY,0.327,0
POS_0939,Poor Road Visibility,Safety Risk,Safety,Safety,drivers cannot see clearly,area has become unsafe,Ambattur,2.55,21.6,CRITICAL,MEDIUM,11,0.536,CONTRIBUTES_TO,0.687,1
NEG_1198,Traffic Congestion,Poor Road Visibility,Traffic,Safety,vehicles are queued,low visibility reported,Adyar,0.59,22.4,MEDIUM,LOW,3,0.084,NO_DEPENDENCY,0.263,0
NEG_0053,Waterlogging,Air Pollution,Flooding,Environment,water has accumulated on the road,dust and pollution are increasing,Pallavaram,5.86,70.1,CRITICAL,MEDIUM,9,0.178,NO_DEPENDENCY,0.202,0
POS_0347,Sewer Overflow,Stagnant Water,Drainage,Public Health,dirty wastewater is spreading,water is collecting,Kodambakkam,1.47,7.1,HIGH,HIGH,16,0.463,CAUSES,0.759,1
NEG_1008,Emergency Response Delay,Air Pollution,Emergency,Environment,emergency vehicles cannot move quickly,dust and pollution are increasing,Porur,0.22,41.9,HIGH,CRITICAL,6,0.096,NO_DEPENDENCY,0.271,0
NEG_1472,Safety Risk,Garbage Accumulation,Safety,Waste,safety risk reported,large pile of waste reported,Adyar,5.93,56.8,CRITICAL,LOW,2,0.303,NO_DEPENDENCY,0.215,0
NEG_0538,Public Health Risk,Air Pollution,Health,Environment,possible health hazard,dust and pollution are increasing,Kodambakkam,1.07,41.1,CRITICAL,MEDIUM,3,0.204,NO_DEPENDENCY,0.276,0
NEG_0427,Sewer Overflow,Safety Risk,Drainage,Safety,sewer water is overflowing,residents feel unsafe,Perambur,0.3,2.1,CRITICAL,CRITICAL,11,0.04,NO_DEPENDENCY,0.311,0
POS_0386,Traffic Congestion,Emergency Response Delay,Traffic,Emergency,severe congestion reported,response time is increasing,T Nagar,3.4,2.0,MEDIUM,CRITICAL,4,0.881,CAUSES,0.718,1
NEG_0330,Stagnant Water,Air Pollution,Public Health,Environment,standing water is not clearing,air quality is affected,Porur,4.25,94.5,CRITICAL,MEDIUM,4,0.036,NO_DEPENDENCY,0.138,0
NEG_0662,Air Pollution,Traffic Congestion,Environment,Traffic,local air pollution observed,traffic flow is disrupted,Porur,1.84,5.8,HIGH,HIGH,5,0.148,NO_DEPENDENCY,0.287,0
NEG_1009,Public Health Risk,Traffic Congestion,Health,Traffic,health risk reported,traffic flow is disrupted,Nungambakkam,2.21,46.4,CRITICAL,HIGH,12,0.064,NO_DEPENDENCY,0.257,0
NEG_0697,Garbage Accumulation,Street Light Failure,Waste,Lighting,garbage has accumulated,roadside light has failed,Guindy,5.52,21.8,HIGH,HIGH,12,0.449,NO_DEPENDENCY,0.344,0
POS_0244,Garbage Accumulation,Public Health Risk,Waste,Health,uncollected garbage is present,disease risk is increasing,Mylapore,2.73,33.5,CRITICAL,HIGH,6,0.704,CAUSES,0.719,1
NEG_0587,Poor Road Visibility,Waterlogging,Safety,Flooding,drivers cannot see clearly,standing rainwater on the street,T Nagar,3.7,74.0,HIGH,HIGH,5,0.031,NO_DEPENDENCY,0.167,0
NEG_0327,Air Pollution,Blocked Drain,Environment,Drainage,dust and pollution are increasing,drain is clogged,Thiruvanmiyur,1.08,20.2,CRITICAL,HIGH,0,0.435,NO_DEPENDENCY,0.347,0
POS_0937,Blocked Drain,Waterlogging,Drainage,Flooding,stormwater drain is blocked,standing rainwater on the street,Guindy,0.54,1.1,MEDIUM,MEDIUM,2,0.89,CAUSES,0.848,1
NEG_0190,Safety Risk,Waterlogging,Safety,Flooding,residents feel unsafe,water has accumulated on the road,Sholinganallur,7.33,5.5,MEDIUM,LOW,8,0.342,NO_DEPENDENCY,0.278,0
NEG_1081,Poor Road Visibility,Traffic Congestion,Safety,Traffic,visibility on road is poor,traffic is moving slowly,Kodambakkam,7.5,2.7,HIGH,MEDIUM,6,0.368,NO_DEPENDENCY,0.276,0
POS_0313,Water Leakage,Stagnant Water,Water,Public Health,damaged water supply line,stagnant water remains,Sholinganallur,1.43,23.8,MEDIUM,LOW,8,0.498,CAUSES,0.675,1
POS_1460,Pothole / Road Damage,Traffic Congestion,Road,Traffic,road surface is badly damaged,severe congestion reported,Adyar,0.53,11.8,CRITICAL,CRITICAL,19,0.614,CONTRIBUTES_TO,0.803,1
NEG_1426,Illegal Dumping,Stagnant Water,Waste,Public Health,waste is being dumped illegally,water is collecting,T Nagar,3.76,68.8,HIGH,MEDIUM,2,0.061,NO_DEPENDENCY,0.165,0
NEG_0608,Illegal Dumping,Water Leakage,Waste,Water,open dumping observed,pipeline leak near street,Sholinganallur,2.48,60.6,CRITICAL,LOW,8,0.039,NO_DEPENDENCY,0.214,0
POS_1333,Poor Road Visibility,Safety Risk,Safety,Safety,drivers cannot see clearly,area has become unsafe,Pallavaram,0.58,39.6,CRITICAL,MEDIUM,3,0.919,CONTRIBUTES_TO,0.768,1
POS_0969,Pothole / Road Damage,Traffic Congestion,Road,Traffic,damaged road section,traffic is moving slowly,Nungambakkam,4.44,47.0,MEDIUM,LOW,15,0.854,CONTRIBUTES_TO,0.644,1
POS_1455,Garbage Accumulation,Public Health Risk,Waste,Health,uncollected garbage is present,possible health hazard,Adyar,3.43,47.7,HIGH,LOW,3,0.472,CAUSES,0.603,1
POS_0661,Sewer Overflow,Stagnant Water,Drainage,Public Health,sewer water is overflowing,stagnant water remains,Pallavaram,0.17,9.0,MEDIUM,HIGH,11,0.77,CAUSES,0.813,1
NEG_0435,Traffic Congestion,Poor Road Visibility,Traffic,Safety,severe congestion reported,dark road section,Sholinganallur,6.63,23.8,CRITICAL,LOW,0,0.117,NO_DEPENDENCY,0.166,0
POS_0936,Traffic Congestion,Emergency Response Delay,Traffic,Emergency,traffic is moving slowly,emergency access is difficult,Kodambakkam,2.07,31.1,MEDIUM,LOW,17,0.663,CAUSES,0.7,1
POS_0371,Sewer Overflow,Stagnant Water,Drainage,Public Health,sewage overflow reported,water is collecting,Nungambakkam,3.94,25.2,LOW,CRITICAL,20,0.815,CAUSES,0.703,1
POS_0567,Traffic Congestion,Emergency Response Delay,Traffic,Emergency,vehicles are queued,emergency movement is delayed,Pallavaram,2.15,35.7,HIGH,LOW,3,0.959,CAUSES,0.741,1
NEG_0474,Stagnant Water,Illegal Dumping,Public Health,Waste,standing water is not clearing,waste is being dumped illegally,Royapettah,6.04,44.6,CRITICAL,HIGH,3,0.384,NO_DEPENDENCY,0.252,0
NEG_0355,Street Light Failure,Emergency Response Delay,Lighting,Emergency,dark street due to light failure,response time is increasing,Royapettah,4.66,57.8,CRITICAL,MEDIUM,2,0.417,NO_DEPENDENCY,0.267,0
POS_1025,Garbage Accumulation,Public Health Risk,Waste,Health,waste has built up,sanitation may affect public health,Nungambakkam,1.97,7.7,HIGH,LOW,17,0.716,CAUSES,0.779,1
POS_0825,Blocked Drain,Waterlogging,Drainage,Flooding,rainwater drain is not flowing,water has accumulated on the road,Velachery,0.1,5.9,CRITICAL,CRITICAL,11,0.936,CAUSES,0.934,1
POS_0983,Traffic Congestion,Emergency Response Delay,Traffic,Emergency,vehicles are queued,emergency movement is delayed,Pallavaram,4.37,27.9,LOW,HIGH,12,0.458,CAUSES,0.569,1
NEG_1173,Water Leakage,Road Blockage,Water,Road,pipeline leak near street,road passage is blocked,Velachery,2.49,56.6,LOW,LOW,1,0.2,NO_DEPENDENCY,0.23,0
NEG_1457,Garbage Accumulation,Illegal Dumping,Waste,Waste,uncollected garbage is present,unauthorized dumping reported,Velachery,4.59,32.1,HIGH,CRITICAL,13,0.34,NO_DEPENDENCY,0.321,0
NEG_0146,Stagnant Water,Waterlogging,Public Health,Flooding,stagnant water remains,standing rainwater on the street,Porur,1.83,32.5,CRITICAL,MEDIUM,6,0.227,NO_DEPENDENCY,0.294,0
NEG_1083,Illegal Dumping,Street Light Failure,Waste,Lighting,open dumping observed,street light is not working,Ambattur,4.42,72.0,CRITICAL,CRITICAL,5,0.151,NO_DEPENDENCY,0.194,0
NEG_0746,Waterlogging,Public Health Risk,Flooding,Health,heavy waterlogging reported,sanitation may affect public health,Royapettah,4.77,22.6,CRITICAL,MEDIUM,4,0.355,NO_DEPENDENCY,0.286,0
NEG_0619,Blocked Drain,Emergency Response Delay,Drainage,Emergency,stormwater drain is blocked,emergency vehicles cannot move quickly,Mylapore,7.82,36.2,LOW,HIGH,13,0.344,NO_DEPENDENCY,0.271,0
POS_0814,Water Leakage,Stagnant Water,Water,Public Health,continuous water leakage,stagnant water remains,Tambaram,1.77,23.1,HIGH,LOW,15,0.624,CAUSES,0.735,1
NEG_0293,Stagnant Water,Poor Road Visibility,Public Health,Safety,water is collecting,visibility on road is poor,Mylapore,4.61,19.5,HIGH,MEDIUM,13,0.094,NO_DEPENDENCY,0.258,0
POS_1431,Pothole / Road Damage,Traffic Congestion,Road,Traffic,large pothole on the road,severe congestion reported,Pallavaram,3.85,2.4,LOW,MEDIUM,14,0.769,CONTRIBUTES_TO,0.676,1
POS_0779,Illegal Dumping,Waterlogging,Waste,Flooding,open dumping observed,road is flooded,Sholinganallur,1.66,36.6,LOW,HIGH,8,0.918,CONTRIBUTES_TO,0.638,1
NEG_0250,Blocked Drain,Safety Risk,Drainage,Safety,blocked drainage outlet,area has become unsafe,Thiruvanmiyur,5.25,88.1,LOW,MEDIUM,2,0.149,NO_DEPENDENCY,0.153,0
POS_1321,Garbage Accumulation,Public Health Risk,Waste,Health,uncollected garbage is present,disease risk is increasing,Perambur,0.31,47.2,LOW,LOW,19,0.705,CAUSES,0.718,1
NEG_0900,Emergency Response Delay,Stagnant Water,Emergency,Public Health,emergency vehicles cannot move quickly,stagnant water remains,Velachery,3.16,69.0,MEDIUM,MEDIUM,14,0.104,NO_DEPENDENCY,0.246,0
NEG_1372,Safety Risk,Blocked Drain,Safety,Drainage,residents feel unsafe,drain is clogged,Royapettah,0.28,81.8,HIGH,HIGH,7,0.403,NO_DEPENDENCY,0.334,0
POS_1053,Waterlogging,Road Blockage,Flooding,Road,water has accumulated on the road,traffic lane is obstructed,Anna Nagar,0.05,29.2,MEDIUM,MEDIUM,4,0.514,CAUSES,0.723,1
NEG_0822,Sewer Overflow,Street Light Failure,Drainage,Lighting,dirty wastewater is spreading,roadside light has failed,Kodambakkam,4.14,85.3,CRITICAL,LOW,5,0.386,NO_DEPENDENCY,0.258,0
POS_1014,Stagnant Water,Public Health Risk,Public Health,Health,stagnant water remains,health risk reported,Mylapore,0.26,14.7,LOW,HIGH,16,0.972,CAUSES,0.818,1
NEG_0429,Air Pollution,Safety Risk,Environment,Safety,air quality is affected,area has become unsafe,Adyar,5.82,3.8,MEDIUM,CRITICAL,15,0.071,NO_DEPENDENCY,0.256,0
POS_1402,Garbage Accumulation,Public Health Risk,Waste,Health,waste has built up,disease risk is increasing,Perambur,0.92,43.2,CRITICAL,LOW,10,0.658,CAUSES,0.752,1
NEG_0323,Water Leakage,Blocked Drain,Water,Drainage,damaged water supply line,stormwater drain is blocked,Porur,7.98,91.6,MEDIUM,MEDIUM,6,0.3,NO_DEPENDENCY,0.174,0
NEG_0748,Poor Road Visibility,Air Pollution,Safety,Environment,low visibility reported,air quality is affected,Pallavaram,4.24,70.6,HIGH,HIGH,6,0.117,NO_DEPENDENCY,0.193,0
NEG_0994,Waterlogging,Air Pollution,Flooding,Environment,water has accumulated on the road,dust and pollution are increasing,Ambattur,5.63,39.1,HIGH,HIGH,8,0.266,NO_DEPENDENCY,0.253,0
NEG_1092,Road Blockage,Air Pollution,Road,Environment,vehicle movement is obstructed,air quality is affected,Royapettah,4.67,66.7,MEDIUM,HIGH,9,0.149,NO_DEPENDENCY,0.214,0
POS_0127,Illegal Dumping,Blocked Drain,Waste,Drainage,open dumping observed,blocked drainage outlet,T Nagar,1.27,36.4,LOW,HIGH,14,0.51,CONTRIBUTES_TO,0.634,1
NEG_0592,Garbage Accumulation,Traffic Congestion,Waste,Traffic,uncollected garbage is present,traffic is moving slowly,Tambaram,7.07,73.2,HIGH,LOW,13,0.273,NO_DEPENDENCY,0.23,0
NEG_0635,Pothole / Road Damage,Water Leakage,Road,Water,large pothole on the road,water pipe is leaking,Thiruvanmiyur,7.58,53.7,HIGH,HIGH,9,0.3,NO_DEPENDENCY,0.227,0
POS_0888,Water Leakage,Stagnant Water,Water,Public Health,pipeline leak near street,water is collecting,Guindy,0.81,46.9,HIGH,LOW,8,0.799,CAUSES,0.743,1
NEG_0957,Poor Road Visibility,Road Blockage,Safety,Road,dark road section,road passage is blocked,Thiruvanmiyur,5.53,12.8,MEDIUM,CRITICAL,14,0.309,NO_DEPENDENCY,0.319,0
POS_1348,Traffic Congestion,Emergency Response Delay,Traffic,Emergency,traffic flow is disrupted,emergency movement is delayed,Perambur,1.55,42.8,CRITICAL,MEDIUM,17,0.8,CAUSES,0.774,1
POS_1008,Garbage Accumulation,Public Health Risk,Waste,Health,garbage has accumulated,disease risk is increasing,Porur,3.11,34.5,HIGH,MEDIUM,19,0.563,CAUSES,0.687,1
POS_0356,Blocked Drain,Waterlogging,Drainage,Flooding,stormwater drain is blocked,road is flooded,Porur,3.06,30.3,HIGH,MEDIUM,12,0.582,CAUSES,0.733,1
POS_1004,Street Light Failure,Poor Road Visibility,Lighting,Safety,dark street due to light failure,low visibility reported,Perambur,2.22,42.4,HIGH,LOW,9,0.675,CAUSES,0.704,1
POS_1484,Pothole / Road Damage,Traffic Congestion,Road,Traffic,large pothole on the road,traffic is moving slowly,Guindy,1.69,38.6,CRITICAL,CRITICAL,15,0.76,CONTRIBUTES_TO,0.756,1
POS_0683,Road Blockage,Traffic Congestion,Road,Traffic,road is partially blocked,traffic is moving slowly,Sholinganallur,1.0,13.5,LOW,CRITICAL,19,0.666,CAUSES,0.756,1
POS_0828,Road Blockage,Traffic Congestion,Road,Traffic,road passage is blocked,traffic flow is disrupted,Porur,1.01,2.1,CRITICAL,LOW,7,0.808,CAUSES,0.845,1
NEG_1351,Public Health Risk,Illegal Dumping,Health,Waste,possible health hazard,open dumping observed,Nungambakkam,4.9,12.4,HIGH,CRITICAL,9,0.381,NO_DEPENDENCY,0.325,0
NEG_0705,Air Pollution,Blocked Drain,Environment,Drainage,polluted air reported,stormwater drain is blocked,Sholinganallur,7.42,43.6,LOW,MEDIUM,11,0.109,NO_DEPENDENCY,0.19,0
NEG_1192,Blocked Drain,Pothole / Road Damage,Drainage,Road,stormwater drain is blocked,multiple potholes reported,Pallavaram,5.78,23.0,LOW,CRITICAL,8,0.316,NO_DEPENDENCY,0.279,0
POS_0985,Illegal Dumping,Blocked Drain,Waste,Drainage,open dumping observed,blocked drainage outlet,Adyar,1.71,26.8,CRITICAL,HIGH,14,0.536,CONTRIBUTES_TO,0.716,1
POS_1234,Sewer Overflow,Stagnant Water,Drainage,Public Health,sewer line has overflowed,water is collecting,Pallavaram,2.55,15.2,CRITICAL,LOW,6,0.683,CAUSES,0.765,1
NEG_1054,Sewer Overflow,Traffic Congestion,Drainage,Traffic,sewer line has overflowed,vehicles are queued,Anna Nagar,6.82,91.5,MEDIUM,LOW,1,0.158,NO_DEPENDENCY,0.124,0
NEG_0140,Safety Risk,Garbage Accumulation,Safety,Waste,risk to pedestrians and vehicles,garbage has accumulated,Ambattur,5.0,91.1,LOW,MEDIUM,15,0.072,NO_DEPENDENCY,0.196,0
POS_0141,Pothole / Road Damage,Traffic Congestion,Road,Traffic,damaged road section,vehicles are queued,Guindy,4.36,33.7,LOW,HIGH,20,0.658,CONTRIBUTES_TO,0.613,1
POS_0218,Illegal Dumping,Blocked Drain,Waste,Drainage,open dumping observed,blocked drainage outlet,Velachery,2.53,6.9,HIGH,LOW,7,0.579,CONTRIBUTES_TO,0.689,1
NEG_0966,Traffic Congestion,Illegal Dumping,Traffic,Waste,severe congestion reported,waste is being dumped illegally,Perambur,2.62,16.0,HIGH,MEDIUM,5,0.062,NO_DEPENDENCY,0.241,0
POS_0363,Road Blockage,Traffic Congestion,Road,Traffic,road passage is blocked,traffic is moving slowly,Velachery,0.23,24.1,HIGH,MEDIUM,16,0.56,CAUSES,0.782,1
NEG_1165,Air Pollution,Stagnant Water,Environment,Public Health,dust and pollution are increasing,pool of water has remained,Guindy,1.23,60.0,LOW,LOW,4,0.171,NO_DEPENDENCY,0.253,0
POS_0346,Garbage Accumulation,Air Pollution,Waste,Environment,large pile of waste reported,air quality is affected,Kodambakkam,1.28,31.7,MEDIUM,MEDIUM,10,0.955,CONTRIBUTES_TO,0.72,1
NEG_0559,Air Pollution,Water Leakage,Environment,Water,dust and pollution are increasing,water pipe is leaking,Sholinganallur,0.61,86.2,CRITICAL,MEDIUM,8,0.318,NO_DEPENDENCY,0.304,0
POS_0023,Blocked Drain,Waterlogging,Drainage,Flooding,rainwater drain is not flowing,road is flooded,Pallavaram,2.95,26.2,MEDIUM,MEDIUM,3,0.458,CAUSES,0.669,1
POS_0712,Poor Road Visibility,Safety Risk,Safety,Safety,dark road section,safety risk reported,Adyar,3.9,4.7,CRITICAL,CRITICAL,6,0.902,CONTRIBUTES_TO,0.737,1
NEG_1450,Pothole / Road Damage,Garbage Accumulation,Road,Waste,multiple potholes reported,large pile of waste reported,Ambattur,2.46,32.4,MEDIUM,CRITICAL,14,0.327,NO_DEPENDENCY,0.354,0
POS_0011,Water Leakage,Stagnant Water,Water,Public Health,water pipe is leaking,water is collecting,Kodambakkam,2.25,36.4,MEDIUM,CRITICAL,5,0.906,CAUSES,0.711,1
NEG_0917,Poor Road Visibility,Sewer Overflow,Safety,Drainage,low visibility reported,dirty wastewater is spreading,Adyar,6.94,62.9,CRITICAL,CRITICAL,3,0.346,NO_DEPENDENCY,0.212,0
NEG_0335,Public Health Risk,Sewer Overflow,Health,Drainage,sanitation may affect public health,dirty wastewater is spreading,Mylapore,5.0,86.0,LOW,HIGH,5,0.279,NO_DEPENDENCY,0.212,0
POS_0794,Garbage Accumulation,Public Health Risk,Waste,Health,large pile of waste reported,sanitation may affect public health,T Nagar,0.09,17.5,HIGH,CRITICAL,5,0.744,CAUSES,0.788,1
NEG_1266,Road Blockage,Public Health Risk,Road,Health,traffic lane is obstructed,possible health hazard,Nungambakkam,5.47,94.8,LOW,MEDIUM,14,0.434,NO_DEPENDENCY,0.289,0
POS_0095,Garbage Accumulation,Public Health Risk,Waste,Health,large pile of waste reported,possible health hazard,Tambaram,3.59,14.4,MEDIUM,CRITICAL,5,0.649,CAUSES,0.661,1
POS_0130,Illegal Dumping,Blocked Drain,Waste,Drainage,open dumping observed,blocked drainage outlet,Adyar,0.13,44.3,CRITICAL,CRITICAL,19,0.907,CONTRIBUTES_TO,0.818,1
NEG_0401,Street Light Failure,Emergency Response Delay,Lighting,Emergency,dark street due to light failure,response time is increasing,Porur,7.17,11.8,HIGH,LOW,10,0.271,NO_DEPENDENCY,0.264,0
NEG_0910,Waterlogging,Safety Risk,Flooding,Safety,road is flooded,safety risk reported,Anna Nagar,5.23,70.2,CRITICAL,MEDIUM,10,0.445,NO_DEPENDENCY,0.297,0
NEG_0433,Pothole / Road Damage,Waterlogging,Road,Flooding,multiple potholes reported,road is flooded,Porur,4.95,33.2,CRITICAL,LOW,9,0.113,NO_DEPENDENCY,0.227,0
NEG_1170,Public Health Risk,Street Light Failure,Health,Lighting,sanitation may affect public health,roadside light has failed,Porur,7.41,42.8,MEDIUM,HIGH,15,0.359,NO_DEPENDENCY,0.286,0
NEG_0366,Emergency Response Delay,Sewer Overflow,Emergency,Drainage,emergency vehicles cannot move quickly,sewer water is overflowing,Perambur,4.97,55.3,HIGH,LOW,4,0.374,NO_DEPENDENCY,0.262,0
NEG_0159,Pothole / Road Damage,Water Leakage,Road,Water,large pothole on the road,continuous water leakage,Pallavaram,1.56,8.6,CRITICAL,CRITICAL,7,0.044,NO_DEPENDENCY,0.268,0
POS_0517,Illegal Dumping,Blocked Drain,Waste,Drainage,waste is being dumped illegally,rainwater drain is not flowing,Thiruvanmiyur,3.5,29.4,CRITICAL,LOW,11,0.887,CONTRIBUTES_TO,0.731,1
NEG_0358,Public Health Risk,Pothole / Road Damage,Health,Road,sanitation may affect public health,large pothole on the road,Tambaram,1.81,67.3,MEDIUM,HIGH,0,0.275,NO_DEPENDENCY,0.249,0
POS_1278,Street Light Failure,Poor Road Visibility,Lighting,Safety,roadside light has failed,drivers cannot see clearly,Nungambakkam,3.36,25.5,LOW,HIGH,19,0.863,CAUSES,0.712,1
POS_0951,Illegal Dumping,Waterlogging,Waste,Flooding,unauthorized dumping reported,water has accumulated on the road,Guindy,0.69,41.0,MEDIUM,MEDIUM,14,0.965,CONTRIBUTES_TO,0.706,1
POS_1121,Sewer Overflow,Stagnant Water,Drainage,Public Health,sewage overflow reported,standing water is not clearing,Velachery,0.92,22.8,CRITICAL,HIGH,6,0.707,CAUSES,0.8,1
POS_0420,Pothole / Road Damage,Poor Road Visibility,Road,Safety,damaged road section,low visibility reported,Tambaram,3.25,31.9,MEDIUM,CRITICAL,3,0.6,CONTRIBUTES_TO,0.534,1
POS_0923,Street Light Failure,Poor Road Visibility,Lighting,Safety,dark street due to light failure,drivers cannot see clearly,Guindy,2.03,5.2,HIGH,HIGH,20,0.949,CAUSES,0.843,1
NEG_1229,Safety Risk,Pothole / Road Damage,Safety,Road,area has become unsafe,road surface is badly damaged,Perambur,5.36,46.4,CRITICAL,HIGH,1,0.136,NO_DEPENDENCY,0.177,0
POS_0478,Street Light Failure,Poor Road Visibility,Lighting,Safety,roadside light has failed,drivers cannot see clearly,Nungambakkam,0.65,43.2,HIGH,CRITICAL,15,0.707,CAUSES,0.764,1
NEG_0536,Stagnant Water,Poor Road Visibility,Public Health,Safety,standing water is not clearing,dark road section,Tambaram,3.04,2.9,CRITICAL,HIGH,6,0.072,NO_DEPENDENCY,0.254,0
NEG_0678,Poor Road Visibility,Road Blockage,Safety,Road,drivers cannot see clearly,road passage is blocked,Guindy,7.01,18.9,LOW,HIGH,12,0.16,NO_DEPENDENCY,0.237,0
NEG_0193,Water Leakage,Blocked Drain,Water,Drainage,continuous water leakage,drain is clogged,Porur,3.98,55.7,HIGH,CRITICAL,5,0.127,NO_DEPENDENCY,0.207,0
NEG_0713,Road Blockage,Stagnant Water,Road,Public Health,road passage is blocked,stagnant water remains,Velachery,6.96,11.8,MEDIUM,HIGH,10,0.285,NO_DEPENDENCY,0.271,0
POS_1472,Garbage Accumulation,Air Pollution,Waste,Environment,large pile of waste reported,dust and pollution are increasing,T Nagar,0.81,13.4,LOW,CRITICAL,17,0.881,CONTRIBUTES_TO,0.735,1
POS_1203,Sewer Overflow,Stagnant Water,Drainage,Public Health,sewer line has overflowed,stagnant water remains,Perambur,1.79,19.6,LOW,CRITICAL,19,0.8,CAUSES,0.759,1
NEG_0170,Garbage Accumulation,Blocked Drain,Waste,Drainage,waste has built up,blocked drainage outlet,Adyar,2.49,20.1,LOW,MEDIUM,6,0.184,NO_DEPENDENCY,0.281,0
NEG_1275,Garbage Accumulation,Stagnant Water,Waste,Public Health,uncollected garbage is present,standing water is not clearing,Adyar,2.32,15.4,MEDIUM,CRITICAL,8,0.372,NO_DEPENDENCY,0.354,0
NEG_0471,Emergency Response Delay,Safety Risk,Emergency,Safety,emergency movement is delayed,safety risk reported,Sholinganallur,6.89,84.0,HIGH,CRITICAL,8,0.133,NO_DEPENDENCY,0.157,0
POS_0821,Traffic Congestion,Emergency Response Delay,Traffic,Emergency,traffic flow is disrupted,emergency movement is delayed,Mylapore,0.85,29.8,MEDIUM,LOW,13,0.679,CAUSES,0.726,1
NEG_0498,Traffic Congestion,Water Leakage,Traffic,Water,vehicles are queued,water pipe is leaking,T Nagar,0.45,29.4,LOW,CRITICAL,4,0.384,NO_DEPENDENCY,0.354,0
NEG_1369,Traffic Congestion,Garbage Accumulation,Traffic,Waste,vehicles are queued,waste has built up,Thiruvanmiyur,3.92,54.4,HIGH,CRITICAL,2,0.387,NO_DEPENDENCY,0.272,0
POS_1249,Poor Road Visibility,Safety Risk,Safety,Safety,visibility on road is poor,safety risk reported,Velachery,2.45,13.9,LOW,LOW,3,0.627,CONTRIBUTES_TO,0.623,1
NEG_1373,Blocked Drain,Stagnant Water,Drainage,Public Health,drain is clogged,stagnant water remains,Adyar,4.53,32.4,LOW,MEDIUM,4,0.045,NO_DEPENDENCY,0.189,0
NEG_1150,Street Light Failure,Pothole / Road Damage,Lighting,Road,street light is not working,large pothole on the road,Kodambakkam,6.27,58.3,MEDIUM,CRITICAL,10,0.059,NO_DEPENDENCY,0.175,0
POS_1047,Water Leakage,Stagnant Water,Water,Public Health,damaged water supply line,water is collecting,Royapettah,2.02,15.4,CRITICAL,HIGH,12,0.945,CAUSES,0.821,1
NEG_0389,Pothole / Road Damage,Blocked Drain,Road,Drainage,multiple potholes reported,blocked drainage outlet,Kodambakkam,3.01,29.2,MEDIUM,CRITICAL,12,0.082,NO_DEPENDENCY,0.265,0
POS_0616,Road Blockage,Traffic Congestion,Road,Traffic,road is partially blocked,vehicles are queued,Ambattur,4.42,11.8,MEDIUM,MEDIUM,16,0.51,CAUSES,0.659,1
POS_1319,Stagnant Water,Public Health Risk,Public Health,Health,water is collecting,disease risk is increasing,Thiruvanmiyur,2.36,43.3,MEDIUM,HIGH,20,0.714,CAUSES,0.71,1
NEG_1385,Sewer Overflow,Air Pollution,Drainage,Environment,sewer line has overflowed,polluted air reported,Ambattur,6.68,17.5,LOW,LOW,10,0.226,NO_DEPENDENCY,0.253,0
NEG_0961,Road Blockage,Pothole / Road Damage,Road,Road,road passage is blocked,road surface is badly damaged,Kodambakkam,6.93,7.3,LOW,MEDIUM,1,0.138,NO_DEPENDENCY,0.186,0
NEG_0273,Illegal Dumping,Safety Risk,Waste,Safety,unauthorized dumping reported,risk to pedestrians and vehicles,Porur,2.54,52.9,MEDIUM,HIGH,9,0.104,NO_DEPENDENCY,0.244,0
NEG_1452,Road Blockage,Sewer Overflow,Road,Drainage,road is partially blocked,sewer water is overflowing,Anna Nagar,3.1,24.4,CRITICAL,HIGH,11,0.061,NO_DEPENDENCY,0.256,0
POS_0132,Traffic Congestion,Emergency Response Delay,Traffic,Emergency,vehicles are queued,emergency vehicles cannot move quickly,Velachery,1.99,19.5,HIGH,MEDIUM,10,0.492,CAUSES,0.692,1
POS_0078,Sewer Overflow,Stagnant Water,Drainage,Public Health,sewer line has overflowed,water is collecting,Adyar,0.71,13.1,MEDIUM,HIGH,2,0.525,CAUSES,0.722,1
NEG_0553,Safety Risk,Road Blockage,Safety,Road,risk to pedestrians and vehicles,road passage is blocked,Nungambakkam,0.49,8.1,MEDIUM,LOW,14,0.064,NO_DEPENDENCY,0.325,0
POS_0725,Traffic Congestion,Emergency Response Delay,Traffic,Emergency,traffic flow is disrupted,emergency access is difficult,Pallavaram,1.36,39.9,LOW,LOW,11,0.658,CAUSES,0.665,1
POS_1315,Water Leakage,Stagnant Water,Water,Public Health,pipeline leak near street,water is collecting,Porur,0.31,18.2,LOW,LOW,17,0.539,CAUSES,0.716,1
NEG_0352,Garbage Accumulation,Waterlogging,Waste,Flooding,uncollected garbage is present,heavy waterlogging reported,Mylapore,4.9,61.2,MEDIUM,LOW,9,0.184,NO_DEPENDENCY,0.226,0
NEG_0797,Poor Road Visibility,Illegal Dumping,Safety,Waste,low visibility reported,unauthorized dumping reported,Porur,2.76,72.4,CRITICAL,LOW,0,0.126,NO_DEPENDENCY,0.186,0
NEG_0987,Safety Risk,Pothole / Road Damage,Safety,Road,residents feel unsafe,damaged road section,Perambur,6.7,44.2,LOW,CRITICAL,13,0.097,NO_DEPENDENCY,0.207,0
POS_1373,Stagnant Water,Public Health Risk,Public Health,Health,pool of water has remained,disease risk is increasing,Nungambakkam,3.48,43.9,LOW,HIGH,20,0.82,CAUSES,0.677,1
NEG_0356,Waterlogging,Emergency Response Delay,Flooding,Emergency,road is flooded,emergency vehicles cannot move quickly,T Nagar,6.89,5.1,HIGH,MEDIUM,11,0.195,NO_DEPENDENCY,0.256,0
POS_1320,Waterlogging,Road Blockage,Flooding,Road,heavy waterlogging reported,traffic lane is obstructed,T Nagar,3.03,3.6,MEDIUM,CRITICAL,5,0.58,CAUSES,0.7,1
NEG_1375,Waterlogging,Pothole / Road Damage,Flooding,Road,standing rainwater on the street,road surface is badly damaged,Perambur,7.15,53.5,LOW,LOW,1,0.449,NO_DEPENDENCY,0.238,0
NEG_0672,Waterlogging,Street Light Failure,Flooding,Lighting,water has accumulated on the road,street light is not working,Velachery,6.2,42.6,LOW,MEDIUM,15,0.038,NO_DEPENDENCY,0.208,0
POS_0376,Garbage Accumulation,Public Health Risk,Waste,Health,uncollected garbage is present,disease risk is increasing,Adyar,1.67,3.1,HIGH,CRITICAL,15,0.568,CAUSES,0.758,1
NEG_0409,Illegal Dumping,Traffic Congestion,Waste,Traffic,open dumping observed,severe congestion reported,T Nagar,7.11,86.5,HIGH,MEDIUM,0,0.256,NO_DEPENDENCY,0.148,0
POS_0334,Pothole / Road Damage,Traffic Congestion,Road,Traffic,damaged road section,severe congestion reported,Kodambakkam,1.75,23.6,MEDIUM,HIGH,2,0.773,CONTRIBUTES_TO,0.695,1
NEG_0752,Stagnant Water,Poor Road Visibility,Public Health,Safety,stagnant water remains,visibility on road is poor,Thiruvanmiyur,0.58,39.7,HIGH,CRITICAL,3,0.446,NO_DEPENDENCY,0.357,0
NEG_1237,Air Pollution,Pothole / Road Damage,Environment,Road,air quality is affected,large pothole on the road,Velachery,4.68,31.1,LOW,CRITICAL,6,0.105,NO_DEPENDENCY,0.215,0
NEG_0105,Waterlogging,Air Pollution,Flooding,Environment,standing rainwater on the street,air quality is affected,Thiruvanmiyur,3.13,7.3,HIGH,LOW,2,0.299,NO_DEPENDENCY,0.297,0
POS_1119,Pothole / Road Damage,Traffic Congestion,Road,Traffic,damaged road section,traffic is moving slowly,Sholinganallur,2.07,35.4,HIGH,LOW,3,0.806,CONTRIBUTES_TO,0.705,1
NEG_1329,Air Pollution,Blocked Drain,Environment,Drainage,dust and pollution are increasing,stormwater drain is blocked,Pallavaram,5.6,75.3,LOW,HIGH,15,0.315,NO_DEPENDENCY,0.273,0
NEG_0444,Garbage Accumulation,Traffic Congestion,Waste,Traffic,waste has built up,severe congestion reported,Velachery,6.64,51.0,CRITICAL,LOW,5,0.278,NO_DEPENDENCY,0.216,0
NEG_0762,Illegal Dumping,Stagnant Water,Waste,Public Health,open dumping observed,pool of water has remained,Anna Nagar,3.94,67.7,MEDIUM,CRITICAL,8,0.045,NO_DEPENDENCY,0.188,0
NEG_1050,Traffic Congestion,Water Leakage,Traffic,Water,severe congestion reported,water pipe is leaking,Ambattur,1.92,52.1,LOW,LOW,2,0.43,NO_DEPENDENCY,0.317,0
POS_1343,Pothole / Road Damage,Traffic Congestion,Road,Traffic,large pothole on the road,traffic flow is disrupted,Porur,2.89,8.8,MEDIUM,HIGH,9,0.963,CONTRIBUTES_TO,0.743,1
POS_0321,Pothole / Road Damage,Poor Road Visibility,Road,Safety,damaged road section,visibility on road is poor,T Nagar,1.74,26.4,MEDIUM,MEDIUM,16,0.504,CONTRIBUTES_TO,0.593,1
NEG_0120,Emergency Response Delay,Waterlogging,Emergency,Flooding,emergency movement is delayed,road is flooded,Nungambakkam,5.34,18.1,HIGH,MEDIUM,11,0.116,NO_DEPENDENCY,0.245,0
NEG_0948,Emergency Response Delay,Poor Road Visibility,Emergency,Safety,response time is increasing,visibility on road is poor,Tambaram,0.88,31.8,MEDIUM,CRITICAL,13,0.225,NO_DEPENDENCY,0.343,0
NEG_0561,Safety Risk,Garbage Accumulation,Safety,Waste,area has become unsafe,waste has built up,Thiruvanmiyur,7.62,75.0,CRITICAL,CRITICAL,10,0.155,NO_DEPENDENCY,0.17,0
NEG_0174,Emergency Response Delay,Air Pollution,Emergency,Environment,emergency vehicles cannot move quickly,dust and pollution are increasing,Anna Nagar,1.69,89.9,CRITICAL,HIGH,11,0.256,NO_DEPENDENCY,0.282,0
NEG_0443,Waterlogging,Pothole / Road Damage,Flooding,Road,road is flooded,large pothole on the road,Velachery,2.0,50.0,LOW,MEDIUM,6,0.033,NO_DEPENDENCY,0.218,0
POS_0261,Garbage Accumulation,Public Health Risk,Waste,Health,large pile of waste reported,disease risk is increasing,Pallavaram,3.8,29.9,CRITICAL,MEDIUM,1,0.909,CAUSES,0.726,1
NEG_0855,Blocked Drain,Street Light Failure,Drainage,Lighting,stormwater drain is blocked,dark street due to light failure,Pallavaram,5.97,59.8,MEDIUM,LOW,11,0.426,NO_DEPENDENCY,0.293,0
NEG_0540,Blocked Drain,Road Blockage,Drainage,Road,stormwater drain is blocked,road passage is blocked,Tambaram,6.43,53.4,HIGH,CRITICAL,11,0.31,NO_DEPENDENCY,0.257,0
POS_0690,Sewer Overflow,Stagnant Water,Drainage,Public Health,sewer water is overflowing,stagnant water remains,Tambaram,2.02,31.0,HIGH,HIGH,7,0.452,CAUSES,0.687,1
POS_0902,Water Leakage,Stagnant Water,Water,Public Health,continuous water leakage,stagnant water remains,Royapettah,3.1,32.6,CRITICAL,LOW,4,0.732,CAUSES,0.708,1
NEG_0527,Road Blockage,Pothole / Road Damage,Road,Road,road is partially blocked,road surface is badly damaged,Anna Nagar,6.37,42.7,MEDIUM,HIGH,11,0.129,NO_DEPENDENCY,0.213,0
POS_0139,Water Leakage,Stagnant Water,Water,Public Health,pipeline leak near street,stagnant water remains,Sholinganallur,2.38,8.0,CRITICAL,CRITICAL,10,0.648,CAUSES,0.758,1
NEG_0418,Safety Risk,Traffic Congestion,Safety,Traffic,safety risk reported,vehicles are queued,Royapettah,2.6,49.7,HIGH,HIGH,5,0.263,NO_DEPENDENCY,0.273,0
NEG_0329,Illegal Dumping,Safety Risk,Waste,Safety,waste is being dumped illegally,area has become unsafe,Nungambakkam,0.68,79.8,MEDIUM,CRITICAL,11,0.418,NO_DEPENDENCY,0.354,0
NEG_0074,Waterlogging,Poor Road Visibility,Flooding,Safety,standing rainwater on the street,visibility on road is poor,Tambaram,3.24,90.9,HIGH,HIGH,5,0.292,NO_DEPENDENCY,0.238,0
POS_0320,Garbage Accumulation,Public Health Risk,Waste,Health,large pile of waste reported,disease risk is increasing,Pallavaram,1.19,5.6,CRITICAL,CRITICAL,13,0.451,CAUSES,0.763,1
POS_0654,Poor Road Visibility,Safety Risk,Safety,Safety,visibility on road is poor,risk to pedestrians and vehicles,Porur,1.66,14.2,HIGH,CRITICAL,3,0.833,CONTRIBUTES_TO,0.734,1
NEG_0638,Emergency Response Delay,Blocked Drain,Emergency,Drainage,emergency movement is delayed,drain is clogged,Royapettah,4.55,51.9,LOW,CRITICAL,7,0.381,NO_DEPENDENCY,0.288,0
NEG_0823,Street Light Failure,Road Blockage,Lighting,Road,dark street due to light failure,road passage is blocked,T Nagar,6.13,36.0,CRITICAL,LOW,8,0.178,NO_DEPENDENCY,0.221,0
POS_0559,Stagnant Water,Public Health Risk,Public Health,Health,pool of water has remained,health risk reported,Anna Nagar,0.09,47.4,HIGH,LOW,5,0.664,CAUSES,0.738,1
POS_0113,Pothole / Road Damage,Traffic Congestion,Road,Traffic,large pothole on the road,severe congestion reported,Anna Nagar,3.87,7.4,MEDIUM,LOW,9,0.519,CONTRIBUTES_TO,0.631,1
POS_0532,Stagnant Water,Public Health Risk,Public Health,Health,pool of water has remained,possible health hazard,Anna Nagar,2.55,25.2,MEDIUM,MEDIUM,16,0.785,CAUSES,0.734,1
POS_0225,Road Blockage,Traffic Congestion,Road,Traffic,road passage is blocked,traffic is moving slowly,Velachery,3.31,17.2,CRITICAL,MEDIUM,18,0.524,CAUSES,0.737,1
POS_0724,Illegal Dumping,Waterlogging,Waste,Flooding,waste is being dumped illegally,road is flooded,Mylapore,1.93,6.0,CRITICAL,CRITICAL,15,0.928,CONTRIBUTES_TO,0.769,1
NEG_0929,Poor Road Visibility,Water Leakage,Safety,Water,visibility on road is poor,damaged water supply line,Perambur,1.84,13.2,MEDIUM,LOW,12,0.261,NO_DEPENDENCY,0.35,0
NEG_1071,Traffic Congestion,Street Light Failure,Traffic,Lighting,vehicles are queued,streetlights are off,Velachery,5.82,26.1,MEDIUM,MEDIUM,10,0.448,NO_DEPENDENCY,0.325,0
POS_1434,Street Light Failure,Poor Road Visibility,Lighting,Safety,street light is not working,dark road section,Adyar,4.41,29.2,HIGH,CRITICAL,16,0.463,CAUSES,0.643,1
NEG_0830,Emergency Response Delay,Road Blockage,Emergency,Road,emergency movement is delayed,road is partially blocked,Pallavaram,6.18,51.9,CRITICAL,HIGH,0,0.076,NO_DEPENDENCY,0.137,0
POS_1459,Poor Road Visibility,Safety Risk,Safety,Safety,drivers cannot see clearly,safety risk reported,Mylapore,2.21,5.0,MEDIUM,CRITICAL,8,0.898,CONTRIBUTES_TO,0.733,1
NEG_1202,Garbage Accumulation,Pothole / Road Damage,Waste,Road,waste has built up,damaged road section,Nungambakkam,3.48,3.7,MEDIUM,LOW,0,0.242,NO_DEPENDENCY,0.267,0
POS_0847,Pothole / Road Damage,Poor Road Visibility,Road,Safety,damaged road section,low visibility reported,Nungambakkam,0.89,1.1,CRITICAL,CRITICAL,12,0.715,CONTRIBUTES_TO,0.731,1
POS_0194,Traffic Congestion,Emergency Response Delay,Traffic,Emergency,severe congestion reported,emergency vehicles cannot move quickly,T Nagar,3.73,13.4,MEDIUM,LOW,9,0.748,CAUSES,0.68,1
POS_1465,Street Light Failure,Poor Road Visibility,Lighting,Safety,dark street due to light failure,low visibility reported,Royapettah,3.61,19.0,LOW,CRITICAL,13,0.633,CAUSES,0.653,1
POS_0947,Garbage Accumulation,Public Health Risk,Waste,Health,waste has built up,disease risk is increasing,Sholinganallur,4.48,9.1,CRITICAL,CRITICAL,11,0.654,CAUSES,0.712,1
NEG_0522,Sewer Overflow,Illegal Dumping,Drainage,Waste,sewer water is overflowing,unauthorized dumping reported,Thiruvanmiyur,7.7,9.8,MEDIUM,HIGH,5,0.45,NO_DEPENDENCY,0.286,0
NEG_0130,Stagnant Water,Poor Road Visibility,Public Health,Safety,standing water is not clearing,drivers cannot see clearly,Nungambakkam,3.12,25.6,CRITICAL,CRITICAL,12,0.422,NO_DEPENDENCY,0.368,0
POS_0118,Waterlogging,Road Blockage,Flooding,Road,road is flooded,vehicle movement is obstructed,Royapettah,3.58,5.9,MEDIUM,CRITICAL,18,0.797,CAUSES,0.759,1
POS_0646,Blocked Drain,Waterlogging,Drainage,Flooding,drain is clogged,heavy waterlogging reported,Guindy,3.36,6.1,MEDIUM,HIGH,5,0.518,CAUSES,0.704,1
NEG_0371,Illegal Dumping,Garbage Accumulation,Waste,Waste,waste is being dumped illegally,garbage has accumulated,Sholinganallur,1.82,12.1,CRITICAL,CRITICAL,14,0.15,NO_DEPENDENCY,0.328,0
POS_0004,Waterlogging,Road Blockage,Flooding,Road,road is flooded,road passage is blocked,Porur,1.65,16.8,CRITICAL,LOW,2,0.59,CAUSES,0.76,1
POS_0075,Stagnant Water,Public Health Risk,Public Health,Health,stagnant water remains,possible health hazard,Mylapore,2.81,29.5,MEDIUM,HIGH,7,0.842,CAUSES,0.711,1
NEG_0256,Sewer Overflow,Safety Risk,Drainage,Safety,dirty wastewater is spreading,risk to pedestrians and vehicles,Thiruvanmiyur,1.29,8.8,HIGH,LOW,10,0.218,NO_DEPENDENCY,0.339,0
POS_0468,Road Blockage,Traffic Congestion,Road,Traffic,vehicle movement is obstructed,traffic flow is disrupted,Anna Nagar,0.27,25.9,HIGH,HIGH,4,0.549,CAUSES,0.746,1
POS_0006,Garbage Accumulation,Air Pollution,Waste,Environment,uncollected garbage is present,dust and pollution are increasing,Ambattur,1.09,5.3,MEDIUM,HIGH,12,0.597,CONTRIBUTES_TO,0.695,1
POS_1247,Garbage Accumulation,Public Health Risk,Waste,Health,garbage has accumulated,disease risk is increasing,Royapettah,1.53,32.7,LOW,MEDIUM,9,0.823,CAUSES,0.706,1
POS_0920,Illegal Dumping,Waterlogging,Waste,Flooding,garbage dumped beside road,standing rainwater on the street,Adyar,1.3,29.3,CRITICAL,HIGH,9,0.678,CONTRIBUTES_TO,0.687,1
POS_0229,Traffic Congestion,Emergency Response Delay,Traffic,Emergency,vehicles are queued,emergency access is difficult,Thiruvanmiyur,0.9,25.5,CRITICAL,LOW,9,0.882,CAUSES,0.811,1
POS_1064,Street Light Failure,Poor Road Visibility,Lighting,Safety,street light is not working,visibility on road is poor,Velachery,4.02,36.4,LOW,HIGH,3,0.673,CAUSES,0.602,1
POS_0243,Blocked Drain,Waterlogging,Drainage,Flooding,rainwater drain is not flowing,heavy waterlogging reported,Porur,4.27,16.3,CRITICAL,HIGH,11,0.779,CAUSES,0.784,1
NEG_0780,Poor Road Visibility,Emergency Response Delay,Safety,Emergency,low visibility reported,emergency vehicles cannot move quickly,Mylapore,1.21,73.5,LOW,MEDIUM,13,0.381,NO_DEPENDENCY,0.35,0
POS_1161,Garbage Accumulation,Public Health Risk,Waste,Health,waste has built up,health risk reported,T Nagar,0.18,43.0,MEDIUM,LOW,6,0.531,CAUSES,0.685,1
NEG_1014,Water Leakage,Sewer Overflow,Water,Drainage,pipeline leak near street,dirty wastewater is spreading,Anna Nagar,5.89,62.6,CRITICAL,CRITICAL,13,0.307,NO_DEPENDENCY,0.267,0
NEG_0027,Illegal Dumping,Emergency Response Delay,Waste,Emergency,waste is being dumped illegally,emergency access is difficult,T Nagar,6.76,53.7,HIGH,HIGH,2,0.253,NO_DEPENDENCY,0.19,0
NEG_0106,Garbage Accumulation,Poor Road Visibility,Waste,Safety,large pile of waste reported,dark road section,Ambattur,4.74,43.7,LOW,HIGH,4,0.197,NO_DEPENDENCY,0.222,0
NEG_1285,Public Health Risk,Blocked Drain,Health,Drainage,disease risk is increasing,stormwater drain is blocked,Porur,2.19,92.6,CRITICAL,LOW,0,0.365,NO_DEPENDENCY,0.249,0
NEG_1167,Sewer Overflow,Safety Risk,Drainage,Safety,sewer line has overflowed,safety risk reported,Anna Nagar,2.72,13.7,CRITICAL,LOW,6,0.205,NO_DEPENDENCY,0.289,0
NEG_1166,Public Health Risk,Traffic Congestion,Health,Traffic,disease risk is increasing,vehicles are queued,Tambaram,5.7,93.1,HIGH,MEDIUM,0,0.213,NO_DEPENDENCY,0.151,0
NEG_0490,Traffic Congestion,Water Leakage,Traffic,Water,vehicles are queued,pipeline leak near street,Mylapore,1.5,77.9,LOW,CRITICAL,15,0.435,NO_DEPENDENCY,0.368,0
NEG_1110,Illegal Dumping,Traffic Congestion,Waste,Traffic,unauthorized dumping reported,traffic flow is disrupted,Kodambakkam,0.57,46.0,CRITICAL,HIGH,5,0.389,NO_DEPENDENCY,0.345,0
NEG_0476,Air Pollution,Traffic Congestion,Environment,Traffic,polluted air reported,vehicles are queued,Pallavaram,4.48,43.7,MEDIUM,MEDIUM,7,0.341,NO_DEPENDENCY,0.284,0
NEG_0262,Safety Risk,Road Blockage,Safety,Road,residents feel unsafe,road is partially blocked,Anna Nagar,1.85,14.8,MEDIUM,MEDIUM,15,0.384,NO_DEPENDENCY,0.4,0
POS_1306,Illegal Dumping,Waterlogging,Waste,Flooding,waste is being dumped illegally,heavy waterlogging reported,Anna Nagar,1.25,40.2,CRITICAL,CRITICAL,15,0.694,CONTRIBUTES_TO,0.691,1
NEG_0042,Illegal Dumping,Poor Road Visibility,Waste,Safety,unauthorized dumping reported,dark road section,Ambattur,5.33,77.1,LOW,LOW,0,0.341,NO_DEPENDENCY,0.208,0
POS_0623,Traffic Congestion,Emergency Response Delay,Traffic,Emergency,vehicles are queued,emergency access is difficult,Tambaram,2.2,46.6,MEDIUM,HIGH,2,0.858,CAUSES,0.677,1
NEG_0814,Water Leakage,Safety Risk,Water,Safety,water pipe is leaking,residents feel unsafe,Velachery,6.81,3.5,LOW,MEDIUM,14,0.078,NO_DEPENDENCY,0.238,0
POS_1494,Illegal Dumping,Blocked Drain,Waste,Drainage,open dumping observed,rainwater drain is not flowing,Kodambakkam,2.16,2.0,HIGH,MEDIUM,4,0.947,CONTRIBUTES_TO,0.772,1
POS_0111,Garbage Accumulation,Air Pollution,Waste,Environment,uncollected garbage is present,dust and pollution are increasing,Guindy,3.72,4.9,LOW,LOW,20,0.562,CONTRIBUTES_TO,0.618,1
NEG_0988,Air Pollution,Safety Risk,Environment,Safety,dust and pollution are increasing,area has become unsafe,Adyar,4.57,8.7,LOW,CRITICAL,6,0.267,NO_DEPENDENCY,0.284,0
POS_1170,Street Light Failure,Poor Road Visibility,Lighting,Safety,roadside light has failed,visibility on road is poor,Kodambakkam,2.01,4.9,HIGH,CRITICAL,12,0.638,CAUSES,0.762,1
NEG_0962,Public Health Risk,Illegal Dumping,Health,Waste,possible health hazard,garbage dumped beside road,Kodambakkam,4.06,59.6,HIGH,LOW,9,0.401,NO_DEPENDENCY,0.305,0
POS_0233,Road Blockage,Traffic Congestion,Road,Traffic,road passage is blocked,vehicles are queued,Tambaram,4.18,15.4,MEDIUM,CRITICAL,19,0.96,CAUSES,0.758,1
POS_0067,Poor Road Visibility,Safety Risk,Safety,Safety,low visibility reported,residents feel unsafe,Royapettah,0.13,14.5,HIGH,HIGH,8,0.664,CONTRIBUTES_TO,0.75,1
NEG_1208,Air Pollution,Waterlogging,Environment,Flooding,dust and pollution are increasing,water has accumulated on the road,Adyar,4.82,17.1,HIGH,CRITICAL,11,0.199,NO_DEPENDENCY,0.278,0
NEG_0573,Public Health Risk,Pothole / Road Damage,Health,Road,disease risk is increasing,damaged road section,Thiruvanmiyur,5.29,30.1,LOW,MEDIUM,13,0.352,NO_DEPENDENCY,0.316,0
NEG_0693,Safety Risk,Water Leakage,Safety,Water,residents feel unsafe,damaged water supply line,Perambur,0.62,69.9,CRITICAL,CRITICAL,2,0.073,NO_DEPENDENCY,0.214,0
POS_0537,Poor Road Visibility,Safety Risk,Safety,Safety,visibility on road is poor,safety risk reported,Sholinganallur,3.67,44.6,HIGH,HIGH,17,0.48,CONTRIBUTES_TO,0.606,1
POS_0126,Pothole / Road Damage,Poor Road Visibility,Road,Safety,damaged road section,low visibility reported,Thiruvanmiyur,0.28,8.0,HIGH,CRITICAL,3,0.777,CONTRIBUTES_TO,0.702,1
NEG_0634,Safety Risk,Air Pollution,Safety,Environment,safety risk reported,polluted air reported,Guindy,0.57,4.9,LOW,CRITICAL,1,0.291,NO_DEPENDENCY,0.33,0
POS_1255,Pothole / Road Damage,Poor Road Visibility,Road,Safety,road surface is badly damaged,dark road section,Anna Nagar,1.07,10.4,HIGH,MEDIUM,14,0.611,CONTRIBUTES_TO,0.673,1
NEG_0985,Pothole / Road Damage,Safety Risk,Road,Safety,damaged road section,residents feel unsafe,Adyar,6.97,12.0,CRITICAL,HIGH,8,0.073,NO_DEPENDENCY,0.197,0
NEG_0477,Safety Risk,Blocked Drain,Safety,Drainage,safety risk reported,rainwater drain is not flowing,Anna Nagar,6.67,10.9,LOW,HIGH,0,0.329,NO_DEPENDENCY,0.24,0
NEG_0963,Safety Risk,Street Light Failure,Safety,Lighting,residents feel unsafe,dark street due to light failure,Thiruvanmiyur,3.29,24.3,LOW,MEDIUM,8,0.355,NO_DEPENDENCY,0.327,0
NEG_0989,Garbage Accumulation,Stagnant Water,Waste,Public Health,large pile of waste reported,stagnant water remains,Kodambakkam,6.62,49.0,HIGH,MEDIUM,15,0.203,NO_DEPENDENCY,0.246,0
NEG_0576,Blocked Drain,Road Blockage,Drainage,Road,drain is clogged,vehicle movement is obstructed,Velachery,0.55,3.0,MEDIUM,LOW,3,0.327,NO_DEPENDENCY,0.352,0
POS_0485,Garbage Accumulation,Air Pollution,Waste,Environment,uncollected garbage is present,air quality is affected,Perambur,1.69,34.2,LOW,LOW,9,0.887,CONTRIBUTES_TO,0.665,1
NEG_0155,Blocked Drain,Pothole / Road Damage,Drainage,Road,stormwater drain is blocked,damaged road section,Sholinganallur,1.62,16.6,CRITICAL,MEDIUM,6,0.431,NO_DEPENDENCY,0.371,0
NEG_1177,Illegal Dumping,Public Health Risk,Waste,Health,garbage dumped beside road,possible health hazard,Mylapore,7.69,32.9,LOW,LOW,0,0.266,NO_DEPENDENCY,0.187,0
NEG_1051,Street Light Failure,Traffic Congestion,Lighting,Traffic,street light is not working,vehicles are queued,Thiruvanmiyur,2.22,68.1,HIGH,MEDIUM,5,0.442,NO_DEPENDENCY,0.318,0
NEG_0906,Garbage Accumulation,Waterlogging,Waste,Flooding,large pile of waste reported,heavy waterlogging reported,Porur,7.55,91.3,CRITICAL,HIGH,13,0.318,NO_DEPENDENCY,0.221,0
NEG_0275,Safety Risk,Water Leakage,Safety,Water,area has become unsafe,water pipe is leaking,Sholinganallur,2.82,9.5,MEDIUM,MEDIUM,5,0.433,NO_DEPENDENCY,0.355,0
POS_0919,Street Light Failure,Poor Road Visibility,Lighting,Safety,streetlights are off,drivers cannot see clearly,Porur,1.91,15.7,LOW,LOW,2,0.475,CAUSES,0.641,1
NEG_0147,Water Leakage,Poor Road Visibility,Water,Safety,continuous water leakage,low visibility reported,Thiruvanmiyur,4.25,60.0,MEDIUM,CRITICAL,15,0.186,NO_DEPENDENCY,0.267,0
POS_1027,Water Leakage,Stagnant Water,Water,Public Health,continuous water leakage,stagnant water remains,T Nagar,2.75,25.1,MEDIUM,LOW,2,0.508,CAUSES,0.627,1
POS_1031,Sewer Overflow,Stagnant Water,Drainage,Public Health,dirty wastewater is spreading,pool of water has remained,Anna Nagar,0.36,9.4,LOW,CRITICAL,5,0.927,CAUSES,0.799,1
POS_0883,Garbage Accumulation,Public Health Risk,Waste,Health,waste has built up,sanitation may affect public health,Adyar,0.1,6.0,MEDIUM,LOW,17,0.515,CAUSES,0.763,1
POS_1336,Road Blockage,Traffic Congestion,Road,Traffic,road passage is blocked,traffic flow is disrupted,Kodambakkam,1.57,45.6,CRITICAL,MEDIUM,12,0.939,CAUSES,0.809,1
NEG_0723,Poor Road Visibility,Garbage Accumulation,Safety,Waste,visibility on road is poor,waste has built up,Porur,2.95,32.6,HIGH,HIGH,8,0.086,NO_DEPENDENCY,0.244,0
POS_0365,Pothole / Road Damage,Traffic Congestion,Road,Traffic,multiple potholes reported,traffic flow is disrupted,Adyar,1.23,2.9,HIGH,HIGH,2,0.881,CONTRIBUTES_TO,0.783,1
NEG_0626,Air Pollution,Traffic Congestion,Environment,Traffic,air quality is affected,severe congestion reported,Royapettah,7.56,56.5,MEDIUM,CRITICAL,2,0.096,NO_DEPENDENCY,0.128,0
POS_0028,Pothole / Road Damage,Poor Road Visibility,Road,Safety,multiple potholes reported,low visibility reported,Sholinganallur,1.21,32.3,CRITICAL,MEDIUM,9,0.617,CONTRIBUTES_TO,0.653,1
POS_0474,Pothole / Road Damage,Poor Road Visibility,Road,Safety,large pothole on the road,drivers cannot see clearly,Ambattur,0.28,32.2,CRITICAL,HIGH,8,0.966,CONTRIBUTES_TO,0.743,1
POS_0526,Illegal Dumping,Blocked Drain,Waste,Drainage,waste is being dumped illegally,drain is clogged,Guindy,2.02,29.1,HIGH,MEDIUM,18,0.453,CONTRIBUTES_TO,0.674,1
POS_0726,Street Light Failure,Poor Road Visibility,Lighting,Safety,dark street due to light failure,low visibility reported,Mylapore,2.63,35.2,CRITICAL,CRITICAL,2,0.979,CAUSES,0.772,1
POS_0056,Stagnant Water,Public Health Risk,Public Health,Health,stagnant water remains,sanitation may affect public health,Kodambakkam,2.56,1.8,CRITICAL,MEDIUM,5,0.791,CAUSES,0.79,1
POS_0639,Street Light Failure,Poor Road Visibility,Lighting,Safety,street light is not working,drivers cannot see clearly,Sholinganallur,3.69,18.2,HIGH,MEDIUM,1,0.838,CAUSES,0.714,1
POS_0303,Water Leakage,Stagnant Water,Water,Public Health,water pipe is leaking,standing water is not clearing,Guindy,3.38,12.4,LOW,LOW,5,0.695,CAUSES,0.649,1
NEG_1109,Waterlogging,Public Health Risk,Flooding,Health,standing rainwater on the street,health risk reported,Perambur,1.2,52.2,MEDIUM,MEDIUM,2,0.112,NO_DEPENDENCY,0.232,0
POS_1277,Garbage Accumulation,Air Pollution,Waste,Environment,large pile of waste reported,air quality is affected,Perambur,4.37,9.2,MEDIUM,MEDIUM,17,0.885,CONTRIBUTES_TO,0.677,1
NEG_1136,Public Health Risk,Air Pollution,Health,Environment,disease risk is increasing,polluted air reported,T Nagar,3.2,26.3,CRITICAL,CRITICAL,14,0.345,NO_DEPENDENCY,0.354,0
POS_0625,Garbage Accumulation,Public Health Risk,Waste,Health,uncollected garbage is present,possible health hazard,Nungambakkam,2.61,21.4,LOW,HIGH,7,0.646,CAUSES,0.655,1
NEG_0556,Pothole / Road Damage,Garbage Accumulation,Road,Waste,damaged road section,large pile of waste reported,Porur,0.59,54.9,CRITICAL,MEDIUM,12,0.163,NO_DEPENDENCY,0.304,0
POS_1281,Street Light Failure,Poor Road Visibility,Lighting,Safety,street light is not working,visibility on road is poor,Royapettah,4.22,0.5,HIGH,MEDIUM,18,0.583,CAUSES,0.716,1
POS_1050,Poor Road Visibility,Safety Risk,Safety,Safety,visibility on road is poor,residents feel unsafe,Adyar,3.45,25.1,LOW,HIGH,3,0.895,CONTRIBUTES_TO,0.636,1
POS_0337,Pothole / Road Damage,Traffic Congestion,Road,Traffic,damaged road section,vehicles are queued,T Nagar,3.29,29.2,MEDIUM,CRITICAL,15,0.497,CONTRIBUTES_TO,0.626,1
POS_0048,Illegal Dumping,Blocked Drain,Waste,Drainage,unauthorized dumping reported,rainwater drain is not flowing,T Nagar,1.14,31.7,CRITICAL,MEDIUM,4,0.453,CONTRIBUTES_TO,0.682,1
POS_0107,Waterlogging,Road Blockage,Flooding,Road,heavy waterlogging reported,vehicle movement is obstructed,Kodambakkam,0.67,45.4,LOW,LOW,16,0.611,CAUSES,0.709,1
POS_1080,Garbage Accumulation,Air Pollution,Waste,Environment,uncollected garbage is present,air quality is affected,Sholinganallur,3.25,39.1,CRITICAL,MEDIUM,5,0.491,CONTRIBUTES_TO,0.605,1
POS_1145,Waterlogging,Road Blockage,Flooding,Road,heavy waterlogging reported,vehicle movement is obstructed,Porur,1.99,14.5,HIGH,HIGH,9,0.939,CAUSES,0.817,1
NEG_0941,Blocked Drain,Stagnant Water,Drainage,Public Health,drain is clogged,water is collecting,Ambattur,1.64,54.9,MEDIUM,LOW,10,0.154,NO_DEPENDENCY,0.276,0
NEG_0337,Safety Risk,Blocked Drain,Safety,Drainage,risk to pedestrians and vehicles,stormwater drain is blocked,Adyar,4.19,38.6,MEDIUM,MEDIUM,3,0.234,NO_DEPENDENCY,0.24,0
NEG_0254,Poor Road Visibility,Road Blockage,Safety,Road,drivers cannot see clearly,road passage is blocked,Velachery,3.03,81.3,LOW,MEDIUM,12,0.265,NO_DEPENDENCY,0.276,0
POS_1102,Garbage Accumulation,Air Pollution,Waste,Environment,uncollected garbage is present,dust and pollution are increasing,Porur,3.96,38.4,CRITICAL,HIGH,17,0.772,CONTRIBUTES_TO,0.675,1
NEG_0469,Garbage Accumulation,Pothole / Road Damage,Waste,Road,uncollected garbage is present,large pothole on the road,T Nagar,4.38,78.9,HIGH,LOW,13,0.415,NO_DEPENDENCY,0.308,0
POS_0524,Pothole / Road Damage,Traffic Congestion,Road,Traffic,road surface is badly damaged,traffic is moving slowly,Ambattur,1.43,37.0,LOW,MEDIUM,6,0.687,CONTRIBUTES_TO,0.652,1
POS_1429,Stagnant Water,Public Health Risk,Public Health,Health,standing water is not clearing,disease risk is increasing,Ambattur,1.88,1.0,CRITICAL,LOW,1,0.518,CAUSES,0.744,1
NEG_1108,Public Health Risk,Pothole / Road Damage,Health,Road,disease risk is increasing,large pothole on the road,Pallavaram,7.99,76.3,HIGH,HIGH,7,0.229,NO_DEPENDENCY,0.17,0
POS_0604,Traffic Congestion,Emergency Response Delay,Traffic,Emergency,severe congestion reported,emergency movement is delayed,Pallavaram,3.52,16.0,MEDIUM,CRITICAL,14,0.502,CAUSES,0.645,1
POS_1490,Traffic Congestion,Emergency Response Delay,Traffic,Emergency,traffic flow is disrupted,emergency movement is delayed,Porur,3.68,21.1,HIGH,CRITICAL,17,0.594,CAUSES,0.685,1
NEG_0852,Stagnant Water,Garbage Accumulation,Public Health,Waste,pool of water has remained,garbage has accumulated,Thiruvanmiyur,5.78,65.6,HIGH,HIGH,2,0.321,NO_DEPENDENCY,0.215,0
POS_0061,Illegal Dumping,Blocked Drain,Waste,Drainage,waste is being dumped illegally,stormwater drain is blocked,Nungambakkam,4.24,9.9,LOW,HIGH,8,0.764,CONTRIBUTES_TO,0.632,1
NEG_1250,Blocked Drain,Air Pollution,Drainage,Environment,blocked drainage outlet,polluted air reported,Velachery,5.4,75.7,LOW,LOW,3,0.362,NO_DEPENDENCY,0.23,0
POS_0672,Pothole / Road Damage,Traffic Congestion,Road,Traffic,multiple potholes reported,traffic is moving slowly,Pallavaram,4.48,19.6,LOW,HIGH,3,0.57,CONTRIBUTES_TO,0.569,1
POS_0093,Garbage Accumulation,Public Health Risk,Waste,Health,large pile of waste reported,sanitation may affect public health,Mylapore,2.84,42.7,LOW,LOW,18,0.709,CAUSES,0.659,1
POS_0667,Road Blockage,Traffic Congestion,Road,Traffic,road passage is blocked,traffic flow is disrupted,Nungambakkam,3.77,17.1,HIGH,CRITICAL,1,0.843,CAUSES,0.722,1
NEG_0388,Traffic Congestion,Public Health Risk,Traffic,Health,severe congestion reported,disease risk is increasing,Tambaram,1.0,18.5,HIGH,MEDIUM,12,0.409,NO_DEPENDENCY,0.402,0
POS_0281,Sewer Overflow,Stagnant Water,Drainage,Public Health,sewage overflow reported,water is collecting,Velachery,0.29,43.2,CRITICAL,LOW,16,0.956,CAUSES,0.862,1
NEG_0220,Poor Road Visibility,Garbage Accumulation,Safety,Waste,dark road section,uncollected garbage is present,Royapettah,4.08,6.7,MEDIUM,LOW,8,0.359,NO_DEPENDENCY,0.331,0
POS_0360,Sewer Overflow,Stagnant Water,Drainage,Public Health,sewer line has overflowed,water is collecting,Guindy,3.77,2.8,CRITICAL,LOW,15,0.511,CAUSES,0.74,1
POS_0900,Sewer Overflow,Stagnant Water,Drainage,Public Health,sewer water is overflowing,standing water is not clearing,Velachery,3.87,45.5,LOW,LOW,11,0.665,CAUSES,0.624,1
NEG_0436,Sewer Overflow,Traffic Congestion,Drainage,Traffic,dirty wastewater is spreading,severe congestion reported,Tambaram,0.99,67.9,LOW,MEDIUM,1,0.391,NO_DEPENDENCY,0.301,0
NEG_0495,Sewer Overflow,Water Leakage,Drainage,Water,sewer line has overflowed,water pipe is leaking,Tambaram,4.41,12.5,LOW,LOW,3,0.036,NO_DEPENDENCY,0.199,0
NEG_0813,Road Blockage,Pothole / Road Damage,Road,Road,vehicle movement is obstructed,road surface is badly damaged,Adyar,6.34,11.3,CRITICAL,LOW,2,0.322,NO_DEPENDENCY,0.252,0
POS_0761,Water Leakage,Stagnant Water,Water,Public Health,damaged water supply line,standing water is not clearing,T Nagar,0.8,7.3,MEDIUM,HIGH,3,0.585,CAUSES,0.718,1
NEG_0659,Public Health Risk,Street Light Failure,Health,Lighting,health risk reported,roadside light has failed,Pallavaram,7.53,48.1,HIGH,MEDIUM,5,0.072,NO_DEPENDENCY,0.144,0
NEG_1123,Poor Road Visibility,Road Blockage,Safety,Road,visibility on road is poor,traffic lane is obstructed,Mylapore,7.68,48.9,LOW,HIGH,12,0.038,NO_DEPENDENCY,0.165,0
POS_0043,Sewer Overflow,Stagnant Water,Drainage,Public Health,dirty wastewater is spreading,pool of water has remained,Guindy,3.82,34.7,CRITICAL,HIGH,10,0.609,CAUSES,0.701,1
NEG_0674,Illegal Dumping,Air Pollution,Waste,Environment,waste is being dumped illegally,air quality is affected,Kodambakkam,2.84,6.4,MEDIUM,MEDIUM,12,0.09,NO_DEPENDENCY,0.289,0
POS_0205,Sewer Overflow,Stagnant Water,Drainage,Public Health,sewer water is overflowing,stagnant water remains,Perambur,3.41,42.0,HIGH,LOW,15,0.493,CAUSES,0.666,1
POS_1474,Street Light Failure,Poor Road Visibility,Lighting,Safety,roadside light has failed,visibility on road is poor,Porur,0.54,12.3,LOW,CRITICAL,2,0.789,CAUSES,0.743,1
NEG_0601,Garbage Accumulation,Illegal Dumping,Waste,Waste,large pile of waste reported,open dumping observed,Anna Nagar,5.03,14.6,LOW,LOW,14,0.148,NO_DEPENDENCY,0.277,0
POS_0069,Waterlogging,Road Blockage,Flooding,Road,standing rainwater on the street,road is partially blocked,Adyar,3.36,45.7,MEDIUM,CRITICAL,7,0.816,CAUSES,0.685,1
NEG_0376,Street Light Failure,Water Leakage,Lighting,Water,roadside light has failed,pipeline leak near street,Royapettah,7.93,22.3,LOW,MEDIUM,7,0.397,NO_DEPENDENCY,0.267,0
NEG_0880,Waterlogging,Poor Road Visibility,Flooding,Safety,road is flooded,visibility on road is poor,Pallavaram,5.29,85.7,HIGH,HIGH,3,0.02,NO_DEPENDENCY,0.12,0
NEG_0732,Blocked Drain,Public Health Risk,Drainage,Health,rainwater drain is not flowing,sanitation may affect public health,Royapettah,1.69,31.3,CRITICAL,CRITICAL,3,0.038,NO_DEPENDENCY,0.225,0
POS_0138,Illegal Dumping,Waterlogging,Waste,Flooding,unauthorized dumping reported,road is flooded,Thiruvanmiyur,0.51,43.2,MEDIUM,LOW,3,0.632,CONTRIBUTES_TO,0.613,1
POS_0797,Illegal Dumping,Waterlogging,Waste,Flooding,waste is being dumped illegally,heavy waterlogging reported,Guindy,1.12,39.0,CRITICAL,LOW,17,0.8,CONTRIBUTES_TO,0.722,1
NEG_0681,Road Blockage,Stagnant Water,Road,Public Health,road passage is blocked,stagnant water remains,Tambaram,5.14,27.0,LOW,MEDIUM,3,0.023,NO_DEPENDENCY,0.172,0
NEG_0629,Sewer Overflow,Street Light Failure,Drainage,Lighting,sewer line has overflowed,dark street due to light failure,Perambur,4.61,94.0,MEDIUM,LOW,12,0.213,NO_DEPENDENCY,0.226,0
POS_0759,Garbage Accumulation,Air Pollution,Waste,Environment,garbage has accumulated,polluted air reported,Anna Nagar,3.19,42.7,HIGH,CRITICAL,18,0.685,CONTRIBUTES_TO,0.648,1
POS_0542,Pothole / Road Damage,Poor Road Visibility,Road,Safety,road surface is badly damaged,drivers cannot see clearly,T Nagar,2.2,42.0,MEDIUM,LOW,11,0.614,CONTRIBUTES_TO,0.569,1
POS_1020,Street Light Failure,Poor Road Visibility,Lighting,Safety,dark street due to light failure,drivers cannot see clearly,Pallavaram,0.4,46.7,MEDIUM,CRITICAL,1,0.482,CAUSES,0.66,1
NEG_0789,Safety Risk,Garbage Accumulation,Safety,Waste,residents feel unsafe,large pile of waste reported,T Nagar,6.39,18.3,CRITICAL,MEDIUM,13,0.271,NO_DEPENDENCY,0.285,0
POS_0166,Illegal Dumping,Blocked Drain,Waste,Drainage,open dumping observed,stormwater drain is blocked,Ambattur,1.45,13.7,MEDIUM,CRITICAL,1,0.959,CONTRIBUTES_TO,0.743,1
POS_0249,Stagnant Water,Public Health Risk,Public Health,Health,stagnant water remains,health risk reported,Ambattur,4.43,32.7,CRITICAL,LOW,11,0.662,CAUSES,0.69,1
POS_1332,Street Light Failure,Poor Road Visibility,Lighting,Safety,streetlights are off,dark road section,Adyar,1.19,32.8,HIGH,HIGH,13,0.943,CAUSES,0.807,1
NEG_0518,Road Blockage,Air Pollution,Road,Environment,traffic lane is obstructed,polluted air reported,Sholinganallur,0.43,87.0,LOW,CRITICAL,11,0.427,NO_DEPENDENCY,0.354,0
POS_0447,Sewer Overflow,Stagnant Water,Drainage,Public Health,sewer line has overflowed,standing water is not clearing,Ambattur,0.99,28.1,HIGH,MEDIUM,20,0.622,CAUSES,0.784,1
POS_1359,Garbage Accumulation,Public Health Risk,Waste,Health,waste has built up,sanitation may affect public health,T Nagar,4.08,3.0,HIGH,CRITICAL,10,0.577,CAUSES,0.687,1
NEG_0646,Poor Road Visibility,Blocked Drain,Safety,Drainage,drivers cannot see clearly,blocked drainage outlet,Porur,3.17,77.8,HIGH,LOW,13,0.28,NO_DEPENDENCY,0.287,0
POS_1330,Garbage Accumulation,Air Pollution,Waste,Environment,garbage has accumulated,polluted air reported,Guindy,4.06,39.3,LOW,CRITICAL,20,0.709,CONTRIBUTES_TO,0.591,1
NEG_1411,Street Light Failure,Illegal Dumping,Lighting,Waste,street light is not working,garbage dumped beside road,Anna Nagar,7.76,37.7,CRITICAL,CRITICAL,7,0.344,NO_DEPENDENCY,0.24,0
NEG_0651,Pothole / Road Damage,Blocked Drain,Road,Drainage,road surface is badly damaged,drain is clogged,Velachery,4.28,83.5,LOW,HIGH,7,0.128,NO_DEPENDENCY,0.19,0
POS_0435,Sewer Overflow,Stagnant Water,Drainage,Public Health,dirty wastewater is spreading,standing water is not clearing,Anna Nagar,0.05,8.0,HIGH,CRITICAL,13,0.978,CAUSES,0.889,1
NEG_0623,Air Pollution,Street Light Failure,Environment,Lighting,air quality is affected,streetlights are off,Sholinganallur,1.8,41.0,CRITICAL,CRITICAL,5,0.151,NO_DEPENDENCY,0.259,0
POS_0578,Water Leakage,Stagnant Water,Water,Public Health,damaged water supply line,pool of water has remained,Mylapore,0.1,0.9,LOW,LOW,14,0.486,CAUSES,0.727,1
NEG_1485,Pothole / Road Damage,Air Pollution,Road,Environment,damaged road section,dust and pollution are increasing,Mylapore,2.99,84.2,MEDIUM,LOW,15,0.238,NO_DEPENDENCY,0.281,0
NEG_1242,Traffic Congestion,Sewer Overflow,Traffic,Drainage,vehicles are queued,dirty wastewater is spreading,Guindy,4.98,62.9,CRITICAL,MEDIUM,3,0.216,NO_DEPENDENCY,0.203,0
NEG_0349,Emergency Response Delay,Air Pollution,Emergency,Environment,emergency access is difficult,polluted air reported,T Nagar,0.77,21.0,CRITICAL,CRITICAL,13,0.125,NO_DEPENDENCY,0.323,0
POS_0763,Pothole / Road Damage,Poor Road Visibility,Road,Safety,road surface is badly damaged,drivers cannot see clearly,Pallavaram,1.49,18.3,LOW,MEDIUM,4,0.889,CONTRIBUTES_TO,0.632,1
POS_0389,Sewer Overflow,Stagnant Water,Drainage,Public Health,dirty wastewater is spreading,pool of water has remained,Ambattur,0.38,46.2,CRITICAL,LOW,4,0.84,CAUSES,0.802,1
POS_0236,Illegal Dumping,Waterlogging,Waste,Flooding,garbage dumped beside road,heavy waterlogging reported,Velachery,1.07,26.8,CRITICAL,LOW,6,0.649,CONTRIBUTES_TO,0.683,1
NEG_1106,Waterlogging,Street Light Failure,Flooding,Lighting,road is flooded,dark street due to light failure,Tambaram,1.02,72.5,HIGH,LOW,14,0.424,NO_DEPENDENCY,0.371,0
NEG_0485,Garbage Accumulation,Blocked Drain,Waste,Drainage,garbage has accumulated,stormwater drain is blocked,Sholinganallur,3.9,16.0,LOW,MEDIUM,5,0.192,NO_DEPENDENCY,0.261,0
POS_0268,Pothole / Road Damage,Traffic Congestion,Road,Traffic,road surface is badly damaged,traffic flow is disrupted,Pallavaram,3.91,6.5,MEDIUM,HIGH,8,0.909,CONTRIBUTES_TO,0.707,1
POS_0771,Blocked Drain,Waterlogging,Drainage,Flooding,stormwater drain is blocked,heavy waterlogging reported,Royapettah,4.12,6.9,CRITICAL,LOW,20,0.939,CAUSES,0.855,1
NEG_0666,Road Blockage,Sewer Overflow,Road,Drainage,traffic lane is obstructed,sewer line has overflowed,Mylapore,5.95,11.0,HIGH,HIGH,14,0.405,NO_DEPENDENCY,0.343,0
POS_0438,Poor Road Visibility,Safety Risk,Safety,Safety,low visibility reported,risk to pedestrians and vehicles,Mylapore,2.33,12.7,HIGH,CRITICAL,19,0.735,CONTRIBUTES_TO,0.74,1
POS_0674,Illegal Dumping,Blocked Drain,Waste,Drainage,unauthorized dumping reported,rainwater drain is not flowing,Perambur,1.17,25.0,MEDIUM,LOW,18,0.806,CONTRIBUTES_TO,0.746,1
POS_0250,Traffic Congestion,Emergency Response Delay,Traffic,Emergency,vehicles are queued,emergency access is difficult,Thiruvanmiyur,2.32,25.1,MEDIUM,CRITICAL,19,0.758,CAUSES,0.726,1
NEG_0702,Illegal Dumping,Sewer Overflow,Waste,Drainage,waste is being dumped illegally,sewage overflow reported,Mylapore,2.87,86.3,HIGH,CRITICAL,14,0.045,NO_DEPENDENCY,0.219,0
NEG_0075,Street Light Failure,Air Pollution,Lighting,Environment,street light is not working,air quality is affected,Pallavaram,1.99,65.5,HIGH,MEDIUM,5,0.166,NO_DEPENDENCY,0.24,0
NEG_0643,Street Light Failure,Pothole / Road Damage,Lighting,Road,roadside light has failed,damaged road section,Ambattur,1.24,73.9,HIGH,HIGH,1,0.317,NO_DEPENDENCY,0.27,0
NEG_0582,Emergency Response Delay,Poor Road Visibility,Emergency,Safety,response time is increasing,low visibility reported,Sholinganallur,7.73,27.3,LOW,CRITICAL,5,0.136,NO_DEPENDENCY,0.177,0
NEG_1118,Blocked Drain,Stagnant Water,Drainage,Public Health,rainwater drain is not flowing,pool of water has remained,Adyar,2.84,7.4,MEDIUM,CRITICAL,3,0.258,NO_DEPENDENCY,0.294,0
NEG_1404,Water Leakage,Illegal Dumping,Water,Waste,continuous water leakage,open dumping observed,Perambur,6.92,75.2,MEDIUM,CRITICAL,15,0.121,NO_DEPENDENCY,0.195,0
NEG_1240,Poor Road Visibility,Sewer Overflow,Safety,Drainage,drivers cannot see clearly,sewage overflow reported,Nungambakkam,7.42,37.2,CRITICAL,LOW,3,0.09,NO_DEPENDENCY,0.15,0
POS_0449,Pothole / Road Damage,Traffic Congestion,Road,Traffic,road surface is badly damaged,traffic flow is disrupted,Kodambakkam,2.06,27.6,LOW,HIGH,8,0.969,CONTRIBUTES_TO,0.711,1
POS_1470,Pothole / Road Damage,Poor Road Visibility,Road,Safety,large pothole on the road,dark road section,Tambaram,0.8,1.3,LOW,LOW,20,0.96,CONTRIBUTES_TO,0.727,1
POS_0717,Stagnant Water,Public Health Risk,Public Health,Health,stagnant water remains,disease risk is increasing,Ambattur,0.26,4.1,CRITICAL,CRITICAL,4,0.474,CAUSES,0.779,1
NEG_0899,Street Light Failure,Illegal Dumping,Lighting,Waste,roadside light has failed,unauthorized dumping reported,Porur,6.87,20.3,LOW,HIGH,0,0.355,NO_DEPENDENCY,0.237,0
NEG_1115,Street Light Failure,Waterlogging,Lighting,Flooding,dark street due to light failure,standing rainwater on the street,Thiruvanmiyur,7.4,57.0,HIGH,HIGH,4,0.36,NO_DEPENDENCY,0.22,0
NEG_0549,Stagnant Water,Blocked Drain,Public Health,Drainage,standing water is not clearing,rainwater drain is not flowing,Royapettah,6.6,84.8,CRITICAL,HIGH,15,0.139,NO_DEPENDENCY,0.197,0
NEG_0402,Emergency Response Delay,Poor Road Visibility,Emergency,Safety,emergency access is difficult,drivers cannot see clearly,Sholinganallur,6.73,2.1,CRITICAL,CRITICAL,5,0.362,NO_DEPENDENCY,0.281,0
POS_1169,Road Blockage,Traffic Congestion,Road,Traffic,vehicle movement is obstructed,vehicles are queued,Ambattur,1.29,27.3,HIGH,MEDIUM,7,0.669,CAUSES,0.75,1
POS_0083,Illegal Dumping,Waterlogging,Waste,Flooding,open dumping observed,water has accumulated on the road,Perambur,0.44,12.5,LOW,CRITICAL,13,0.511,CONTRIBUTES_TO,0.633,1
NEG_0925,Road Blockage,Illegal Dumping,Road,Waste,road passage is blocked,garbage dumped beside road,T Nagar,4.36,9.5,CRITICAL,LOW,9,0.069,NO_DEPENDENCY,0.242,0
POS_1461,Garbage Accumulation,Air Pollution,Waste,Environment,uncollected garbage is present,dust and pollution are increasing,Pallavaram,0.41,34.3,CRITICAL,LOW,13,0.685,CONTRIBUTES_TO,0.742,1
NEG_0394,Pothole / Road Damage,Public Health Risk,Road,Health,large pothole on the road,disease risk is increasing,Velachery,7.39,46.6,HIGH,MEDIUM,5,0.362,NO_DEPENDENCY,0.234,0
NEG_0169,Emergency Response Delay,Safety Risk,Emergency,Safety,emergency access is difficult,safety risk reported,Perambur,1.61,13.4,MEDIUM,HIGH,14,0.33,NO_DEPENDENCY,0.384,0
NEG_0501,Illegal Dumping,Garbage Accumulation,Waste,Waste,open dumping observed,large pile of waste reported,Anna Nagar,1.66,69.2,MEDIUM,MEDIUM,2,0.024,NO_DEPENDENCY,0.185,0
POS_0476,Road Blockage,Traffic Congestion,Road,Traffic,vehicle movement is obstructed,traffic is moving slowly,Guindy,2.27,33.1,LOW,HIGH,2,0.629,CAUSES,0.647,1
POS_0518,Garbage Accumulation,Air Pollution,Waste,Environment,waste has built up,air quality is affected,Perambur,3.96,42.2,CRITICAL,LOW,18,0.58,CONTRIBUTES_TO,0.633,1
POS_0405,Waterlogging,Road Blockage,Flooding,Road,water has accumulated on the road,road is partially blocked,Velachery,0.93,28.1,MEDIUM,MEDIUM,12,0.954,CAUSES,0.811,1
POS_0385,Illegal Dumping,Blocked Drain,Waste,Drainage,unauthorized dumping reported,stormwater drain is blocked,Porur,0.7,32.3,HIGH,HIGH,6,0.556,CONTRIBUTES_TO,0.693,1
NEG_1482,Safety Risk,Emergency Response Delay,Safety,Emergency,area has become unsafe,emergency vehicles cannot move quickly,T Nagar,4.42,38.5,CRITICAL,MEDIUM,5,0.066,NO_DEPENDENCY,0.196,0
NEG_0653,Road Blockage,Street Light Failure,Road,Lighting,vehicle movement is obstructed,streetlights are off,Adyar,2.58,63.3,HIGH,LOW,1,0.118,NO_DEPENDENCY,0.199,0
NEG_0134,Street Light Failure,Pothole / Road Damage,Lighting,Road,street light is not working,multiple potholes reported,Pallavaram,3.05,91.5,CRITICAL,HIGH,8,0.231,NO_DEPENDENCY,0.237,0
NEG_1360,Waterlogging,Pothole / Road Damage,Flooding,Road,heavy waterlogging reported,road surface is badly damaged,Tambaram,1.4,24.8,CRITICAL,LOW,5,0.308,NO_DEPENDENCY,0.326,0
POS_0689,Water Leakage,Stagnant Water,Water,Public Health,water pipe is leaking,stagnant water remains,Tambaram,0.35,20.5,HIGH,CRITICAL,18,0.836,CAUSES,0.824,1
POS_1241,Garbage Accumulation,Air Pollution,Waste,Environment,waste has built up,local air pollution observed,Adyar,1.71,15.8,MEDIUM,MEDIUM,11,0.869,CONTRIBUTES_TO,0.717,1
POS_0063,Garbage Accumulation,Public Health Risk,Waste,Health,waste has built up,disease risk is increasing,Royapettah,2.88,39.9,MEDIUM,HIGH,14,0.825,CAUSES,0.701,1
POS_0853,Water Leakage,Stagnant Water,Water,Public Health,water pipe is leaking,pool of water has remained,Guindy,4.36,31.8,CRITICAL,LOW,10,0.653,CAUSES,0.676,1
NEG_1252,Waterlogging,Stagnant Water,Flooding,Public Health,water has accumulated on the road,water is collecting,Pallavaram,5.97,50.1,HIGH,CRITICAL,6,0.302,NO_DEPENDENCY,0.239,0
NEG_0977,Traffic Congestion,Waterlogging,Traffic,Flooding,vehicles are queued,heavy waterlogging reported,Porur,6.48,41.1,MEDIUM,LOW,9,0.062,NO_DEPENDENCY,0.182,0
POS_1263,Garbage Accumulation,Air Pollution,Waste,Environment,garbage has accumulated,dust and pollution are increasing,Anna Nagar,0.75,8.7,MEDIUM,HIGH,5,0.946,CONTRIBUTES_TO,0.751,1
POS_0224,Garbage Accumulation,Public Health Risk,Waste,Health,waste has built up,disease risk is increasing,Thiruvanmiyur,1.07,27.6,HIGH,HIGH,18,0.58,CAUSES,0.749,1
NEG_0694,Street Light Failure,Safety Risk,Lighting,Safety,dark street due to light failure,area has become unsafe,Nungambakkam,1.16,24.1,HIGH,CRITICAL,15,0.399,NO_DEPENDENCY,0.407,0
POS_0374,Garbage Accumulation,Air Pollution,Waste,Environment,waste has built up,local air pollution observed,Adyar,1.1,22.3,LOW,CRITICAL,15,0.875,CONTRIBUTES_TO,0.709,1
NEG_0325,Traffic Congestion,Public Health Risk,Traffic,Health,vehicles are queued,disease risk is increasing,Velachery,7.53,79.3,LOW,LOW,4,0.415,NO_DEPENDENCY,0.215,0
NEG_1037,Traffic Congestion,Stagnant Water,Traffic,Public Health,traffic flow is disrupted,stagnant water remains,Porur,7.12,49.2,HIGH,CRITICAL,14,0.342,NO_DEPENDENCY,0.275,0
NEG_1370,Public Health Risk,Illegal Dumping,Health,Waste,sanitation may affect public health,garbage dumped beside road,Royapettah,3.25,76.0,LOW,HIGH,12,0.396,NO_DEPENDENCY,0.317,0
NEG_1098,Road Blockage,Poor Road Visibility,Road,Safety,road is partially blocked,low visibility reported,Sholinganallur,7.18,26.7,MEDIUM,HIGH,4,0.251,NO_DEPENDENCY,0.215,0
NEG_1185,Safety Risk,Traffic Congestion,Safety,Traffic,risk to pedestrians and vehicles,severe congestion reported,Ambattur,2.14,77.0,MEDIUM,LOW,7,0.24,NO_DEPENDENCY,0.261,0
POS_0010,Pothole / Road Damage,Traffic Congestion,Road,Traffic,multiple potholes reported,severe congestion reported,Guindy,0.67,35.9,CRITICAL,CRITICAL,19,0.736,CONTRIBUTES_TO,0.79,1
NEG_0445,Sewer Overflow,Street Light Failure,Drainage,Lighting,sewer line has overflowed,street light is not working,Sholinganallur,1.56,53.1,CRITICAL,MEDIUM,9,0.104,NO_DEPENDENCY,0.259,0
NEG_0339,Illegal Dumping,Street Light Failure,Waste,Lighting,unauthorized dumping reported,roadside light has failed,Guindy,3.34,20.8,MEDIUM,MEDIUM,8,0.21,NO_DEPENDENCY,0.286,0
POS_0709,Garbage Accumulation,Air Pollution,Waste,Environment,garbage has accumulated,local air pollution observed,T Nagar,1.49,1.9,CRITICAL,HIGH,16,0.694,CONTRIBUTES_TO,0.769,1
POS_0256,Illegal Dumping,Blocked Drain,Waste,Drainage,garbage dumped beside road,blocked drainage outlet,Perambur,0.07,10.7,LOW,MEDIUM,3,0.598,CONTRIBUTES_TO,0.689,1
NEG_0118,Poor Road Visibility,Blocked Drain,Safety,Drainage,low visibility reported,stormwater drain is blocked,Thiruvanmiyur,2.84,55.8,CRITICAL,CRITICAL,0,0.213,NO_DEPENDENCY,0.225,0
POS_0390,Road Blockage,Traffic Congestion,Road,Traffic,vehicle movement is obstructed,vehicles are queued,T Nagar,0.77,40.7,MEDIUM,LOW,15,0.453,CAUSES,0.696,1
NEG_0082,Blocked Drain,Safety Risk,Drainage,Safety,rainwater drain is not flowing,area has become unsafe,Guindy,1.64,79.1,LOW,HIGH,0,0.449,NO_DEPENDENCY,0.294,0
POS_0925,Waterlogging,Road Blockage,Flooding,Road,heavy waterlogging reported,road is partially blocked,T Nagar,2.2,25.4,MEDIUM,HIGH,1,0.955,CAUSES,0.755,1
NEG_0537,Traffic Congestion,Blocked Drain,Traffic,Drainage,severe congestion reported,rainwater drain is not flowing,T Nagar,3.89,17.6,LOW,CRITICAL,14,0.247,NO_DEPENDENCY,0.321,0
NEG_0904,Garbage Accumulation,Traffic Congestion,Waste,Traffic,large pile of waste reported,traffic is moving slowly,Porur,2.69,49.7,CRITICAL,LOW,11,0.327,NO_DEPENDENCY,0.321,0
POS_1225,Illegal Dumping,Waterlogging,Waste,Flooding,unauthorized dumping reported,heavy waterlogging reported,Guindy,4.04,1.2,MEDIUM,HIGH,11,0.952,CONTRIBUTES_TO,0.667,1
NEG_0447,Poor Road Visibility,Stagnant Water,Safety,Public Health,low visibility reported,water is collecting,Tambaram,3.93,29.5,LOW,CRITICAL,15,0.394,NO_DEPENDENCY,0.36,0
POS_0740,Poor Road Visibility,Safety Risk,Safety,Safety,low visibility reported,risk to pedestrians and vehicles,Porur,0.22,44.3,LOW,HIGH,19,0.53,CONTRIBUTES_TO,0.657,1
POS_0041,Illegal Dumping,Blocked Drain,Waste,Drainage,waste is being dumped illegally,rainwater drain is not flowing,Anna Nagar,2.75,24.8,MEDIUM,HIGH,19,0.654,CONTRIBUTES_TO,0.679,1
POS_0869,Pothole / Road Damage,Poor Road Visibility,Road,Safety,damaged road section,drivers cannot see clearly,Mylapore,2.61,44.4,CRITICAL,CRITICAL,11,0.484,CONTRIBUTES_TO,0.579,1
POS_0540,Illegal Dumping,Waterlogging,Waste,Flooding,unauthorized dumping reported,water has accumulated on the road,Nungambakkam,3.95,18.2,MEDIUM,HIGH,10,0.89,CONTRIBUTES_TO,0.631,1
NEG_1011,Garbage Accumulation,Pothole / Road Damage,Waste,Road,waste has built up,large pothole on the road,Mylapore,6.61,4.0,HIGH,HIGH,5,0.391,NO_DEPENDENCY,0.29,0
POS_1372,Illegal Dumping,Waterlogging,Waste,Flooding,waste is being dumped illegally,water has accumulated on the road,Sholinganallur,1.58,35.3,LOW,CRITICAL,14,0.779,CONTRIBUTES_TO,0.629,1
POS_1146,Water Leakage,Stagnant Water,Water,Public Health,damaged water supply line,standing water is not clearing,Sholinganallur,3.1,38.6,HIGH,CRITICAL,12,0.955,CAUSES,0.739,1
POS_1032,Road Blockage,Traffic Congestion,Road,Traffic,road passage is blocked,traffic flow is disrupted,Mylapore,4.39,42.4,HIGH,CRITICAL,1,0.54,CAUSES,0.611,1
POS_0373,Garbage Accumulation,Air Pollution,Waste,Environment,large pile of waste reported,polluted air reported,Kodambakkam,0.79,36.2,HIGH,LOW,11,0.62,CONTRIBUTES_TO,0.686,1
POS_0668,Garbage Accumulation,Public Health Risk,Waste,Health,garbage has accumulated,sanitation may affect public health,Adyar,1.88,3.2,HIGH,LOW,8,0.579,CAUSES,0.737,1
POS_0358,Garbage Accumulation,Public Health Risk,Waste,Health,large pile of waste reported,possible health hazard,Perambur,3.39,8.3,LOW,MEDIUM,13,0.931,CAUSES,0.725,1
POS_0968,Road Blockage,Traffic Congestion,Road,Traffic,road passage is blocked,severe congestion reported,Thiruvanmiyur,4.21,8.2,HIGH,LOW,12,0.598,CAUSES,0.702,1
POS_1354,Water Leakage,Stagnant Water,Water,Public Health,damaged water supply line,stagnant water remains,T Nagar,2.51,22.8,LOW,MEDIUM,8,0.971,CAUSES,0.719,1
POS_1036,Illegal Dumping,Blocked Drain,Waste,Drainage,open dumping observed,blocked drainage outlet,Perambur,3.86,31.8,LOW,MEDIUM,16,0.525,CONTRIBUTES_TO,0.583,1
POS_0471,Pothole / Road Damage,Poor Road Visibility,Road,Safety,damaged road section,drivers cannot see clearly,T Nagar,3.79,39.3,MEDIUM,CRITICAL,4,0.889,CONTRIBUTES_TO,0.57,1
POS_1397,Road Blockage,Traffic Congestion,Road,Traffic,road passage is blocked,severe congestion reported,Pallavaram,0.56,43.8,LOW,LOW,8,0.588,CAUSES,0.682,1
NEG_1121,Blocked Drain,Traffic Congestion,Drainage,Traffic,stormwater drain is blocked,traffic is moving slowly,Royapettah,0.21,47.3,CRITICAL,CRITICAL,9,0.354,NO_DEPENDENCY,0.359,0
NEG_0050,Air Pollution,Poor Road Visibility,Environment,Safety,local air pollution observed,visibility on road is poor,Royapettah,7.94,76.8,LOW,MEDIUM,3,0.402,NO_DEPENDENCY,0.203,0
POS_1257,Illegal Dumping,Waterlogging,Waste,Flooding,unauthorized dumping reported,water has accumulated on the road,Tambaram,2.0,9.9,LOW,LOW,19,0.859,CONTRIBUTES_TO,0.683,1
NEG_0595,Garbage Accumulation,Poor Road Visibility,Waste,Safety,large pile of waste reported,drivers cannot see clearly,Tambaram,6.29,84.2,CRITICAL,MEDIUM,2,0.337,NO_DEPENDENCY,0.197,0
NEG_0056,Poor Road Visibility,Road Blockage,Safety,Road,drivers cannot see clearly,traffic lane is obstructed,Porur,4.97,76.7,MEDIUM,LOW,8,0.14,NO_DEPENDENCY,0.194,0
NEG_1090,Pothole / Road Damage,Garbage Accumulation,Road,Waste,damaged road section,garbage has accumulated,Thiruvanmiyur,2.23,90.6,HIGH,HIGH,15,0.179,NO_DEPENDENCY,0.27,0
POS_1251,Sewer Overflow,Stagnant Water,Drainage,Public Health,dirty wastewater is spreading,pool of water has remained,Anna Nagar,1.52,9.1,CRITICAL,LOW,15,0.755,CAUSES,0.836,1
NEG_0200,Street Light Failure,Water Leakage,Lighting,Water,streetlights are off,continuous water leakage,Royapettah,0.86,58.0,MEDIUM,CRITICAL,2,0.059,NO_DEPENDENCY,0.216,0
POS_1253,Sewer Overflow,Stagnant Water,Drainage,Public Health,sewage overflow reported,standing water is not clearing,Porur,3.01,37.1,MEDIUM,MEDIUM,12,0.754,CAUSES,0.702,1
NEG_1281,Pothole / Road Damage,Sewer Overflow,Road,Drainage,multiple potholes reported,sewage overflow reported,Thiruvanmiyur,2.79,17.0,MEDIUM,LOW,5,0.125,NO_DEPENDENCY,0.256,0
POS_0080,Street Light Failure,Poor Road Visibility,Lighting,Safety,street light is not working,drivers cannot see clearly,Pallavaram,1.48,12.4,LOW,HIGH,19,0.498,CAUSES,0.704,1
POS_1173,Stagnant Water,Public Health Risk,Public Health,Health,pool of water has remained,health risk reported,Tambaram,1.49,27.3,HIGH,LOW,2,0.799,CAUSES,0.751,1
POS_0815,Blocked Drain,Waterlogging,Drainage,Flooding,blocked drainage outlet,heavy waterlogging reported,Mylapore,3.73,29.2,LOW,CRITICAL,7,0.464,CAUSES,0.631,1
NEG_0353,Traffic Congestion,Water Leakage,Traffic,Water,vehicles are queued,damaged water supply line,Porur,0.74,81.2,CRITICAL,HIGH,15,0.353,NO_DEPENDENCY,0.352,0
NEG_0721,Stagnant Water,Street Light Failure,Public Health,Lighting,water is collecting,streetlights are off,Anna Nagar,6.12,85.5,HIGH,CRITICAL,5,0.171,NO_DEPENDENCY,0.163,0
NEG_1129,Emergency Response Delay,Road Blockage,Emergency,Road,response time is increasing,road passage is blocked,Guindy,1.08,55.7,CRITICAL,HIGH,0,0.42,NO_DEPENDENCY,0.313,0
NEG_0606,Road Blockage,Garbage Accumulation,Road,Waste,road is partially blocked,garbage has accumulated,Perambur,2.54,90.2,HIGH,HIGH,12,0.328,NO_DEPENDENCY,0.295,0
POS_0134,Pothole / Road Damage,Traffic Congestion,Road,Traffic,damaged road section,traffic flow is disrupted,Sholinganallur,0.93,29.1,MEDIUM,CRITICAL,3,0.853,CONTRIBUTES_TO,0.726,1
POS_1141,Pothole / Road Damage,Traffic Congestion,Road,Traffic,multiple potholes reported,severe congestion reported,Pallavaram,3.35,40.1,CRITICAL,LOW,19,0.469,CONTRIBUTES_TO,0.664,1
POS_0934,Road Blockage,Traffic Congestion,Road,Traffic,traffic lane is obstructed,severe congestion reported,Porur,4.06,5.0,MEDIUM,MEDIUM,6,0.546,CAUSES,0.66,1
POS_0929,Blocked Drain,Waterlogging,Drainage,Flooding,stormwater drain is blocked,heavy waterlogging reported,Perambur,2.42,14.4,MEDIUM,HIGH,9,0.789,CAUSES,0.78,1
POS_0824,Water Leakage,Stagnant Water,Water,Public Health,damaged water supply line,standing water is not clearing,Kodambakkam,0.25,1.8,CRITICAL,HIGH,15,0.789,CAUSES,0.861,1
NEG_0032,Street Light Failure,Traffic Congestion,Lighting,Traffic,roadside light has failed,traffic is moving slowly,Royapettah,6.64,29.5,HIGH,HIGH,13,0.079,NO_DEPENDENCY,0.215,0
POS_1215,Garbage Accumulation,Air Pollution,Waste,Environment,waste has built up,polluted air reported,Kodambakkam,4.14,8.1,LOW,LOW,3,0.695,CONTRIBUTES_TO,0.587,1
POS_0505,Sewer Overflow,Stagnant Water,Drainage,Public Health,sewage overflow reported,water is collecting,Adyar,3.84,31.9,HIGH,CRITICAL,1,0.908,CAUSES,0.717,1
NEG_1465,Garbage Accumulation,Sewer Overflow,Waste,Drainage,garbage has accumulated,sewer line has overflowed,Kodambakkam,7.69,24.0,HIGH,MEDIUM,1,0.209,NO_DEPENDENCY,0.182,0
NEG_0896,Blocked Drain,Public Health Risk,Drainage,Health,drain is clogged,sanitation may affect public health,Porur,7.28,15.8,HIGH,MEDIUM,4,0.041,NO_DEPENDENCY,0.16,0
NEG_0497,Street Light Failure,Blocked Drain,Lighting,Drainage,roadside light has failed,rainwater drain is not flowing,Velachery,7.28,49.0,HIGH,LOW,14,0.136,NO_DEPENDENCY,0.211,0
NEG_0459,Safety Risk,Sewer Overflow,Safety,Drainage,area has become unsafe,sewer water is overflowing,Mylapore,0.29,80.6,CRITICAL,LOW,4,0.157,NO_DEPENDENCY,0.246,0
POS_1385,Garbage Accumulation,Public Health Risk,Waste,Health,waste has built up,disease risk is increasing,Ambattur,2.32,5.0,HIGH,LOW,20,0.848,CAUSES,0.808,1
POS_0895,Blocked Drain,Waterlogging,Drainage,Flooding,blocked drainage outlet,road is flooded,Adyar,0.49,47.0,LOW,MEDIUM,4,0.568,CAUSES,0.701,1
POS_0829,Illegal Dumping,Waterlogging,Waste,Flooding,unauthorized dumping reported,heavy waterlogging reported,Velachery,0.28,0.7,MEDIUM,HIGH,7,0.859,CONTRIBUTES_TO,0.733,1
NEG_1421,Garbage Accumulation,Illegal Dumping,Waste,Waste,garbage has accumulated,waste is being dumped illegally,Thiruvanmiyur,1.98,17.3,LOW,LOW,15,0.14,NO_DEPENDENCY,0.323,0
NEG_0184,Safety Risk,Waterlogging,Safety,Flooding,residents feel unsafe,standing rainwater on the street,Pallavaram,2.12,45.4,LOW,HIGH,2,0.119,NO_DEPENDENCY,0.226,0
NEG_1075,Traffic Congestion,Illegal Dumping,Traffic,Waste,vehicles are queued,open dumping observed,Pallavaram,1.9,25.1,HIGH,CRITICAL,13,0.11,NO_DEPENDENCY,0.299,0
NEG_1470,Street Light Failure,Blocked Drain,Lighting,Drainage,streetlights are off,rainwater drain is not flowing,Porur,6.62,49.4,MEDIUM,HIGH,1,0.047,NO_DEPENDENCY,0.129,0
NEG_1013,Traffic Congestion,Street Light Failure,Traffic,Lighting,traffic flow is disrupted,roadside light has failed,Ambattur,4.49,20.9,HIGH,MEDIUM,10,0.036,NO_DEPENDENCY,0.226,0
POS_0653,Illegal Dumping,Blocked Drain,Waste,Drainage,waste is being dumped illegally,drain is clogged,Pallavaram,1.94,24.9,LOW,CRITICAL,11,0.666,CONTRIBUTES_TO,0.657,1
POS_0173,Water Leakage,Stagnant Water,Water,Public Health,water pipe is leaking,pool of water has remained,Perambur,0.73,8.3,HIGH,HIGH,8,0.621,CAUSES,0.763,1
POS_0039,Illegal Dumping,Blocked Drain,Waste,Drainage,garbage dumped beside road,stormwater drain is blocked,Adyar,1.51,41.6,HIGH,CRITICAL,9,0.962,CONTRIBUTES_TO,0.748,1
NEG_1361,Blocked Drain,Traffic Congestion,Drainage,Traffic,rainwater drain is not flowing,traffic flow is disrupted,Guindy,6.97,90.8,MEDIUM,CRITICAL,9,0.245,NO_DEPENDENCY,0.188,0
POS_0714,Illegal Dumping,Waterlogging,Waste,Flooding,open dumping observed,standing rainwater on the street,Tambaram,2.03,18.9,CRITICAL,LOW,20,0.592,CONTRIBUTES_TO,0.693,1
POS_0091,Blocked Drain,Waterlogging,Drainage,Flooding,rainwater drain is not flowing,water has accumulated on the road,Guindy,0.61,46.4,CRITICAL,LOW,4,0.626,CAUSES,0.786,1
NEG_1455,Public Health Risk,Illegal Dumping,Health,Waste,health risk reported,garbage dumped beside road,Nungambakkam,2.81,31.2,MEDIUM,MEDIUM,12,0.388,NO_DEPENDENCY,0.358,0
POS_1206,Illegal Dumping,Blocked Drain,Waste,Drainage,garbage dumped beside road,drain is clogged,Tambaram,2.75,40.9,MEDIUM,LOW,7,0.501,CONTRIBUTES_TO,0.596,1
NEG_1086,Illegal Dumping,Emergency Response Delay,Waste,Emergency,open dumping observed,emergency access is difficult,Ambattur,3.45,3.5,CRITICAL,LOW,4,0.125,NO_DEPENDENCY,0.253,0
NEG_0328,Safety Risk,Public Health Risk,Safety,Health,risk to pedestrians and vehicles,health risk reported,Adyar,1.23,42.4,MEDIUM,MEDIUM,13,0.313,NO_DEPENDENCY,0.355,0
POS_1156,Water Leakage,Stagnant Water,Water,Public Health,continuous water leakage,stagnant water remains,Nungambakkam,2.02,33.5,CRITICAL,HIGH,4,0.583,CAUSES,0.704,1
POS_1325,Pothole / Road Damage,Traffic Congestion,Road,Traffic,large pothole on the road,severe congestion reported,Adyar,1.76,17.2,MEDIUM,HIGH,14,0.735,CONTRIBUTES_TO,0.726,1
POS_0217,Illegal Dumping,Blocked Drain,Waste,Drainage,open dumping observed,stormwater drain is blocked,Royapettah,0.87,26.1,HIGH,MEDIUM,8,0.578,CONTRIBUTES_TO,0.707,1
POS_0511,Illegal Dumping,Blocked Drain,Waste,Drainage,waste is being dumped illegally,stormwater drain is blocked,Tambaram,4.48,46.8,MEDIUM,HIGH,19,0.527,CONTRIBUTES_TO,0.58,1
NEG_0181,Waterlogging,Street Light Failure,Flooding,Lighting,heavy waterlogging reported,street light is not working,Thiruvanmiyur,1.12,75.7,LOW,CRITICAL,6,0.073,NO_DEPENDENCY,0.222,0
POS_0500,Garbage Accumulation,Public Health Risk,Waste,Health,waste has built up,health risk reported,Mylapore,2.69,1.6,CRITICAL,MEDIUM,12,0.612,CAUSES,0.761,1
NEG_1049,Sewer Overflow,Street Light Failure,Drainage,Lighting,sewage overflow reported,roadside light has failed,Perambur,4.25,85.4,CRITICAL,HIGH,12,0.392,NO_DEPENDENCY,0.293,0
NEG_0357,Street Light Failure,Emergency Response Delay,Lighting,Emergency,streetlights are off,emergency vehicles cannot move quickly,Kodambakkam,4.61,59.9,LOW,LOW,14,0.434,NO_DEPENDENCY,0.331,0
POS_1389,Traffic Congestion,Emergency Response Delay,Traffic,Emergency,severe congestion reported,emergency vehicles cannot move quickly,Porur,3.57,20.6,HIGH,HIGH,1,0.884,CAUSES,0.706,1
NEG_0020,Street Light Failure,Traffic Congestion,Lighting,Traffic,dark street due to light failure,traffic flow is disrupted,Sholinganallur,1.51,60.4,MEDIUM,CRITICAL,2,0.228,NO_DEPENDENCY,0.255,0
NEG_0887,Street Light Failure,Public Health Risk,Lighting,Health,street light is not working,disease risk is increasing,T Nagar,2.98,71.2,MEDIUM,CRITICAL,6,0.244,NO_DEPENDENCY,0.249,0
NEG_1222,Illegal Dumping,Street Light Failure,Waste,Lighting,waste is being dumped illegally,street light is not working,Ambattur,1.15,73.6,LOW,CRITICAL,13,0.308,NO_DEPENDENCY,0.329,0
NEG_0577,Sewer Overflow,Street Light Failure,Drainage,Lighting,sewer water is overflowing,roadside light has failed,Tambaram,6.64,30.1,HIGH,HIGH,1,0.37,NO_DEPENDENCY,0.241,0
NEG_0041,Emergency Response Delay,Blocked Drain,Emergency,Drainage,response time is increasing,blocked drainage outlet,Adyar,6.29,62.7,LOW,HIGH,4,0.185,NO_DEPENDENCY,0.179,0
POS_1218,Waterlogging,Road Blockage,Flooding,Road,road is flooded,road is partially blocked,Guindy,0.7,13.0,MEDIUM,HIGH,4,0.887,CAUSES,0.804,1
POS_1417,Pothole / Road Damage,Poor Road Visibility,Road,Safety,multiple potholes reported,drivers cannot see clearly,Sholinganallur,0.66,44.4,MEDIUM,LOW,15,0.792,CONTRIBUTES_TO,0.65,1
NEG_0718,Illegal Dumping,Water Leakage,Waste,Water,unauthorized dumping reported,continuous water leakage,Kodambakkam,6.25,38.4,LOW,CRITICAL,7,0.4,NO_DEPENDENCY,0.279,0
NEG_1122,Traffic Congestion,Illegal Dumping,Traffic,Waste,traffic flow is disrupted,open dumping observed,Velachery,2.05,45.7,LOW,CRITICAL,11,0.082,NO_DEPENDENCY,0.261,0
NEG_0177,Emergency Response Delay,Road Blockage,Emergency,Road,response time is increasing,vehicle movement is obstructed,Anna Nagar,6.91,51.9,HIGH,HIGH,3,0.426,NO_DEPENDENCY,0.246,0
POS_1198,Stagnant Water,Public Health Risk,Public Health,Health,standing water is not clearing,disease risk is increasing,Ambattur,2.34,41.1,HIGH,CRITICAL,2,0.579,CAUSES,0.666,1
NEG_0043,Public Health Risk,Street Light Failure,Health,Lighting,possible health hazard,street light is not working,Sholinganallur,7.67,89.5,CRITICAL,LOW,5,0.388,NO_DEPENDENCY,0.202,0
POS_0954,Stagnant Water,Public Health Risk,Public Health,Health,water is collecting,disease risk is increasing,Sholinganallur,3.75,20.3,MEDIUM,HIGH,16,0.856,CAUSES,0.725,1
POS_0751,Illegal Dumping,Waterlogging,Waste,Flooding,waste is being dumped illegally,water has accumulated on the road,Nungambakkam,2.16,36.0,LOW,CRITICAL,12,0.95,CONTRIBUTES_TO,0.643,1
POS_0235,Blocked Drain,Waterlogging,Drainage,Flooding,stormwater drain is blocked,standing rainwater on the street,Thiruvanmiyur,0.48,11.5,CRITICAL,HIGH,20,0.49,CAUSES,0.85,1
POS_0733,Stagnant Water,Public Health Risk,Public Health,Health,pool of water has remained,possible health hazard,Adyar,1.06,27.2,HIGH,LOW,11,0.708,CAUSES,0.766,1
NEG_1493,Garbage Accumulation,Stagnant Water,Waste,Public Health,large pile of waste reported,stagnant water remains,Adyar,6.14,52.2,LOW,HIGH,12,0.215,NO_DEPENDENCY,0.239,0
POS_1157,Garbage Accumulation,Air Pollution,Waste,Environment,uncollected garbage is present,dust and pollution are increasing,Anna Nagar,2.12,32.3,MEDIUM,CRITICAL,7,0.836,CONTRIBUTES_TO,0.667,1
NEG_1074,Poor Road Visibility,Air Pollution,Safety,Environment,drivers cannot see clearly,dust and pollution are increasing,Anna Nagar,6.44,37.7,HIGH,MEDIUM,5,0.304,NO_DEPENDENCY,0.238,0
NEG_0946,Road Blockage,Public Health Risk,Road,Health,traffic lane is obstructed,health risk reported,Royapettah,5.39,88.8,HIGH,MEDIUM,11,0.168,NO_DEPENDENCY,0.201,0
POS_1210,Sewer Overflow,Stagnant Water,Drainage,Public Health,sewage overflow reported,stagnant water remains,Mylapore,0.82,43.6,CRITICAL,CRITICAL,14,0.653,CAUSES,0.783,1
POS_1066,Sewer Overflow,Stagnant Water,Drainage,Public Health,sewage overflow reported,standing water is not clearing,Royapettah,2.6,10.0,HIGH,MEDIUM,15,0.584,CAUSES,0.748,1
NEG_0657,Waterlogging,Stagnant Water,Flooding,Public Health,standing rainwater on the street,standing water is not clearing,Anna Nagar,7.9,36.8,LOW,CRITICAL,0,0.25,NO_DEPENDENCY,0.176,0
POS_1063,Traffic Congestion,Emergency Response Delay,Traffic,Emergency,severe congestion reported,emergency movement is delayed,Tambaram,0.48,5.5,HIGH,MEDIUM,16,0.945,CAUSES,0.854,1
POS_1168,Pothole / Road Damage,Poor Road Visibility,Road,Safety,large pothole on the road,low visibility reported,Porur,3.27,12.2,MEDIUM,HIGH,7,0.894,CONTRIBUTES_TO,0.63,1
POS_1493,Stagnant Water,Public Health Risk,Public Health,Health,water is collecting,disease risk is increasing,Guindy,2.19,44.6,LOW,CRITICAL,11,0.485,CAUSES,0.619,1
NEG_0975,Safety Risk,Waterlogging,Safety,Flooding,safety risk reported,heavy waterlogging reported,Porur,1.73,81.5,LOW,MEDIUM,9,0.246,NO_DEPENDENCY,0.275,0
POS_0885,Street Light Failure,Poor Road Visibility,Lighting,Safety,street light is not working,visibility on road is poor,Perambur,4.09,38.3,CRITICAL,CRITICAL,1,0.548,CAUSES,0.643,1
POS_0144,Pothole / Road Damage,Traffic Congestion,Road,Traffic,road surface is badly damaged,traffic flow is disrupted,Guindy,3.81,5.3,LOW,HIGH,17,0.859,CONTRIBUTES_TO,0.699,1
NEG_1443,Garbage Accumulation,Traffic Congestion,Waste,Traffic,uncollected garbage is present,traffic flow is disrupted,Tambaram,1.26,42.8,MEDIUM,MEDIUM,8,0.113,NO_DEPENDENCY,0.269,0
POS_0851,Pothole / Road Damage,Traffic Congestion,Road,Traffic,large pothole on the road,traffic flow is disrupted,Kodambakkam,1.15,28.0,LOW,LOW,6,0.801,CONTRIBUTES_TO,0.695,1
POS_0718,Garbage Accumulation,Public Health Risk,Waste,Health,large pile of waste reported,disease risk is increasing,T Nagar,1.18,4.4,CRITICAL,MEDIUM,4,0.717,CAUSES,0.796,1
NEG_1365,Garbage Accumulation,Stagnant Water,Waste,Public Health,uncollected garbage is present,pool of water has remained,Perambur,1.21,77.6,LOW,LOW,15,0.381,NO_DEPENDENCY,0.356,0
POS_0265,Garbage Accumulation,Air Pollution,Waste,Environment,large pile of waste reported,dust and pollution are increasing,Nungambakkam,4.5,21.9,CRITICAL,LOW,3,0.635,CONTRIBUTES_TO,0.622,1
POS_0076,Road Blockage,Traffic Congestion,Road,Traffic,road passage is blocked,severe congestion reported,Porur,2.51,7.9,CRITICAL,HIGH,20,0.667,CAUSES,0.804,1
POS_0396,Garbage Accumulation,Public Health Risk,Waste,Health,large pile of waste reported,possible health hazard,Royapettah,2.34,45.5,LOW,LOW,18,0.539,CAUSES,0.634,1
NEG_1046,Traffic Congestion,Air Pollution,Traffic,Environment,vehicles are queued,local air pollution observed,Perambur,0.9,21.1,LOW,MEDIUM,6,0.178,NO_DEPENDENCY,0.302,0
NEG_0725,Waterlogging,Sewer Overflow,Flooding,Drainage,standing rainwater on the street,sewage overflow reported,Perambur,0.7,3.9,LOW,HIGH,6,0.125,NO_DEPENDENCY,0.304,0
NEG_1300,Stagnant Water,Air Pollution,Public Health,Environment,standing water is not clearing,dust and pollution are increasing,Perambur,0.4,60.9,CRITICAL,MEDIUM,6,0.232,NO_DEPENDENCY,0.293,0
POS_0397,Garbage Accumulation,Air Pollution,Waste,Environment,garbage has accumulated,polluted air reported,Sholinganallur,0.51,26.0,LOW,MEDIUM,14,0.822,CONTRIBUTES_TO,0.706,1
POS_1366,Traffic Congestion,Emergency Response Delay,Traffic,Emergency,severe congestion reported,emergency vehicles cannot move quickly,T Nagar,4.14,44.5,LOW,CRITICAL,3,0.548,CAUSES,0.547,1
NEG_1001,Pothole / Road Damage,Emergency Response Delay,Road,Emergency,multiple potholes reported,emergency vehicles cannot move quickly,Nungambakkam,6.13,54.0,LOW,MEDIUM,4,0.387,NO_DEPENDENCY,0.249,0
NEG_0404,Pothole / Road Damage,Waterlogging,Road,Flooding,road surface is badly damaged,heavy waterlogging reported,Anna Nagar,4.96,69.2,MEDIUM,LOW,4,0.208,NO_DEPENDENCY,0.2,0
POS_0596,Pothole / Road Damage,Traffic Congestion,Road,Traffic,road surface is badly damaged,traffic is moving slowly,Guindy,0.68,20.2,MEDIUM,CRITICAL,18,0.819,CONTRIBUTES_TO,0.776,1
NEG_0610,Pothole / Road Damage,Emergency Response Delay,Road,Emergency,road surface is badly damaged,emergency vehicles cannot move quickly,Ambattur,4.57,43.9,LOW,CRITICAL,8,0.135,NO_DEPENDENCY,0.225,0
POS_1297,Garbage Accumulation,Public Health Risk,Waste,Health,garbage has accumulated,health risk reported,Perambur,1.55,21.3,MEDIUM,HIGH,6,0.642,CAUSES,0.703,1
NEG_0322,Public Health Risk,Blocked Drain,Health,Drainage,possible health hazard,rainwater drain is not flowing,Adyar,3.73,94.2,LOW,HIGH,11,0.079,NO_DEPENDENCY,0.194,0
POS_0873,Garbage Accumulation,Public Health Risk,Waste,Health,uncollected garbage is present,possible health hazard,T Nagar,0.69,45.3,CRITICAL,MEDIUM,16,0.894,CAUSES,0.817,1
NEG_1412,Garbage Accumulation,Emergency Response Delay,Waste,Emergency,uncollected garbage is present,emergency access is difficult,Royapettah,7.04,65.6,HIGH,HIGH,10,0.292,NO_DEPENDENCY,0.227,0
NEG_0827,Emergency Response Delay,Illegal Dumping,Emergency,Waste,response time is increasing,unauthorized dumping reported,Perambur,1.36,18.4,HIGH,CRITICAL,0,0.087,NO_DEPENDENCY,0.24,0
NEG_0049,Illegal Dumping,Street Light Failure,Waste,Lighting,garbage dumped beside road,roadside light has failed,Anna Nagar,4.87,72.2,LOW,CRITICAL,7,0.423,NO_DEPENDENCY,0.279,0
POS_0037,Road Blockage,Traffic Congestion,Road,Traffic,road passage is blocked,traffic flow is disrupted,T Nagar,3.33,16.3,HIGH,MEDIUM,8,0.943,CAUSES,0.772,1
NEG_1027,Public Health Risk,Pothole / Road Damage,Health,Road,health risk reported,damaged road section,Porur,3.63,41.6,CRITICAL,MEDIUM,1,0.225,NO_DEPENDENCY,0.233,0
NEG_0644,Road Blockage,Sewer Overflow,Road,Drainage,traffic lane is obstructed,sewer line has overflowed,Guindy,4.36,43.3,LOW,MEDIUM,8,0.178,NO_DEPENDENCY,0.242,0
NEG_1441,Stagnant Water,Waterlogging,Public Health,Flooding,water is collecting,standing rainwater on the street,Adyar,3.57,34.2,CRITICAL,CRITICAL,8,0.298,NO_DEPENDENCY,0.297,0
POS_0978,Waterlogging,Road Blockage,Flooding,Road,standing rainwater on the street,traffic lane is obstructed,Pallavaram,4.03,20.9,MEDIUM,MEDIUM,10,0.961,CAUSES,0.739,1
NEG_0072,Road Blockage,Air Pollution,Road,Environment,road is partially blocked,dust and pollution are increasing,Anna Nagar,5.63,60.2,HIGH,CRITICAL,5,0.147,NO_DEPENDENCY,0.184,0
POS_1123,Street Light Failure,Poor Road Visibility,Lighting,Safety,streetlights are off,drivers cannot see clearly,Porur,1.22,18.6,CRITICAL,MEDIUM,12,0.759,CAUSES,0.811,1
NEG_0740,Illegal Dumping,Poor Road Visibility,Waste,Safety,open dumping observed,dark road section,Ambattur,6.44,53.0,HIGH,CRITICAL,1,0.294,NO_DEPENDENCY,0.202,0
NEG_0393,Illegal Dumping,Water Leakage,Waste,Water,open dumping observed,continuous water leakage,Ambattur,5.68,19.1,MEDIUM,HIGH,6,0.204,NO_DEPENDENCY,0.24,0
POS_0676,Road Blockage,Traffic Congestion,Road,Traffic,road passage is blocked,severe congestion reported,Royapettah,1.12,36.0,CRITICAL,HIGH,14,0.856,CAUSES,0.822,1
POS_0729,Garbage Accumulation,Public Health Risk,Waste,Health,uncollected garbage is present,disease risk is increasing,Royapettah,2.0,24.6,CRITICAL,MEDIUM,11,0.761,CAUSES,0.774,1
POS_0413,Traffic Congestion,Emergency Response Delay,Traffic,Emergency,traffic flow is disrupted,emergency access is difficult,T Nagar,0.33,18.0,HIGH,CRITICAL,7,0.473,CAUSES,0.724,1
NEG_0017,Pothole / Road Damage,Waterlogging,Road,Flooding,multiple potholes reported,water has accumulated on the road,Nungambakkam,6.17,33.7,LOW,CRITICAL,14,0.235,NO_DEPENDENCY,0.27,0
NEG_0150,Emergency Response Delay,Safety Risk,Emergency,Safety,emergency movement is delayed,area has become unsafe,Mylapore,6.76,2.7,LOW,CRITICAL,2,0.151,NO_DEPENDENCY,0.202,0
POS_0826,Water Leakage,Stagnant Water,Water,Public Health,continuous water leakage,stagnant water remains,Adyar,2.97,34.4,HIGH,MEDIUM,16,0.682,CAUSES,0.703,1
POS_0617,Water Leakage,Stagnant Water,Water,Public Health,water pipe is leaking,water is collecting,Porur,3.08,13.7,CRITICAL,CRITICAL,12,0.484,CAUSES,0.705,1
POS_0115,Street Light Failure,Poor Road Visibility,Lighting,Safety,roadside light has failed,visibility on road is poor,Porur,0.33,21.8,LOW,CRITICAL,19,0.642,CAUSES,0.748,1
POS_0418,Sewer Overflow,Stagnant Water,Drainage,Public Health,sewer water is overflowing,standing water is not clearing,Tambaram,2.18,10.5,LOW,MEDIUM,14,0.535,CAUSES,0.696,1
NEG_0126,Pothole / Road Damage,Blocked Drain,Road,Drainage,damaged road section,rainwater drain is not flowing,Kodambakkam,7.48,44.5,LOW,CRITICAL,2,0.184,NO_DEPENDENCY,0.166,0
NEG_1440,Sewer Overflow,Public Health Risk,Drainage,Health,sewer water is overflowing,disease risk is increasing,Mylapore,1.94,3.0,CRITICAL,HIGH,1,0.412,NO_DEPENDENCY,0.347,0
POS_0090,Stagnant Water,Public Health Risk,Public Health,Health,water is collecting,possible health hazard,Pallavaram,1.75,41.2,CRITICAL,CRITICAL,11,0.668,CAUSES,0.746,1
NEG_0583,Emergency Response Delay,Blocked Drain,Emergency,Drainage,emergency access is difficult,blocked drainage outlet,Nungambakkam,1.12,24.8,LOW,CRITICAL,6,0.233,NO_DEPENDENCY,0.312,0
POS_0754,Waterlogging,Road Blockage,Flooding,Road,standing rainwater on the street,traffic lane is obstructed,Pallavaram,2.49,3.7,HIGH,CRITICAL,16,0.474,CAUSES,0.744,1
NEG_0131,Water Leakage,Road Blockage,Water,Road,continuous water leakage,road passage is blocked,Sholinganallur,5.18,61.6,CRITICAL,MEDIUM,8,0.077,NO_DEPENDENCY,0.184,0
POS_0012,Stagnant Water,Public Health Risk,Public Health,Health,pool of water has remained,health risk reported,Porur,4.48,25.6,LOW,HIGH,1,0.965,CAUSES,0.659,1
NEG_0945,Sewer Overflow,Emergency Response Delay,Drainage,Emergency,sewage overflow reported,response time is increasing,Adyar,2.87,9.5,LOW,LOW,13,0.292,NO_DEPENDENCY,0.352,0
POS_0285,Pothole / Road Damage,Traffic Congestion,Road,Traffic,large pothole on the road,vehicles are queued,Royapettah,0.42,4.3,HIGH,CRITICAL,5,0.938,CONTRIBUTES_TO,0.821,1
POS_1067,Garbage Accumulation,Air Pollution,Waste,Environment,garbage has accumulated,dust and pollution are increasing,Anna Nagar,2.4,38.0,LOW,MEDIUM,1,0.496,CONTRIBUTES_TO,0.544,1
POS_1192,Illegal Dumping,Waterlogging,Waste,Flooding,garbage dumped beside road,water has accumulated on the road,Ambattur,1.68,42.7,CRITICAL,HIGH,9,0.814,CONTRIBUTES_TO,0.686,1
POS_1441,Garbage Accumulation,Air Pollution,Waste,Environment,waste has built up,local air pollution observed,Mylapore,3.43,23.2,MEDIUM,MEDIUM,3,0.975,CONTRIBUTES_TO,0.665,1
NEG_1302,Road Blockage,Street Light Failure,Road,Lighting,vehicle movement is obstructed,dark street due to light failure,Mylapore,8.0,15.0,HIGH,MEDIUM,12,0.373,NO_DEPENDENCY,0.289,0
NEG_1301,Stagnant Water,Emergency Response Delay,Public Health,Emergency,stagnant water remains,emergency vehicles cannot move quickly,Mylapore,0.31,87.0,MEDIUM,HIGH,10,0.196,NO_DEPENDENCY,0.282,0
NEG_1211,Air Pollution,Road Blockage,Environment,Road,dust and pollution are increasing,road passage is blocked,Anna Nagar,2.62,11.2,HIGH,MEDIUM,6,0.112,NO_DEPENDENCY,0.265,0
NEG_0069,Poor Road Visibility,Water Leakage,Safety,Water,visibility on road is poor,water pipe is leaking,Ambattur,6.88,54.5,MEDIUM,MEDIUM,0,0.286,NO_DEPENDENCY,0.187,0
NEG_0928,Air Pollution,Emergency Response Delay,Environment,Emergency,dust and pollution are increasing,emergency vehicles cannot move quickly,Perambur,1.53,72.9,MEDIUM,MEDIUM,11,0.03,NO_DEPENDENCY,0.23,0
NEG_1078,Pothole / Road Damage,Safety Risk,Road,Safety,large pothole on the road,residents feel unsafe,Kodambakkam,4.12,60.5,HIGH,LOW,14,0.138,NO_DEPENDENCY,0.249,0
NEG_0188,Sewer Overflow,Water Leakage,Drainage,Water,sewer water is overflowing,pipeline leak near street,Kodambakkam,0.7,24.6,LOW,LOW,15,0.079,NO_DEPENDENCY,0.318,0
POS_0852,Street Light Failure,Poor Road Visibility,Lighting,Safety,dark street due to light failure,dark road section,Porur,2.66,43.3,CRITICAL,MEDIUM,7,0.725,CAUSES,0.722,1
NEG_0708,Poor Road Visibility,Road Blockage,Safety,Road,visibility on road is poor,vehicle movement is obstructed,Kodambakkam,3.1,89.0,MEDIUM,LOW,13,0.382,NO_DEPENDENCY,0.309,0
POS_0896,Water Leakage,Stagnant Water,Water,Public Health,continuous water leakage,pool of water has remained,Kodambakkam,1.6,27.7,LOW,LOW,9,0.599,CAUSES,0.663,1
POS_0497,Waterlogging,Road Blockage,Flooding,Road,road is flooded,vehicle movement is obstructed,Guindy,2.17,35.9,LOW,CRITICAL,9,0.741,CAUSES,0.694,1
NEG_0806,Street Light Failure,Air Pollution,Lighting,Environment,roadside light has failed,dust and pollution are increasing,Ambattur,5.8,55.4,LOW,MEDIUM,1,0.137,NO_DEPENDENCY,0.163,0
NEG_0283,Garbage Accumulation,Sewer Overflow,Waste,Drainage,waste has built up,sewer water is overflowing,Porur,7.2,13.1,LOW,MEDIUM,4,0.139,NO_DEPENDENCY,0.193,0
POS_0336,Garbage Accumulation,Air Pollution,Waste,Environment,uncollected garbage is present,polluted air reported,Sholinganallur,3.58,15.3,MEDIUM,MEDIUM,4,0.897,CONTRIBUTES_TO,0.659,1
POS_0516,Waterlogging,Road Blockage,Flooding,Road,road is flooded,vehicle movement is obstructed,Royapettah,0.84,45.8,CRITICAL,HIGH,20,0.683,CAUSES,0.804,1
POS_1349,Illegal Dumping,Blocked Drain,Waste,Drainage,unauthorized dumping reported,drain is clogged,Royapettah,2.57,8.7,MEDIUM,CRITICAL,19,0.971,CONTRIBUTES_TO,0.769,1
POS_1016,Garbage Accumulation,Air Pollution,Waste,Environment,garbage has accumulated,air quality is affected,Porur,4.07,47.5,HIGH,LOW,2,0.945,CONTRIBUTES_TO,0.631,1
NEG_1309,Poor Road Visibility,Illegal Dumping,Safety,Waste,dark road section,garbage dumped beside road,Sholinganallur,5.62,25.3,HIGH,HIGH,8,0.022,NO_DEPENDENCY,0.191,0
NEG_1304,Air Pollution,Public Health Risk,Environment,Health,local air pollution observed,sanitation may affect public health,Nungambakkam,0.78,41.8,MEDIUM,HIGH,1,0.283,NO_DEPENDENCY,0.293,0
NEG_0282,Blocked Drain,Safety Risk,Drainage,Safety,drain is clogged,residents feel unsafe,Anna Nagar,2.0,72.6,CRITICAL,HIGH,0,0.048,NO_DEPENDENCY,0.174,0
NEG_0286,Road Blockage,Illegal Dumping,Road,Waste,vehicle movement is obstructed,unauthorized dumping reported,Perambur,3.22,43.3,CRITICAL,HIGH,7,0.133,NO_DEPENDENCY,0.241,0
NEG_0571,Public Health Risk,Water Leakage,Health,Water,sanitation may affect public health,pipeline leak near street,Adyar,0.45,39.4,LOW,MEDIUM,8,0.42,NO_DEPENDENCY,0.376,0
POS_0357,Road Blockage,Traffic Congestion,Road,Traffic,vehicle movement is obstructed,vehicles are queued,Pallavaram,0.34,2.7,HIGH,CRITICAL,15,0.953,CAUSES,0.885,1
NEG_1353,Blocked Drain,Stagnant Water,Drainage,Public Health,rainwater drain is not flowing,stagnant water remains,Guindy,3.47,59.6,MEDIUM,LOW,10,0.243,NO_DEPENDENCY,0.271,0
POS_1313,Waterlogging,Road Blockage,Flooding,Road,heavy waterlogging reported,road is partially blocked,Kodambakkam,1.43,8.9,CRITICAL,LOW,9,0.678,CAUSES,0.812,1
NEG_0136,Waterlogging,Traffic Congestion,Flooding,Traffic,standing rainwater on the street,severe congestion reported,Kodambakkam,4.27,68.2,LOW,LOW,8,0.27,NO_DEPENDENCY,0.25,0
POS_0551,Pothole / Road Damage,Poor Road Visibility,Road,Safety,damaged road section,visibility on road is poor,Velachery,1.67,9.2,HIGH,CRITICAL,11,0.936,CONTRIBUTES_TO,0.717,1
NEG_0889,Safety Risk,Sewer Overflow,Safety,Drainage,residents feel unsafe,sewage overflow reported,Kodambakkam,1.37,36.7,MEDIUM,MEDIUM,7,0.177,NO_DEPENDENCY,0.287,0
NEG_0980,Blocked Drain,Emergency Response Delay,Drainage,Emergency,stormwater drain is blocked,response time is increasing,Tambaram,4.42,47.7,CRITICAL,MEDIUM,7,0.279,NO_DEPENDENCY,0.263,0
NEG_1022,Water Leakage,Illegal Dumping,Water,Waste,damaged water supply line,waste is being dumped illegally,Kodambakkam,7.94,8.7,HIGH,MEDIUM,7,0.197,NO_DEPENDENCY,0.218,0
NEG_0766,Street Light Failure,Safety Risk,Lighting,Safety,roadside light has failed,safety risk reported,Ambattur,2.08,18.3,MEDIUM,MEDIUM,1,0.429,NO_DEPENDENCY,0.337,0
POS_1228,Illegal Dumping,Waterlogging,Waste,Flooding,open dumping observed,heavy waterlogging reported,T Nagar,2.57,12.3,MEDIUM,MEDIUM,6,0.586,CONTRIBUTES_TO,0.603,1
NEG_1323,Safety Risk,Public Health Risk,Safety,Health,residents feel unsafe,possible health hazard,Kodambakkam,6.25,7.0,CRITICAL,MEDIUM,4,0.207,NO_DEPENDENCY,0.233,0
POS_0958,Road Blockage,Traffic Congestion,Road,Traffic,road is partially blocked,traffic flow is disrupted,Kodambakkam,3.71,46.9,CRITICAL,CRITICAL,3,0.771,CAUSES,0.698,1
NEG_0274,Street Light Failure,Safety Risk,Lighting,Safety,street light is not working,risk to pedestrians and vehicles,Nungambakkam,1.28,6.5,CRITICAL,HIGH,14,0.164,NO_DEPENDENCY,0.345,0
NEG_0642,Safety Risk,Garbage Accumulation,Safety,Waste,safety risk reported,uncollected garbage is present,Mylapore,6.62,89.1,CRITICAL,LOW,12,0.045,NO_DEPENDENCY,0.15,0
POS_1009,Stagnant Water,Public Health Risk,Public Health,Health,water is collecting,sanitation may affect public health,Sholinganallur,0.99,10.8,LOW,CRITICAL,20,0.747,CAUSES,0.771,1
POS_1093,Garbage Accumulation,Air Pollution,Waste,Environment,waste has built up,dust and pollution are increasing,Royapettah,0.85,22.5,LOW,HIGH,15,0.683,CONTRIBUTES_TO,0.677,1
NEG_1175,Sewer Overflow,Emergency Response Delay,Drainage,Emergency,sewer line has overflowed,emergency movement is delayed,Adyar,4.83,88.7,LOW,LOW,7,0.115,NO_DEPENDENCY,0.173,0
POS_0997,Pothole / Road Damage,Traffic Congestion,Road,Traffic,large pothole on the road,traffic flow is disrupted,Anna Nagar,4.03,4.9,MEDIUM,CRITICAL,12,0.712,CONTRIBUTES_TO,0.677,1
NEG_0180,Public Health Risk,Emergency Response Delay,Health,Emergency,health risk reported,emergency movement is delayed,T Nagar,3.94,12.0,CRITICAL,CRITICAL,8,0.38,NO_DEPENDENCY,0.335,0
POS_0154,Street Light Failure,Poor Road Visibility,Lighting,Safety,street light is not working,dark road section,Velachery,0.69,20.9,CRITICAL,MEDIUM,8,0.776,CAUSES,0.815,1
NEG_1283,Garbage Accumulation,Water Leakage,Waste,Water,uncollected garbage is present,damaged water supply line,Tambaram,3.04,74.5,MEDIUM,HIGH,10,0.057,NO_DEPENDENCY,0.209,0
POS_0581,Illegal Dumping,Waterlogging,Waste,Flooding,garbage dumped beside road,heavy waterlogging reported,Velachery,2.99,4.1,CRITICAL,HIGH,9,0.69,CONTRIBUTES_TO,0.682,1
POS_1471,Water Leakage,Stagnant Water,Water,Public Health,continuous water leakage,stagnant water remains,Sholinganallur,0.6,22.5,MEDIUM,MEDIUM,6,0.853,CAUSES,0.763,1
POS_0704,Illegal Dumping,Blocked Drain,Waste,Drainage,unauthorized dumping reported,drain is clogged,T Nagar,4.02,15.5,CRITICAL,LOW,5,0.977,CONTRIBUTES_TO,0.74,1
POS_1213,Street Light Failure,Poor Road Visibility,Lighting,Safety,streetlights are off,visibility on road is poor,Anna Nagar,3.94,8.8,HIGH,MEDIUM,7,0.947,CAUSES,0.757,1
POS_0897,Road Blockage,Traffic Congestion,Road,Traffic,vehicle movement is obstructed,vehicles are queued,Anna Nagar,1.59,35.7,CRITICAL,CRITICAL,18,0.963,CAUSES,0.842,1
POS_0488,Sewer Overflow,Stagnant Water,Drainage,Public Health,sewer line has overflowed,water is collecting,Royapettah,0.75,47.9,HIGH,HIGH,12,0.685,CAUSES,0.755,1
POS_0560,Street Light Failure,Poor Road Visibility,Lighting,Safety,dark street due to light failure,low visibility reported,Sholinganallur,2.54,47.0,LOW,MEDIUM,10,0.508,CAUSES,0.609,1
POS_1142,Water Leakage,Stagnant Water,Water,Public Health,water pipe is leaking,water is collecting,Velachery,2.27,46.1,CRITICAL,LOW,15,0.575,CAUSES,0.706,1
POS_1120,Traffic Congestion,Emergency Response Delay,Traffic,Emergency,severe congestion reported,emergency access is difficult,Mylapore,3.79,31.9,LOW,MEDIUM,2,0.915,CAUSES,0.644,1
POS_0513,Road Blockage,Traffic Congestion,Road,Traffic,vehicle movement is obstructed,severe congestion reported,Anna Nagar,3.52,5.6,HIGH,MEDIUM,20,0.548,CAUSES,0.733,1
POS_0634,Illegal Dumping,Waterlogging,Waste,Flooding,waste is being dumped illegally,road is flooded,Ambattur,4.45,25.5,CRITICAL,LOW,19,0.628,CONTRIBUTES_TO,0.628,1
NEG_1085,Stagnant Water,Poor Road Visibility,Public Health,Safety,stagnant water remains,dark road section,Sholinganallur,1.91,72.3,CRITICAL,CRITICAL,12,0.181,NO_DEPENDENCY,0.275,0
NEG_0165,Garbage Accumulation,Poor Road Visibility,Waste,Safety,uncollected garbage is present,visibility on road is poor,Velachery,5.88,86.5,MEDIUM,MEDIUM,0,0.393,NO_DEPENDENCY,0.208,0
POS_1013,Waterlogging,Road Blockage,Flooding,Road,water has accumulated on the road,road is partially blocked,Pallavaram,3.74,20.2,HIGH,CRITICAL,11,0.61,CAUSES,0.705,1
NEG_0432,Emergency Response Delay,Street Light Failure,Emergency,Lighting,response time is increasing,dark street due to light failure,Tambaram,6.27,13.0,CRITICAL,MEDIUM,13,0.411,NO_DEPENDENCY,0.333,0
POS_1151,Stagnant Water,Public Health Risk,Public Health,Health,water is collecting,sanitation may affect public health,Ambattur,0.73,35.2,LOW,MEDIUM,9,0.598,CAUSES,0.686,1
NEG_1306,Water Leakage,Emergency Response Delay,Water,Emergency,continuous water leakage,emergency movement is delayed,Mylapore,7.51,76.5,CRITICAL,LOW,15,0.262,NO_DEPENDENCY,0.227,0
POS_0117,Pothole / Road Damage,Poor Road Visibility,Road,Safety,multiple potholes reported,low visibility reported,Royapettah,0.41,29.4,HIGH,CRITICAL,9,0.485,CONTRIBUTES_TO,0.625,1
POS_0741,Street Light Failure,Poor Road Visibility,Lighting,Safety,dark street due to light failure,drivers cannot see clearly,Thiruvanmiyur,3.36,43.7,MEDIUM,CRITICAL,9,0.454,CAUSES,0.605,1
NEG_1264,Road Blockage,Illegal Dumping,Road,Waste,traffic lane is obstructed,unauthorized dumping reported,Nungambakkam,6.41,18.5,CRITICAL,MEDIUM,15,0.157,NO_DEPENDENCY,0.261,0
NEG_0475,Traffic Congestion,Street Light Failure,Traffic,Lighting,vehicles are queued,roadside light has failed,Velachery,1.02,38.1,LOW,MEDIUM,8,0.378,NO_DEPENDENCY,0.356,0
POS_1082,Pothole / Road Damage,Traffic Congestion,Road,Traffic,multiple potholes reported,vehicles are queued,Porur,4.23,10.3,MEDIUM,CRITICAL,12,0.824,CONTRIBUTES_TO,0.687,1
NEG_0311,Safety Risk,Garbage Accumulation,Safety,Waste,residents feel unsafe,garbage has accumulated,Porur,3.25,20.5,MEDIUM,CRITICAL,6,0.152,NO_DEPENDENCY,0.26,0
POS_0831,Blocked Drain,Waterlogging,Drainage,Flooding,rainwater drain is not flowing,road is flooded,Adyar,1.9,5.6,MEDIUM,MEDIUM,18,0.623,CAUSES,0.794,1
POS_0120,Sewer Overflow,Stagnant Water,Drainage,Public Health,sewer line has overflowed,standing water is not clearing,T Nagar,4.16,3.7,CRITICAL,LOW,3,0.891,CAUSES,0.775,1
POS_0657,Illegal Dumping,Waterlogging,Waste,Flooding,unauthorized dumping reported,water has accumulated on the road,Nungambakkam,2.38,32.6,CRITICAL,LOW,13,0.513,CONTRIBUTES_TO,0.632,1
NEG_1233,Road Blockage,Stagnant Water,Road,Public Health,traffic lane is obstructed,stagnant water remains,Tambaram,6.72,9.6,HIGH,HIGH,12,0.448,NO_DEPENDENCY,0.336,0
NEG_1193,Stagnant Water,Pothole / Road Damage,Public Health,Road,standing water is not clearing,multiple potholes reported,Royapettah,4.07,13.4,MEDIUM,MEDIUM,13,0.421,NO_DEPENDENCY,0.369,0
NEG_1433,Water Leakage,Garbage Accumulation,Water,Waste,continuous water leakage,waste has built up,Anna Nagar,6.11,64.9,LOW,LOW,3,0.077,NO_DEPENDENCY,0.142,0
POS_0636,Blocked Drain,Waterlogging,Drainage,Flooding,stormwater drain is blocked,water has accumulated on the road,Guindy,3.71,14.8,CRITICAL,MEDIUM,16,0.76,CAUSES,0.809,1
POS_0370,Illegal Dumping,Waterlogging,Waste,Flooding,garbage dumped beside road,water has accumulated on the road,Mylapore,4.15,5.9,LOW,HIGH,2,0.668,CONTRIBUTES_TO,0.554,1
POS_0269,Road Blockage,Traffic Congestion,Road,Traffic,traffic lane is obstructed,vehicles are queued,Nungambakkam,2.62,13.3,LOW,LOW,15,0.67,CAUSES,0.707,1
POS_0047,Road Blockage,Traffic Congestion,Road,Traffic,vehicle movement is obstructed,traffic flow is disrupted,Pallavaram,0.16,12.1,CRITICAL,CRITICAL,3,0.702,CAUSES,0.821,1
POS_0992,Pothole / Road Damage,Poor Road Visibility,Road,Safety,multiple potholes reported,drivers cannot see clearly,Sholinganallur,1.47,8.0,LOW,CRITICAL,5,0.572,CONTRIBUTES_TO,0.586,1
POS_0877,Poor Road Visibility,Safety Risk,Safety,Safety,visibility on road is poor,safety risk reported,Sholinganallur,1.79,3.9,MEDIUM,CRITICAL,10,0.835,CONTRIBUTES_TO,0.738,1
POS_0774,Pothole / Road Damage,Poor Road Visibility,Road,Safety,large pothole on the road,dark road section,Mylapore,0.91,0.9,HIGH,MEDIUM,9,0.844,CONTRIBUTES_TO,0.724,1
POS_1220,Garbage Accumulation,Public Health Risk,Waste,Health,large pile of waste reported,possible health hazard,Porur,1.36,21.6,HIGH,LOW,9,0.867,CAUSES,0.785,1
POS_1127,Blocked Drain,Waterlogging,Drainage,Flooding,blocked drainage outlet,standing rainwater on the street,Royapettah,1.34,24.6,LOW,HIGH,14,0.922,CAUSES,0.807,1
POS_0005,Garbage Accumulation,Air Pollution,Waste,Environment,large pile of waste reported,local air pollution observed,Velachery,2.85,42.6,LOW,LOW,7,0.642,CONTRIBUTES_TO,0.57,1
NEG_0096,Blocked Drain,Street Light Failure,Drainage,Lighting,stormwater drain is blocked,roadside light has failed,Mylapore,4.1,31.1,MEDIUM,MEDIUM,6,0.286,NO_DEPENDENCY,0.278,0
NEG_0812,Stagnant Water,Traffic Congestion,Public Health,Traffic,standing water is not clearing,traffic flow is disrupted,T Nagar,0.78,7.8,CRITICAL,LOW,3,0.226,NO_DEPENDENCY,0.315,0
NEG_0992,Air Pollution,Poor Road Visibility,Environment,Safety,local air pollution observed,visibility on road is poor,Thiruvanmiyur,2.37,70.9,MEDIUM,HIGH,4,0.28,NO_DEPENDENCY,0.259,0
POS_1078,Street Light Failure,Poor Road Visibility,Lighting,Safety,streetlights are off,dark road section,Perambur,0.61,33.8,CRITICAL,LOW,4,0.741,CAUSES,0.782,1
POS_0838,Road Blockage,Traffic Congestion,Road,Traffic,vehicle movement is obstructed,vehicles are queued,Sholinganallur,1.72,31.0,CRITICAL,HIGH,20,0.576,CAUSES,0.773,1
POS_0682,Poor Road Visibility,Safety Risk,Safety,Safety,drivers cannot see clearly,safety risk reported,Adyar,3.64,16.1,MEDIUM,CRITICAL,13,0.76,CONTRIBUTES_TO,0.667,1
NEG_0216,Air Pollution,Pothole / Road Damage,Environment,Road,air quality is affected,damaged road section,Velachery,2.12,89.3,HIGH,LOW,1,0.402,NO_DEPENDENCY,0.269,0
NEG_0853,Blocked Drain,Emergency Response Delay,Drainage,Emergency,stormwater drain is blocked,emergency access is difficult,Thiruvanmiyur,6.39,34.3,MEDIUM,MEDIUM,6,0.366,NO_DEPENDENCY,0.265,0
NEG_0862,Street Light Failure,Garbage Accumulation,Lighting,Waste,roadside light has failed,waste has built up,Royapettah,4.98,13.9,LOW,CRITICAL,8,0.226,NO_DEPENDENCY,0.272,0
NEG_0698,Stagnant Water,Traffic Congestion,Public Health,Traffic,pool of water has remained,severe congestion reported,Thiruvanmiyur,6.15,78.7,CRITICAL,MEDIUM,14,0.422,NO_DEPENDENCY,0.289,0
POS_1149,Blocked Drain,Waterlogging,Drainage,Flooding,stormwater drain is blocked,heavy waterlogging reported,Ambattur,2.83,28.7,MEDIUM,HIGH,18,0.485,CAUSES,0.711,1
POS_0575,Illegal Dumping,Blocked Drain,Waste,Drainage,garbage dumped beside road,rainwater drain is not flowing,Kodambakkam,3.09,19.0,CRITICAL,LOW,17,0.589,CONTRIBUTES_TO,0.711,1
POS_0051,Street Light Failure,Poor Road Visibility,Lighting,Safety,roadside light has failed,drivers cannot see clearly,Kodambakkam,1.32,13.4,LOW,MEDIUM,18,0.619,CAUSES,0.728,1
POS_0854,Pothole / Road Damage,Traffic Congestion,Road,Traffic,damaged road section,traffic is moving slowly,Adyar,3.38,44.7,LOW,MEDIUM,10,0.661,CONTRIBUTES_TO,0.598,1
NEG_0483,Sewer Overflow,Waterlogging,Drainage,Flooding,sewer line has overflowed,heavy waterlogging reported,Tambaram,7.94,81.1,HIGH,LOW,5,0.361,NO_DEPENDENCY,0.197,0
NEG_0324,Stagnant Water,Safety Risk,Public Health,Safety,standing water is not clearing,area has become unsafe,Anna Nagar,2.61,69.5,MEDIUM,CRITICAL,13,0.044,NO_DEPENDENCY,0.231,0
POS_0834,Poor Road Visibility,Safety Risk,Safety,Safety,visibility on road is poor,residents feel unsafe,Kodambakkam,2.71,47.2,MEDIUM,HIGH,18,0.504,CONTRIBUTES_TO,0.608,1
POS_1116,Illegal Dumping,Waterlogging,Waste,Flooding,unauthorized dumping reported,road is flooded,Porur,3.75,1.7,CRITICAL,CRITICAL,19,0.558,CONTRIBUTES_TO,0.665,1
POS_1167,Road Blockage,Traffic Congestion,Road,Traffic,road is partially blocked,traffic flow is disrupted,Velachery,1.46,30.3,LOW,MEDIUM,6,0.461,CAUSES,0.648,1
NEG_1019,Stagnant Water,Street Light Failure,Public Health,Lighting,pool of water has remained,streetlights are off,T Nagar,7.29,62.7,MEDIUM,CRITICAL,13,0.356,NO_DEPENDENCY,0.26,0
NEG_0407,Waterlogging,Traffic Congestion,Flooding,Traffic,water has accumulated on the road,vehicles are queued,Perambur,7.03,41.7,LOW,LOW,5,0.029,NO_DEPENDENCY,0.143,0
POS_0972,Pothole / Road Damage,Traffic Congestion,Road,Traffic,large pothole on the road,vehicles are queued,Thiruvanmiyur,1.72,27.6,CRITICAL,CRITICAL,8,0.903,CONTRIBUTES_TO,0.781,1
POS_0400,Pothole / Road Damage,Poor Road Visibility,Road,Safety,damaged road section,low visibility reported,Kodambakkam,2.29,14.3,LOW,HIGH,20,0.814,CONTRIBUTES_TO,0.643,1
NEG_1060,Sewer Overflow,Safety Risk,Drainage,Safety,sewage overflow reported,residents feel unsafe,Pallavaram,5.18,18.0,MEDIUM,LOW,12,0.356,NO_DEPENDENCY,0.324,0
NEG_0869,Pothole / Road Damage,Water Leakage,Road,Water,multiple potholes reported,continuous water leakage,Velachery,7.57,71.5,MEDIUM,HIGH,14,0.322,NO_DEPENDENCY,0.243,0
POS_0020,Traffic Congestion,Emergency Response Delay,Traffic,Emergency,traffic flow is disrupted,emergency access is difficult,Thiruvanmiyur,3.54,38.9,CRITICAL,HIGH,4,0.551,CAUSES,0.648,1
POS_0685,Sewer Overflow,Stagnant Water,Drainage,Public Health,dirty wastewater is spreading,pool of water has remained,Nungambakkam,4.35,29.3,MEDIUM,HIGH,2,0.896,CAUSES,0.683,1
POS_0036,Poor Road Visibility,Safety Risk,Safety,Safety,drivers cannot see clearly,risk to pedestrians and vehicles,Anna Nagar,2.54,42.0,MEDIUM,MEDIUM,5,0.966,CONTRIBUTES_TO,0.68,1
NEG_1330,Safety Risk,Stagnant Water,Safety,Public Health,safety risk reported,standing water is not clearing,Royapettah,1.01,91.2,LOW,HIGH,9,0.223,NO_DEPENDENCY,0.271,0
POS_0525,Blocked Drain,Waterlogging,Drainage,Flooding,drain is clogged,road is flooded,Thiruvanmiyur,2.09,41.1,CRITICAL,MEDIUM,1,0.738,CAUSES,0.771,1
NEG_0956,Waterlogging,Stagnant Water,Flooding,Public Health,water has accumulated on the road,pool of water has remained,Anna Nagar,5.29,16.7,CRITICAL,LOW,15,0.442,NO_DEPENDENCY,0.364,0
POS_0921,Waterlogging,Road Blockage,Flooding,Road,standing rainwater on the street,road is partially blocked,Mylapore,3.03,32.9,HIGH,HIGH,5,0.858,CAUSES,0.74,1
NEG_0342,Air Pollution,Poor Road Visibility,Environment,Safety,polluted air reported,dark road section,Adyar,6.43,8.3,HIGH,CRITICAL,1,0.299,NO_DEPENDENCY,0.241,0
NEG_0391,Blocked Drain,Emergency Response Delay,Drainage,Emergency,rainwater drain is not flowing,emergency movement is delayed,Tambaram,4.12,50.7,LOW,HIGH,10,0.239,NO_DEPENDENCY,0.268,0
POS_0538,Poor Road Visibility,Safety Risk,Safety,Safety,dark road section,risk to pedestrians and vehicles,Tambaram,4.13,38.3,HIGH,LOW,5,0.485,CONTRIBUTES_TO,0.574,1
NEG_0206,Emergency Response Delay,Blocked Drain,Emergency,Drainage,emergency vehicles cannot move quickly,stormwater drain is blocked,Royapettah,4.12,55.9,HIGH,CRITICAL,7,0.359,NO_DEPENDENCY,0.284,0
NEG_1432,Street Light Failure,Garbage Accumulation,Lighting,Waste,dark street due to light failure,garbage has accumulated,Royapettah,5.88,15.9,MEDIUM,HIGH,6,0.205,NO_DEPENDENCY,0.24,0
POS_0246,Illegal Dumping,Waterlogging,Waste,Flooding,garbage dumped beside road,heavy waterlogging reported,Ambattur,3.6,40.0,CRITICAL,MEDIUM,14,0.487,CONTRIBUTES_TO,0.589,1
POS_0785,Garbage Accumulation,Air Pollution,Waste,Environment,waste has built up,polluted air reported,Royapettah,1.75,5.1,LOW,CRITICAL,8,0.849,CONTRIBUTES_TO,0.694,1
POS_1410,Blocked Drain,Waterlogging,Drainage,Flooding,stormwater drain is blocked,road is flooded,Velachery,0.55,34.9,HIGH,HIGH,19,0.691,CAUSES,0.828,1
NEG_1038,Water Leakage,Public Health Risk,Water,Health,pipeline leak near street,disease risk is increasing,Royapettah,3.7,88.8,CRITICAL,LOW,13,0.24,NO_DEPENDENCY,0.257,0
POS_0155,Water Leakage,Stagnant Water,Water,Public Health,water pipe is leaking,water is collecting,Nungambakkam,2.47,37.9,CRITICAL,CRITICAL,1,0.719,CAUSES,0.706,1
NEG_0187,Street Light Failure,Road Blockage,Lighting,Road,dark street due to light failure,vehicle movement is obstructed,Velachery,6.62,88.4,CRITICAL,CRITICAL,8,0.209,NO_DEPENDENCY,0.18,0
POS_0626,Illegal Dumping,Waterlogging,Waste,Flooding,unauthorized dumping reported,road is flooded,Sholinganallur,2.45,8.2,CRITICAL,CRITICAL,1,0.61,CONTRIBUTES_TO,0.654,1
NEG_1377,Road Blockage,Pothole / Road Damage,Road,Road,road is partially blocked,damaged road section,Sholinganallur,7.42,36.4,CRITICAL,HIGH,11,0.206,NO_DEPENDENCY,0.225,0
POS_1347,Sewer Overflow,Stagnant Water,Drainage,Public Health,dirty wastewater is spreading,stagnant water remains,Perambur,1.42,19.2,CRITICAL,HIGH,18,0.699,CAUSES,0.821,1
POS_0570,Sewer Overflow,Stagnant Water,Drainage,Public Health,sewage overflow reported,stagnant water remains,Ambattur,4.46,38.9,CRITICAL,LOW,10,0.781,CAUSES,0.714,1
NEG_1434,Blocked Drain,Public Health Risk,Drainage,Health,drain is clogged,possible health hazard,T Nagar,0.56,25.1,CRITICAL,CRITICAL,1,0.244,NO_DEPENDENCY,0.299,0
NEG_0259,Road Blockage,Public Health Risk,Road,Health,vehicle movement is obstructed,health risk reported,Nungambakkam,0.62,68.5,HIGH,HIGH,8,0.448,NO_DEPENDENCY,0.358,0
NEG_0317,Street Light Failure,Blocked Drain,Lighting,Drainage,dark street due to light failure,blocked drainage outlet,Thiruvanmiyur,3.12,69.6,CRITICAL,HIGH,14,0.179,NO_DEPENDENCY,0.269,0
NEG_0566,Waterlogging,Pothole / Road Damage,Flooding,Road,heavy waterlogging reported,large pothole on the road,Tambaram,1.57,11.7,MEDIUM,MEDIUM,0,0.203,NO_DEPENDENCY,0.278,0
POS_0128,Traffic Congestion,Emergency Response Delay,Traffic,Emergency,vehicles are queued,response time is increasing,Sholinganallur,1.81,29.0,MEDIUM,MEDIUM,10,0.454,CAUSES,0.65,1
NEG_1478,Poor Road Visibility,Illegal Dumping,Safety,Waste,visibility on road is poor,waste is being dumped illegally,Porur,3.62,49.2,LOW,CRITICAL,15,0.362,NO_DEPENDENCY,0.338,0
NEG_0507,Illegal Dumping,Stagnant Water,Waste,Public Health,waste is being dumped illegally,stagnant water remains,Sholinganallur,1.91,42.8,CRITICAL,LOW,7,0.403,NO_DEPENDENCY,0.342,0
POS_0981,Garbage Accumulation,Air Pollution,Waste,Environment,large pile of waste reported,polluted air reported,Adyar,1.46,38.1,LOW,CRITICAL,9,0.807,CONTRIBUTES_TO,0.649,1
NEG_1475,Street Light Failure,Blocked Drain,Lighting,Drainage,streetlights are off,rainwater drain is not flowing,Perambur,0.98,23.0,LOW,MEDIUM,0,0.155,NO_DEPENDENCY,0.263,0
POS_0191,Stagnant Water,Public Health Risk,Public Health,Health,pool of water has remained,possible health hazard,Pallavaram,2.2,46.0,MEDIUM,HIGH,10,0.598,CAUSES,0.662,1
POS_1140,Waterlogging,Road Blockage,Flooding,Road,road is flooded,road is partially blocked,Royapettah,0.68,29.8,MEDIUM,LOW,19,0.701,CAUSES,0.781,1
POS_0993,Traffic Congestion,Emergency Response Delay,Traffic,Emergency,traffic is moving slowly,emergency access is difficult,Anna Nagar,0.46,1.7,MEDIUM,LOW,19,0.456,CAUSES,0.745,1
POS_0700,Garbage Accumulation,Public Health Risk,Waste,Health,uncollected garbage is present,disease risk is increasing,Porur,4.19,22.9,LOW,LOW,20,0.638,CAUSES,0.644,1
POS_0607,Road Blockage,Traffic Congestion,Road,Traffic,vehicle movement is obstructed,severe congestion reported,Mylapore,0.54,22.6,MEDIUM,HIGH,11,0.672,CAUSES,0.761,1
POS_0181,Water Leakage,Stagnant Water,Water,Public Health,damaged water supply line,water is collecting,Porur,2.08,11.9,LOW,HIGH,2,0.759,CAUSES,0.687,1
POS_0302,Street Light Failure,Poor Road Visibility,Lighting,Safety,street light is not working,low visibility reported,Thiruvanmiyur,1.15,17.4,HIGH,MEDIUM,10,0.722,CAUSES,0.777,1
NEG_1045,Road Blockage,Illegal Dumping,Road,Waste,traffic lane is obstructed,open dumping observed,Porur,7.34,66.1,CRITICAL,HIGH,13,0.345,NO_DEPENDENCY,0.253,0
NEG_1276,Emergency Response Delay,Poor Road Visibility,Emergency,Safety,emergency movement is delayed,low visibility reported,Royapettah,7.66,4.8,CRITICAL,MEDIUM,13,0.281,NO_DEPENDENCY,0.28,0
POS_1061,Pothole / Road Damage,Traffic Congestion,Road,Traffic,damaged road section,severe congestion reported,Ambattur,3.54,31.8,CRITICAL,CRITICAL,3,0.939,CONTRIBUTES_TO,0.725,1
NEG_1320,Illegal Dumping,Garbage Accumulation,Waste,Waste,open dumping observed,garbage has accumulated,Royapettah,5.69,36.4,HIGH,CRITICAL,4,0.269,NO_DEPENDENCY,0.235,0
NEG_1379,Water Leakage,Illegal Dumping,Water,Waste,continuous water leakage,garbage dumped beside road,Guindy,3.04,85.7,MEDIUM,HIGH,2,0.381,NO_DEPENDENCY,0.257,0
NEG_1066,Stagnant Water,Blocked Drain,Public Health,Drainage,pool of water has remained,drain is clogged,T Nagar,5.8,4.2,CRITICAL,CRITICAL,10,0.394,NO_DEPENDENCY,0.328,0
POS_1070,Stagnant Water,Public Health Risk,Public Health,Health,stagnant water remains,sanitation may affect public health,Anna Nagar,0.4,37.7,CRITICAL,MEDIUM,4,0.608,CAUSES,0.755,1
NEG_1025,Street Light Failure,Air Pollution,Lighting,Environment,roadside light has failed,polluted air reported,Perambur,3.9,85.8,MEDIUM,LOW,13,0.187,NO_DEPENDENCY,0.241,0
NEG_0706,Stagnant Water,Road Blockage,Public Health,Road,water is collecting,road is partially blocked,T Nagar,5.07,76.8,LOW,LOW,9,0.078,NO_DEPENDENCY,0.178,0
POS_1244,Waterlogging,Road Blockage,Flooding,Road,standing rainwater on the street,vehicle movement is obstructed,Velachery,2.15,42.3,MEDIUM,MEDIUM,14,0.489,CAUSES,0.672,1
POS_0017,Pothole / Road Damage,Poor Road Visibility,Road,Safety,damaged road section,low visibility reported,Adyar,2.45,35.2,CRITICAL,HIGH,10,0.557,CONTRIBUTES_TO,0.608,1
NEG_1481,Waterlogging,Poor Road Visibility,Flooding,Safety,standing rainwater on the street,low visibility reported,Guindy,1.86,84.0,CRITICAL,HIGH,15,0.051,NO_DEPENDENCY,0.242,0
POS_0547,Stagnant Water,Public Health Risk,Public Health,Health,standing water is not clearing,health risk reported,Pallavaram,1.14,3.9,CRITICAL,LOW,11,0.775,CAUSES,0.835,1
POS_0659,Poor Road Visibility,Safety Risk,Safety,Safety,dark road section,safety risk reported,Thiruvanmiyur,3.56,31.1,CRITICAL,CRITICAL,16,0.662,CONTRIBUTES_TO,0.686,1
NEG_1205,Traffic Congestion,Waterlogging,Traffic,Flooding,vehicles are queued,heavy waterlogging reported,Velachery,3.51,35.3,CRITICAL,MEDIUM,11,0.04,NO_DEPENDENCY,0.235,0
NEG_1236,Street Light Failure,Air Pollution,Lighting,Environment,street light is not working,polluted air reported,Pallavaram,1.03,94.9,CRITICAL,LOW,14,0.416,NO_DEPENDENCY,0.35,0
NEG_0005,Illegal Dumping,Garbage Accumulation,Waste,Waste,unauthorized dumping reported,uncollected garbage is present,Royapettah,1.66,48.8,HIGH,CRITICAL,12,0.303,NO_DEPENDENCY,0.335,0
POS_0960,Blocked Drain,Waterlogging,Drainage,Flooding,drain is clogged,heavy waterlogging reported,T Nagar,1.12,8.2,LOW,HIGH,7,0.506,CAUSES,0.734,1
NEG_0832,Stagnant Water,Traffic Congestion,Public Health,Traffic,pool of water has remained,traffic flow is disrupted,Royapettah,2.55,59.6,LOW,HIGH,4,0.395,NO_DEPENDENCY,0.301,0
POS_0798,Poor Road Visibility,Safety Risk,Safety,Safety,visibility on road is poor,safety risk reported,Porur,0.89,25.8,CRITICAL,MEDIUM,11,0.818,CONTRIBUTES_TO,0.779,1
POS_0226,Garbage Accumulation,Air Pollution,Waste,Environment,garbage has accumulated,dust and pollution are increasing,Thiruvanmiyur,3.02,36.8,LOW,MEDIUM,8,0.669,CONTRIBUTES_TO,0.582,1
NEG_0575,Blocked Drain,Public Health Risk,Drainage,Health,rainwater drain is not flowing,sanitation may affect public health,Royapettah,5.84,49.5,LOW,CRITICAL,9,0.255,NO_DEPENDENCY,0.243,0
NEG_0300,Emergency Response Delay,Road Blockage,Emergency,Road,emergency vehicles cannot move quickly,vehicle movement is obstructed,Guindy,5.83,46.8,MEDIUM,HIGH,5,0.021,NO_DEPENDENCY,0.155,0
NEG_0986,Traffic Congestion,Safety Risk,Traffic,Safety,traffic is moving slowly,risk to pedestrians and vehicles,Perambur,7.75,42.7,CRITICAL,MEDIUM,10,0.232,NO_DEPENDENCY,0.218,0
NEG_1463,Waterlogging,Street Light Failure,Flooding,Lighting,standing rainwater on the street,streetlights are off,Adyar,6.57,65.1,LOW,CRITICAL,15,0.278,NO_DEPENDENCY,0.256,0
NEG_0778,Air Pollution,Traffic Congestion,Environment,Traffic,dust and pollution are increasing,traffic flow is disrupted,Pallavaram,0.87,21.4,LOW,HIGH,2,0.056,NO_DEPENDENCY,0.246,0
NEG_0586,Illegal Dumping,Public Health Risk,Waste,Health,waste is being dumped illegally,possible health hazard,Anna Nagar,2.68,64.8,HIGH,CRITICAL,12,0.239,NO_DEPENDENCY,0.288,0
NEG_0194,Traffic Congestion,Water Leakage,Traffic,Water,severe congestion reported,water pipe is leaking,Perambur,3.68,3.4,MEDIUM,CRITICAL,8,0.326,NO_DEPENDENCY,0.33,0
POS_1046,Pothole / Road Damage,Traffic Congestion,Road,Traffic,damaged road section,traffic is moving slowly,Guindy,0.43,27.4,MEDIUM,CRITICAL,18,0.783,CONTRIBUTES_TO,0.765,1
POS_0470,Garbage Accumulation,Public Health Risk,Waste,Health,waste has built up,possible health hazard,Perambur,0.41,36.2,CRITICAL,LOW,9,0.527,CAUSES,0.745,1
POS_0955,Illegal Dumping,Waterlogging,Waste,Flooding,unauthorized dumping reported,heavy waterlogging reported,Anna Nagar,3.53,33.5,LOW,LOW,5,0.602,CONTRIBUTES_TO,0.525,1
NEG_1477,Traffic Congestion,Air Pollution,Traffic,Environment,traffic is moving slowly,air quality is affected,Mylapore,7.32,60.8,HIGH,HIGH,1,0.331,NO_DEPENDENCY,0.194,0
POS_0640,Illegal Dumping,Waterlogging,Waste,Flooding,garbage dumped beside road,water has accumulated on the road,Porur,3.96,6.9,HIGH,CRITICAL,9,0.537,CONTRIBUTES_TO,0.598,1
NEG_1279,Traffic Congestion,Public Health Risk,Traffic,Health,vehicles are queued,health risk reported,Adyar,3.38,15.4,LOW,MEDIUM,5,0.427,NO_DEPENDENCY,0.34,0
POS_1219,Pothole / Road Damage,Poor Road Visibility,Road,Safety,damaged road section,drivers cannot see clearly,Ambattur,1.13,23.4,LOW,CRITICAL,11,0.59,CONTRIBUTES_TO,0.592,1
POS_1159,Stagnant Water,Public Health Risk,Public Health,Health,pool of water has remained,health risk reported,Anna Nagar,1.26,31.2,LOW,HIGH,13,0.79,CAUSES,0.727,1
POS_1416,Illegal Dumping,Waterlogging,Waste,Flooding,open dumping observed,water has accumulated on the road,Ambattur,4.43,36.9,CRITICAL,HIGH,16,0.528,CONTRIBUTES_TO,0.586,1
NEG_1214,Sewer Overflow,Waterlogging,Drainage,Flooding,sewer line has overflowed,road is flooded,T Nagar,4.27,77.1,MEDIUM,CRITICAL,10,0.087,NO_DEPENDENCY,0.198,0
NEG_0028,Water Leakage,Safety Risk,Water,Safety,water pipe is leaking,area has become unsafe,Adyar,7.05,10.7,MEDIUM,LOW,1,0.163,NO_DEPENDENCY,0.189,0
NEG_1422,Blocked Drain,Public Health Risk,Drainage,Health,rainwater drain is not flowing,health risk reported,Mylapore,4.54,90.9,HIGH,CRITICAL,9,0.074,NO_DEPENDENCY,0.173,0
POS_1301,Traffic Congestion,Emergency Response Delay,Traffic,Emergency,severe congestion reported,emergency vehicles cannot move quickly,Thiruvanmiyur,2.49,32.2,MEDIUM,MEDIUM,16,0.595,CAUSES,0.672,1
NEG_1367,Safety Risk,Air Pollution,Safety,Environment,residents feel unsafe,local air pollution observed,Sholinganallur,7.31,31.3,LOW,MEDIUM,8,0.09,NO_DEPENDENCY,0.181,0
NEG_0104,Road Blockage,Blocked Drain,Road,Drainage,vehicle movement is obstructed,blocked drainage outlet,Anna Nagar,1.11,94.1,LOW,LOW,6,0.186,NO_DEPENDENCY,0.241,0
POS_0161,Poor Road Visibility,Safety Risk,Safety,Safety,visibility on road is poor,area has become unsafe,Sholinganallur,0.42,20.7,HIGH,HIGH,6,0.678,CONTRIBUTES_TO,0.732,1
NEG_0205,Road Blockage,Public Health Risk,Road,Health,vehicle movement is obstructed,disease risk is increasing,Ambattur,0.29,54.7,MEDIUM,HIGH,4,0.064,NO_DEPENDENCY,0.239,0
POS_0957,Pothole / Road Damage,Traffic Congestion,Road,Traffic,large pothole on the road,severe congestion reported,Kodambakkam,4.38,25.3,MEDIUM,CRITICAL,5,0.968,CONTRIBUTES_TO,0.673,1
NEG_1416,Traffic Congestion,Waterlogging,Traffic,Flooding,vehicles are queued,standing rainwater on the street,Perambur,1.67,77.5,MEDIUM,HIGH,0,0.36,NO_DEPENDENCY,0.268,0
POS_0878,Poor Road Visibility,Safety Risk,Safety,Safety,drivers cannot see clearly,risk to pedestrians and vehicles,Pallavaram,3.57,41.6,CRITICAL,MEDIUM,10,0.479,CONTRIBUTES_TO,0.62,1
NEG_0420,Poor Road Visibility,Water Leakage,Safety,Water,visibility on road is poor,damaged water supply line,Porur,7.91,30.6,CRITICAL,LOW,12,0.349,NO_DEPENDENCY,0.271,0
NEG_0385,Public Health Risk,Air Pollution,Health,Environment,possible health hazard,air quality is affected,Velachery,2.14,19.6,MEDIUM,LOW,2,0.267,NO_DEPENDENCY,0.292,0
NEG_0701,Water Leakage,Public Health Risk,Water,Health,pipeline leak near street,health risk reported,Sholinganallur,5.35,58.8,CRITICAL,HIGH,0,0.246,NO_DEPENDENCY,0.195,0
POS_0099,Illegal Dumping,Blocked Drain,Waste,Drainage,garbage dumped beside road,stormwater drain is blocked,T Nagar,2.6,27.8,LOW,CRITICAL,10,0.976,CONTRIBUTES_TO,0.696,1
NEG_1328,Road Blockage,Poor Road Visibility,Road,Safety,traffic lane is obstructed,visibility on road is poor,Adyar,3.31,3.7,HIGH,LOW,2,0.268,NO_DEPENDENCY,0.288,0
NEG_1058,Traffic Congestion,Blocked Drain,Traffic,Drainage,traffic is moving slowly,stormwater drain is blocked,Guindy,3.47,11.8,CRITICAL,LOW,12,0.319,NO_DEPENDENCY,0.344,0
POS_0254,Sewer Overflow,Stagnant Water,Drainage,Public Health,sewer line has overflowed,water is collecting,Thiruvanmiyur,3.61,44.7,MEDIUM,MEDIUM,17,0.842,CAUSES,0.707,1
POS_0104,Road Blockage,Traffic Congestion,Road,Traffic,traffic lane is obstructed,traffic is moving slowly,Ambattur,3.41,11.2,HIGH,LOW,13,0.808,CAUSES,0.762,1
POS_1446,Illegal Dumping,Blocked Drain,Waste,Drainage,garbage dumped beside road,stormwater drain is blocked,Pallavaram,3.42,40.4,MEDIUM,CRITICAL,18,0.762,CONTRIBUTES_TO,0.66,1
POS_1444,Illegal Dumping,Waterlogging,Waste,Flooding,waste is being dumped illegally,standing rainwater on the street,Ambattur,3.49,21.1,LOW,MEDIUM,3,0.466,CONTRIBUTES_TO,0.511,1
NEG_0149,Garbage Accumulation,Waterlogging,Waste,Flooding,garbage has accumulated,heavy waterlogging reported,Perambur,4.3,77.7,MEDIUM,MEDIUM,3,0.094,NO_DEPENDENCY,0.164,0
POS_0587,Stagnant Water,Public Health Risk,Public Health,Health,stagnant water remains,sanitation may affect public health,Sholinganallur,2.43,47.6,CRITICAL,LOW,10,0.627,CAUSES,0.71,1
POS_0628,Garbage Accumulation,Public Health Risk,Waste,Health,garbage has accumulated,disease risk is increasing,Mylapore,3.12,35.3,LOW,HIGH,5,0.927,CAUSES,0.674,1
NEG_0197,Road Blockage,Public Health Risk,Road,Health,traffic lane is obstructed,sanitation may affect public health,Porur,7.71,70.7,LOW,LOW,9,0.251,NO_DEPENDENCY,0.196,0
NEG_0602,Waterlogging,Garbage Accumulation,Flooding,Waste,road is flooded,uncollected garbage is present,Kodambakkam,7.73,89.6,LOW,HIGH,15,0.082,NO_DEPENDENCY,0.159,0
NEG_0700,Blocked Drain,Water Leakage,Drainage,Water,drain is clogged,pipeline leak near street,Porur,0.93,66.7,MEDIUM,MEDIUM,13,0.02,NO_DEPENDENCY,0.251,0
POS_0404,Road Blockage,Traffic Congestion,Road,Traffic,road is partially blocked,traffic is moving slowly,Ambattur,3.04,27.4,CRITICAL,LOW,18,0.479,CAUSES,0.721,1
POS_1155,Garbage Accumulation,Public Health Risk,Waste,Health,uncollected garbage is present,possible health hazard,Royapettah,1.44,25.3,MEDIUM,MEDIUM,20,0.731,CAUSES,0.753,1
NEG_0756,Safety Risk,Sewer Overflow,Safety,Drainage,area has become unsafe,dirty wastewater is spreading,Perambur,7.35,58.5,CRITICAL,MEDIUM,4,0.322,NO_DEPENDENCY,0.208,0
NEG_0183,Emergency Response Delay,Water Leakage,Emergency,Water,emergency vehicles cannot move quickly,water pipe is leaking,Royapettah,0.44,69.7,CRITICAL,LOW,1,0.439,NO_DEPENDENCY,0.322,0
NEG_0557,Waterlogging,Public Health Risk,Flooding,Health,road is flooded,health risk reported,Perambur,3.45,25.6,MEDIUM,MEDIUM,12,0.024,NO_DEPENDENCY,0.244,0
NEG_1345,Air Pollution,Safety Risk,Environment,Safety,polluted air reported,residents feel unsafe,Ambattur,6.38,83.3,LOW,HIGH,4,0.329,NO_DEPENDENCY,0.204,0
POS_0453,Blocked Drain,Waterlogging,Drainage,Flooding,blocked drainage outlet,standing rainwater on the street,Sholinganallur,1.88,17.2,MEDIUM,MEDIUM,20,0.81,CAUSES,0.821,1
NEG_0802,Street Light Failure,Road Blockage,Lighting,Road,streetlights are off,traffic lane is obstructed,Perambur,2.72,28.1,CRITICAL,HIGH,5,0.082,NO_DEPENDENCY,0.235,0
POS_1328,Garbage Accumulation,Air Pollution,Waste,Environment,uncollected garbage is present,polluted air reported,Porur,1.07,44.1,MEDIUM,MEDIUM,5,0.663,CONTRIBUTES_TO,0.637,1
NEG_0550,Air Pollution,Traffic Congestion,Environment,Traffic,polluted air reported,traffic flow is disrupted,Sholinganallur,4.5,32.2,MEDIUM,LOW,3,0.349,NO_DEPENDENCY,0.275,0
POS_0881,Stagnant Water,Public Health Risk,Public Health,Health,standing water is not clearing,disease risk is increasing,Pallavaram,1.98,7.6,LOW,LOW,8,0.833,CAUSES,0.738,1
NEG_1419,Poor Road Visibility,Road Blockage,Safety,Road,visibility on road is poor,traffic lane is obstructed,Perambur,3.9,17.8,LOW,CRITICAL,0,0.023,NO_DEPENDENCY,0.184,0
POS_0624,Stagnant Water,Public Health Risk,Public Health,Health,standing water is not clearing,health risk reported,T Nagar,4.16,34.3,MEDIUM,MEDIUM,6,0.601,CAUSES,0.62,1
NEG_0894,Air Pollution,Road Blockage,Environment,Road,polluted air reported,traffic lane is obstructed,Thiruvanmiyur,7.11,81.2,MEDIUM,CRITICAL,7,0.295,NO_DEPENDENCY,0.199,0
NEG_1273,Traffic Congestion,Water Leakage,Traffic,Water,severe congestion reported,continuous water leakage,T Nagar,2.57,52.6,MEDIUM,CRITICAL,4,0.13,NO_DEPENDENCY,0.227,0
NEG_0288,Street Light Failure,Air Pollution,Lighting,Environment,street light is not working,air quality is affected,Pallavaram,6.81,16.8,MEDIUM,HIGH,6,0.161,NO_DEPENDENCY,0.212,0
POS_0263,Blocked Drain,Waterlogging,Drainage,Flooding,stormwater drain is blocked,standing rainwater on the street,Nungambakkam,1.27,26.0,CRITICAL,LOW,15,0.539,CAUSES,0.807,1
NEG_0135,Water Leakage,Poor Road Visibility,Water,Safety,damaged water supply line,low visibility reported,Tambaram,2.24,2.7,LOW,LOW,3,0.152,NO_DEPENDENCY,0.275,0
POS_1439,Waterlogging,Road Blockage,Flooding,Road,heavy waterlogging reported,traffic lane is obstructed,Perambur,2.38,13.1,MEDIUM,HIGH,10,0.731,CAUSES,0.746,1
NEG_0699,Air Pollution,Safety Risk,Environment,Safety,dust and pollution are increasing,safety risk reported,Tambaram,2.05,89.7,MEDIUM,LOW,10,0.089,NO_DEPENDENCY,0.221,0
NEG_0470,Garbage Accumulation,Stagnant Water,Waste,Public Health,large pile of waste reported,water is collecting,Royapettah,4.57,2.1,LOW,HIGH,6,0.231,NO_DEPENDENCY,0.279,0
NEG_1021,Waterlogging,Poor Road Visibility,Flooding,Safety,road is flooded,drivers cannot see clearly,Kodambakkam,1.21,7.2,HIGH,CRITICAL,7,0.391,NO_DEPENDENCY,0.378,0
NEG_0303,Illegal Dumping,Safety Risk,Waste,Safety,garbage dumped beside road,safety risk reported,Adyar,5.77,16.0,CRITICAL,CRITICAL,4,0.387,NO_DEPENDENCY,0.286,0
POS_0641,Pothole / Road Damage,Traffic Congestion,Road,Traffic,multiple potholes reported,vehicles are queued,Porur,2.41,45.0,LOW,MEDIUM,6,0.722,CONTRIBUTES_TO,0.624,1
NEG_0886,Air Pollution,Sewer Overflow,Environment,Drainage,air quality is affected,sewer water is overflowing,Pallavaram,1.0,10.8,CRITICAL,CRITICAL,12,0.177,NO_DEPENDENCY,0.339,0
NEG_1099,Street Light Failure,Emergency Response Delay,Lighting,Emergency,dark street due to light failure,response time is increasing,Nungambakkam,1.01,34.2,HIGH,LOW,15,0.299,NO_DEPENDENCY,0.371,0
NEG_1331,Sewer Overflow,Air Pollution,Drainage,Environment,sewer water is overflowing,local air pollution observed,Velachery,3.65,37.7,CRITICAL,LOW,9,0.321,NO_DEPENDENCY,0.305,0
NEG_0460,Road Blockage,Blocked Drain,Road,Drainage,road is partially blocked,blocked drainage outlet,Adyar,2.14,82.6,HIGH,MEDIUM,15,0.074,NO_DEPENDENCY,0.246,0
POS_0489,Garbage Accumulation,Air Pollution,Waste,Environment,uncollected garbage is present,polluted air reported,Thiruvanmiyur,3.28,29.4,CRITICAL,HIGH,7,0.748,CONTRIBUTES_TO,0.674,1
NEG_0344,Public Health Risk,Street Light Failure,Health,Lighting,disease risk is increasing,streetlights are off,Kodambakkam,3.21,39.7,CRITICAL,MEDIUM,9,0.045,NO_DEPENDENCY,0.227,0
NEG_0235,Street Light Failure,Water Leakage,Lighting,Water,streetlights are off,continuous water leakage,Porur,7.96,94.0,HIGH,MEDIUM,4,0.16,NO_DEPENDENCY,0.12,0
POS_0147,Sewer Overflow,Stagnant Water,Drainage,Public Health,sewage overflow reported,standing water is not clearing,Guindy,4.26,47.3,CRITICAL,CRITICAL,10,0.695,CAUSES,0.69,1
NEG_0035,Blocked Drain,Stagnant Water,Drainage,Public Health,drain is clogged,water is collecting,Guindy,1.84,12.4,LOW,HIGH,13,0.319,NO_DEPENDENCY,0.373,0
NEG_0487,Blocked Drain,Air Pollution,Drainage,Environment,drain is clogged,polluted air reported,Velachery,0.95,24.9,LOW,CRITICAL,0,0.163,NO_DEPENDENCY,0.264,0
POS_1370,Road Blockage,Traffic Congestion,Road,Traffic,traffic lane is obstructed,vehicles are queued,Nungambakkam,1.81,40.2,HIGH,MEDIUM,14,0.607,CAUSES,0.724,1
NEG_0951,Water Leakage,Pothole / Road Damage,Water,Road,damaged water supply line,road surface is badly damaged,Adyar,0.45,33.0,MEDIUM,CRITICAL,4,0.285,NO_DEPENDENCY,0.321,0
NEG_1437,Stagnant Water,Garbage Accumulation,Public Health,Waste,standing water is not clearing,garbage has accumulated,Thiruvanmiyur,2.67,14.5,HIGH,LOW,11,0.222,NO_DEPENDENCY,0.319,0
POS_0660,Waterlogging,Road Blockage,Flooding,Road,water has accumulated on the road,road passage is blocked,Pallavaram,0.59,23.7,LOW,LOW,5,0.572,CAUSES,0.706,1
NEG_0295,Blocked Drain,Sewer Overflow,Drainage,Drainage,drain is clogged,sewer water is overflowing,Tambaram,4.85,2.1,HIGH,MEDIUM,2,0.211,NO_DEPENDENCY,0.249,0
NEG_1012,Poor Road Visibility,Emergency Response Delay,Safety,Emergency,visibility on road is poor,response time is increasing,Thiruvanmiyur,2.75,32.3,CRITICAL,HIGH,15,0.061,NO_DEPENDENCY,0.275,0
POS_0187,Garbage Accumulation,Public Health Risk,Waste,Health,large pile of waste reported,health risk reported,Pallavaram,3.05,47.0,CRITICAL,HIGH,1,0.759,CAUSES,0.691,1
POS_1148,Road Blockage,Traffic Congestion,Road,Traffic,traffic lane is obstructed,vehicles are queued,Adyar,2.14,47.7,MEDIUM,LOW,7,0.453,CAUSES,0.632,1
POS_0609,Street Light Failure,Poor Road Visibility,Lighting,Safety,dark street due to light failure,visibility on road is poor,T Nagar,3.93,12.3,MEDIUM,LOW,8,0.68,CAUSES,0.677,1
NEG_0692,Public Health Risk,Water Leakage,Health,Water,possible health hazard,water pipe is leaking,Sholinganallur,2.75,43.6,HIGH,HIGH,12,0.134,NO_DEPENDENCY,0.273,0
NEG_0431,Air Pollution,Emergency Response Delay,Environment,Emergency,local air pollution observed,emergency movement is delayed,Kodambakkam,5.39,91.7,HIGH,MEDIUM,12,0.26,NO_DEPENDENCY,0.231,0
POS_0198,Garbage Accumulation,Air Pollution,Waste,Environment,uncollected garbage is present,air quality is affected,Sholinganallur,1.82,24.0,LOW,LOW,10,0.946,CONTRIBUTES_TO,0.69,1
NEG_0828,Sewer Overflow,Water Leakage,Drainage,Water,dirty wastewater is spreading,water pipe is leaking,Mylapore,4.81,29.9,LOW,HIGH,2,0.021,NO_DEPENDENCY,0.169,0
POS_0294,Traffic Congestion,Emergency Response Delay,Traffic,Emergency,traffic flow is disrupted,emergency vehicles cannot move quickly,Mylapore,1.35,37.8,CRITICAL,HIGH,8,0.842,CAUSES,0.772,1
POS_0767,Blocked Drain,Waterlogging,Drainage,Flooding,stormwater drain is blocked,road is flooded,Ambattur,0.05,22.6,MEDIUM,LOW,10,0.89,CAUSES,0.85,1
POS_0401,Garbage Accumulation,Air Pollution,Waste,Environment,large pile of waste reported,local air pollution observed,Nungambakkam,2.99,23.0,CRITICAL,HIGH,5,0.733,CONTRIBUTES_TO,0.682,1
POS_0123,Poor Road Visibility,Safety Risk,Safety,Safety,visibility on road is poor,safety risk reported,Ambattur,1.29,11.2,LOW,HIGH,18,0.677,CONTRIBUTES_TO,0.704,1
POS_0203,Blocked Drain,Waterlogging,Drainage,Flooding,blocked drainage outlet,standing rainwater on the street,Mylapore,3.02,22.6,HIGH,LOW,17,0.535,CAUSES,0.748,1
POS_0836,Stagnant Water,Public Health Risk,Public Health,Health,stagnant water remains,health risk reported,Porur,4.11,21.8,LOW,MEDIUM,8,0.721,CAUSES,0.642,1
NEG_0795,Garbage Accumulation,Safety Risk,Waste,Safety,uncollected garbage is present,risk to pedestrians and vehicles,Velachery,7.3,73.0,HIGH,LOW,4,0.187,NO_DEPENDENCY,0.156,0
POS_1440,Traffic Congestion,Emergency Response Delay,Traffic,Emergency,severe congestion reported,emergency vehicles cannot move quickly,Guindy,3.0,23.2,CRITICAL,LOW,6,0.563,CAUSES,0.69,1
NEG_0234,Waterlogging,Street Light Failure,Flooding,Lighting,standing rainwater on the street,roadside light has failed,T Nagar,6.81,59.0,LOW,HIGH,7,0.186,NO_DEPENDENCY,0.189,0
NEG_0196,Blocked Drain,Stagnant Water,Drainage,Public Health,rainwater drain is not flowing,standing water is not clearing,Adyar,6.47,61.0,MEDIUM,HIGH,2,0.061,NO_DEPENDENCY,0.13,0
NEG_1429,Water Leakage,Poor Road Visibility,Water,Safety,damaged water supply line,low visibility reported,Porur,7.36,22.0,MEDIUM,MEDIUM,10,0.335,NO_DEPENDENCY,0.272,0
NEG_0208,Water Leakage,Waterlogging,Water,Flooding,continuous water leakage,road is flooded,Adyar,1.87,80.0,HIGH,MEDIUM,7,0.272,NO_DEPENDENCY,0.272,0
NEG_1414,Street Light Failure,Air Pollution,Lighting,Environment,dark street due to light failure,dust and pollution are increasing,Nungambakkam,4.78,87.3,CRITICAL,MEDIUM,3,0.315,NO_DEPENDENCY,0.215,0
POS_1154,Illegal Dumping,Blocked Drain,Waste,Drainage,open dumping observed,rainwater drain is not flowing,Pallavaram,3.01,16.0,MEDIUM,CRITICAL,4,0.715,CONTRIBUTES_TO,0.66,1
NEG_0162,Safety Risk,Illegal Dumping,Safety,Waste,safety risk reported,unauthorized dumping reported,Kodambakkam,4.13,83.2,HIGH,HIGH,6,0.208,NO_DEPENDENCY,0.211,0
NEG_0933,Illegal Dumping,Pothole / Road Damage,Waste,Road,garbage dumped beside road,road surface is badly damaged,Ambattur,1.91,33.0,CRITICAL,CRITICAL,12,0.048,NO_DEPENDENCY,0.268,0
NEG_0260,Water Leakage,Pothole / Road Damage,Water,Road,continuous water leakage,multiple potholes reported,Pallavaram,3.99,80.5,LOW,MEDIUM,4,0.157,NO_DEPENDENCY,0.19,0
POS_0855,Waterlogging,Road Blockage,Flooding,Road,heavy waterlogging reported,road is partially blocked,Tambaram,3.49,20.3,CRITICAL,MEDIUM,10,0.671,CAUSES,0.746,1
NEG_0090,Garbage Accumulation,Emergency Response Delay,Waste,Emergency,waste has built up,emergency access is difficult,Royapettah,7.2,35.4,CRITICAL,LOW,5,0.371,NO_DEPENDENCY,0.249,0
NEG_0768,Traffic Congestion,Public Health Risk,Traffic,Health,traffic is moving slowly,sanitation may affect public health,Porur,6.94,59.7,HIGH,CRITICAL,9,0.161,NO_DEPENDENCY,0.189,0
POS_0642,Pothole / Road Damage,Traffic Congestion,Road,Traffic,large pothole on the road,severe congestion reported,Porur,3.1,33.2,HIGH,MEDIUM,19,0.501,CONTRIBUTES_TO,0.661,1
POS_0002,Waterlogging,Road Blockage,Flooding,Road,road is flooded,road is partially blocked,Anna Nagar,1.02,24.5,CRITICAL,MEDIUM,7,0.464,CAUSES,0.753,1
NEG_0661,Waterlogging,Traffic Congestion,Flooding,Traffic,standing rainwater on the street,traffic is moving slowly,Perambur,3.47,73.2,LOW,MEDIUM,5,0.348,NO_DEPENDENCY,0.266,0
POS_0699,Street Light Failure,Poor Road Visibility,Lighting,Safety,street light is not working,visibility on road is poor,T Nagar,1.82,10.6,HIGH,LOW,14,0.653,CAUSES,0.766,1
NEG_0137,Water Leakage,Waterlogging,Water,Flooding,continuous water leakage,heavy waterlogging reported,Nungambakkam,2.74,44.6,MEDIUM,LOW,10,0.161,NO_DEPENDENCY,0.27,0
POS_1292,Garbage Accumulation,Air Pollution,Waste,Environment,large pile of waste reported,dust and pollution are increasing,Anna Nagar,2.1,41.5,CRITICAL,LOW,13,0.47,CONTRIBUTES_TO,0.646,1
NEG_1357,Sewer Overflow,Water Leakage,Drainage,Water,sewer line has overflowed,pipeline leak near street,Velachery,6.92,33.1,HIGH,CRITICAL,7,0.193,NO_DEPENDENCY,0.212,0
NEG_0990,Public Health Risk,Street Light Failure,Health,Lighting,sanitation may affect public health,streetlights are off,T Nagar,7.87,20.3,LOW,CRITICAL,7,0.416,NO_DEPENDENCY,0.275,0
NEG_0021,Sewer Overflow,Traffic Congestion,Drainage,Traffic,sewer line has overflowed,traffic flow is disrupted,Anna Nagar,7.22,5.4,LOW,HIGH,11,0.101,NO_DEPENDENCY,0.223,0
NEG_0354,Air Pollution,Blocked Drain,Environment,Drainage,local air pollution observed,rainwater drain is not flowing,Pallavaram,5.75,2.1,CRITICAL,HIGH,14,0.201,NO_DEPENDENCY,0.292,0
POS_1137,Traffic Congestion,Emergency Response Delay,Traffic,Emergency,traffic is moving slowly,emergency access is difficult,Kodambakkam,4.35,27.1,MEDIUM,CRITICAL,18,0.706,CAUSES,0.66,1
NEG_1399,Blocked Drain,Pothole / Road Damage,Drainage,Road,drain is clogged,road surface is badly damaged,Perambur,4.83,28.4,CRITICAL,MEDIUM,12,0.413,NO_DEPENDENCY,0.338,0
NEG_0132,Street Light Failure,Road Blockage,Lighting,Road,roadside light has failed,road is partially blocked,Kodambakkam,2.23,66.3,HIGH,CRITICAL,5,0.414,NO_DEPENDENCY,0.31,0
NEG_0499,Street Light Failure,Water Leakage,Lighting,Water,roadside light has failed,pipeline leak near street,Mylapore,5.95,73.8,CRITICAL,MEDIUM,6,0.421,NO_DEPENDENCY,0.256,0
POS_0664,Water Leakage,Stagnant Water,Water,Public Health,continuous water leakage,pool of water has remained,Kodambakkam,2.98,37.5,CRITICAL,CRITICAL,6,0.919,CAUSES,0.746,1
POS_0684,Water Leakage,Stagnant Water,Water,Public Health,pipeline leak near street,pool of water has remained,Anna Nagar,1.94,32.9,HIGH,CRITICAL,5,0.961,CAUSES,0.76,1
POS_1258,Poor Road Visibility,Safety Risk,Safety,Safety,drivers cannot see clearly,safety risk reported,Velachery,0.98,45.2,HIGH,CRITICAL,12,0.843,CONTRIBUTES_TO,0.732,1
POS_0318,Sewer Overflow,Stagnant Water,Drainage,Public Health,sewer line has overflowed,standing water is not clearing,Velachery,2.57,45.0,MEDIUM,HIGH,3,0.525,CAUSES,0.634,1
POS_0649,Poor Road Visibility,Safety Risk,Safety,Safety,dark road section,area has become unsafe,Velachery,0.48,6.4,MEDIUM,MEDIUM,19,0.769,CONTRIBUTES_TO,0.776,1
POS_1435,Illegal Dumping,Blocked Drain,Waste,Drainage,waste is being dumped illegally,blocked drainage outlet,Nungambakkam,2.16,13.7,LOW,LOW,14,0.745,CONTRIBUTES_TO,0.69,1
POS_1480,Road Blockage,Traffic Congestion,Road,Traffic,road passage is blocked,vehicles are queued,Thiruvanmiyur,1.9,2.9,HIGH,HIGH,4,0.952,CAUSES,0.818,1
POS_0710,Sewer Overflow,Stagnant Water,Drainage,Public Health,sewer water is overflowing,pool of water has remained,Sholinganallur,2.82,22.0,MEDIUM,MEDIUM,19,0.952,CAUSES,0.785,1
POS_1283,Traffic Congestion,Emergency Response Delay,Traffic,Emergency,traffic is moving slowly,emergency vehicles cannot move quickly,Perambur,3.76,3.9,MEDIUM,CRITICAL,9,0.961,CAUSES,0.735,1
NEG_0269,Illegal Dumping,Emergency Response Delay,Waste,Emergency,unauthorized dumping reported,response time is increasing,Velachery,7.66,74.0,MEDIUM,CRITICAL,2,0.198,NO_DEPENDENCY,0.143,0
POS_0973,Illegal Dumping,Waterlogging,Waste,Flooding,open dumping observed,road is flooded,Perambur,2.91,43.3,MEDIUM,LOW,3,0.696,CONTRIBUTES_TO,0.566,1
NEG_1176,Stagnant Water,Road Blockage,Public Health,Road,water is collecting,road is partially blocked,Velachery,3.84,12.2,MEDIUM,MEDIUM,14,0.326,NO_DEPENDENCY,0.35,0
NEG_1181,Poor Road Visibility,Emergency Response Delay,Safety,Emergency,low visibility reported,emergency access is difficult,Mylapore,6.77,40.2,HIGH,MEDIUM,9,0.392,NO_DEPENDENCY,0.278,0
POS_1307,Water Leakage,Stagnant Water,Water,Public Health,pipeline leak near street,stagnant water remains,Ambattur,2.05,31.4,MEDIUM,LOW,16,0.925,CAUSES,0.754,1
POS_1401,Water Leakage,Stagnant Water,Water,Public Health,continuous water leakage,standing water is not clearing,Ambattur,0.08,30.3,HIGH,CRITICAL,9,0.78,CAUSES,0.783,1
POS_1409,Poor Road Visibility,Safety Risk,Safety,Safety,visibility on road is poor,risk to pedestrians and vehicles,Tambaram,0.21,6.2,MEDIUM,LOW,15,0.525,CONTRIBUTES_TO,0.725,1
NEG_0738,Sewer Overflow,Poor Road Visibility,Drainage,Safety,sewage overflow reported,drivers cannot see clearly,Thiruvanmiyur,2.85,31.4,CRITICAL,MEDIUM,0,0.288,NO_DEPENDENCY,0.267,0
POS_1497,Blocked Drain,Waterlogging,Drainage,Flooding,stormwater drain is blocked,heavy waterlogging reported,Porur,0.06,8.9,HIGH,LOW,12,0.521,CAUSES,0.825,1
NEG_0539,Illegal Dumping,Public Health Risk,Waste,Health,open dumping observed,disease risk is increasing,Adyar,4.03,13.3,MEDIUM,LOW,10,0.105,NO_DEPENDENCY,0.26,0
NEG_0030,Pothole / Road Damage,Stagnant Water,Road,Public Health,road surface is badly damaged,standing water is not clearing,Mylapore,7.36,67.9,CRITICAL,MEDIUM,0,0.065,NO_DEPENDENCY,0.103,0
NEG_0164,Street Light Failure,Stagnant Water,Lighting,Public Health,street light is not working,pool of water has remained,Tambaram,0.84,55.8,LOW,CRITICAL,10,0.362,NO_DEPENDENCY,0.349,0
POS_1355,Road Blockage,Traffic Congestion,Road,Traffic,vehicle movement is obstructed,traffic flow is disrupted,Anna Nagar,3.97,23.0,HIGH,CRITICAL,1,0.703,CAUSES,0.681,1
NEG_1425,Street Light Failure,Stagnant Water,Lighting,Public Health,dark street due to light failure,pool of water has remained,Kodambakkam,4.04,95.4,LOW,MEDIUM,6,0.074,NO_DEPENDENCY,0.162,0
NEG_1445,Traffic Congestion,Blocked Drain,Traffic,Drainage,severe congestion reported,drain is clogged,Ambattur,2.02,23.6,LOW,HIGH,1,0.223,NO_DEPENDENCY,0.272,0
NEG_0144,Pothole / Road Damage,Illegal Dumping,Road,Waste,large pothole on the road,unauthorized dumping reported,Anna Nagar,1.21,92.1,CRITICAL,HIGH,2,0.412,NO_DEPENDENCY,0.289,0
POS_1052,Road Blockage,Traffic Congestion,Road,Traffic,traffic lane is obstructed,severe congestion reported,Adyar,1.04,32.6,HIGH,LOW,10,0.902,CAUSES,0.803,1
POS_0796,Blocked Drain,Waterlogging,Drainage,Flooding,blocked drainage outlet,heavy waterlogging reported,Porur,0.83,12.9,CRITICAL,LOW,5,0.504,CAUSES,0.805,1
NEG_1194,Public Health Risk,Blocked Drain,Health,Drainage,disease risk is increasing,drain is clogged,Sholinganallur,6.75,42.5,LOW,HIGH,4,0.34,NO_DEPENDENCY,0.235,0
NEG_0098,Traffic Congestion,Public Health Risk,Traffic,Health,vehicles are queued,possible health hazard,Mylapore,6.16,93.4,MEDIUM,MEDIUM,14,0.033,NO_DEPENDENCY,0.16,0
NEG_1105,Waterlogging,Air Pollution,Flooding,Environment,road is flooded,local air pollution observed,Anna Nagar,3.8,20.0,LOW,LOW,3,0.375,NO_DEPENDENCY,0.304,0
NEG_1230,Safety Risk,Emergency Response Delay,Safety,Emergency,safety risk reported,emergency movement is delayed,Mylapore,2.21,61.0,LOW,MEDIUM,14,0.284,NO_DEPENDENCY,0.321,0
NEG_1126,Blocked Drain,Traffic Congestion,Drainage,Traffic,stormwater drain is blocked,traffic is moving slowly,Nungambakkam,2.53,33.6,CRITICAL,LOW,3,0.305,NO_DEPENDENCY,0.291,0
NEG_0320,Road Blockage,Air Pollution,Road,Environment,road passage is blocked,local air pollution observed,Tambaram,2.88,36.8,HIGH,HIGH,0,0.25,NO_DEPENDENCY,0.251,0
NEG_0223,Water Leakage,Blocked Drain,Water,Drainage,water pipe is leaking,rainwater drain is not flowing,Tambaram,1.05,61.5,MEDIUM,LOW,11,0.28,NO_DEPENDENCY,0.322,0
POS_1184,Water Leakage,Stagnant Water,Water,Public Health,damaged water supply line,standing water is not clearing,T Nagar,3.71,29.5,MEDIUM,MEDIUM,3,0.848,CAUSES,0.667,1
NEG_1073,Poor Road Visibility,Public Health Risk,Safety,Health,low visibility reported,health risk reported,Ambattur,1.88,7.3,MEDIUM,CRITICAL,7,0.263,NO_DEPENDENCY,0.33,0
POS_1060,Garbage Accumulation,Public Health Risk,Waste,Health,uncollected garbage is present,disease risk is increasing,Guindy,4.07,25.4,MEDIUM,HIGH,6,0.722,CAUSES,0.65,1
POS_0541,Poor Road Visibility,Safety Risk,Safety,Safety,drivers cannot see clearly,safety risk reported,Sholinganallur,0.22,10.1,LOW,CRITICAL,17,0.499,CONTRIBUTES_TO,0.694,1
NEG_0179,Sewer Overflow,Garbage Accumulation,Drainage,Waste,sewer line has overflowed,waste has built up,Tambaram,7.17,31.0,HIGH,HIGH,14,0.048,NO_DEPENDENCY,0.201,0
NEG_1297,Stagnant Water,Air Pollution,Public Health,Environment,pool of water has remained,polluted air reported,Mylapore,5.17,83.0,CRITICAL,HIGH,14,0.339,NO_DEPENDENCY,0.275,0
NEG_1456,Street Light Failure,Traffic Congestion,Lighting,Traffic,streetlights are off,vehicles are queued,Anna Nagar,7.28,43.5,MEDIUM,HIGH,13,0.109,NO_DEPENDENCY,0.202,0
NEG_1033,Waterlogging,Stagnant Water,Flooding,Public Health,road is flooded,pool of water has remained,Guindy,5.8,55.7,CRITICAL,HIGH,1,0.139,NO_DEPENDENCY,0.163,0
NEG_0258,Road Blockage,Water Leakage,Road,Water,vehicle movement is obstructed,damaged water supply line,Sholinganallur,5.76,39.9,MEDIUM,MEDIUM,8,0.079,NO_DEPENDENCY,0.194,0
NEG_0424,Pothole / Road Damage,Garbage Accumulation,Road,Waste,road surface is badly damaged,uncollected garbage is present,Ambattur,1.29,45.1,LOW,LOW,9,0.191,NO_DEPENDENCY,0.295,0
POS_0096,Waterlogging,Road Blockage,Flooding,Road,road is flooded,road is partially blocked,Thiruvanmiyur,2.76,18.7,MEDIUM,MEDIUM,16,0.812,CAUSES,0.759,1
POS_1021,Waterlogging,Road Blockage,Flooding,Road,road is flooded,vehicle movement is obstructed,Adyar,1.57,39.2,HIGH,HIGH,17,0.854,CAUSES,0.797,1
POS_0564,Stagnant Water,Public Health Risk,Public Health,Health,standing water is not clearing,possible health hazard,Royapettah,0.85,24.7,CRITICAL,HIGH,15,0.743,CAUSES,0.817,1
NEG_1291,Illegal Dumping,Garbage Accumulation,Waste,Waste,waste is being dumped illegally,uncollected garbage is present,Kodambakkam,7.24,71.6,MEDIUM,CRITICAL,15,0.342,NO_DEPENDENCY,0.259,0
POS_0864,Stagnant Water,Public Health Risk,Public Health,Health,stagnant water remains,disease risk is increasing,Porur,2.21,35.6,CRITICAL,CRITICAL,12,0.871,CAUSES,0.786,1
POS_1485,Pothole / Road Damage,Poor Road Visibility,Road,Safety,road surface is badly damaged,visibility on road is poor,Kodambakkam,3.72,16.2,MEDIUM,MEDIUM,9,0.829,CONTRIBUTES_TO,0.605,1
NEG_0382,Traffic Congestion,Poor Road Visibility,Traffic,Safety,traffic is moving slowly,drivers cannot see clearly,Ambattur,7.36,62.4,HIGH,CRITICAL,10,0.317,NO_DEPENDENCY,0.233,0
POS_1039,Illegal Dumping,Blocked Drain,Waste,Drainage,waste is being dumped illegally,rainwater drain is not flowing,Guindy,3.59,27.4,HIGH,LOW,12,0.87,CONTRIBUTES_TO,0.705,1
POS_0207,Poor Road Visibility,Safety Risk,Safety,Safety,dark road section,area has become unsafe,Kodambakkam,0.3,6.8,LOW,CRITICAL,19,0.67,CONTRIBUTES_TO,0.736,1
POS_0393,Sewer Overflow,Stagnant Water,Drainage,Public Health,sewer water is overflowing,pool of water has remained,Thiruvanmiyur,1.53,17.6,CRITICAL,LOW,20,0.566,CAUSES,0.799,1
NEG_1343,Poor Road Visibility,Waterlogging,Safety,Flooding,visibility on road is poor,water has accumulated on the road,Guindy,4.1,21.7,MEDIUM,HIGH,14,0.372,NO_DEPENDENCY,0.352,0
POS_0871,Illegal Dumping,Blocked Drain,Waste,Drainage,open dumping observed,blocked drainage outlet,Nungambakkam,2.62,0.6,MEDIUM,CRITICAL,18,0.483,CONTRIBUTES_TO,0.679,1
POS_0398,Blocked Drain,Waterlogging,Drainage,Flooding,blocked drainage outlet,road is flooded,Kodambakkam,0.44,3.1,LOW,MEDIUM,18,0.871,CAUSES,0.859,1
NEG_1315,Water Leakage,Air Pollution,Water,Environment,continuous water leakage,air quality is affected,Perambur,0.46,43.0,LOW,CRITICAL,5,0.225,NO_DEPENDENCY,0.3,0
NEG_1383,Garbage Accumulation,Poor Road Visibility,Waste,Safety,uncollected garbage is present,visibility on road is poor,Tambaram,5.88,66.2,MEDIUM,HIGH,2,0.124,NO_DEPENDENCY,0.154,0
POS_1029,Waterlogging,Road Blockage,Flooding,Road,heavy waterlogging reported,road is partially blocked,Porur,1.03,39.6,MEDIUM,MEDIUM,16,0.817,CAUSES,0.775,1
NEG_1191,Sewer Overflow,Poor Road Visibility,Drainage,Safety,sewer water is overflowing,drivers cannot see clearly,Nungambakkam,3.1,10.2,CRITICAL,LOW,1,0.158,NO_DEPENDENCY,0.247,0
POS_1486,Pothole / Road Damage,Traffic Congestion,Road,Traffic,road surface is badly damaged,traffic flow is disrupted,Guindy,1.81,2.5,MEDIUM,CRITICAL,5,0.611,CONTRIBUTES_TO,0.698,1
NEG_1161,Illegal Dumping,Road Blockage,Waste,Road,garbage dumped beside road,vehicle movement is obstructed,Perambur,6.64,23.6,CRITICAL,HIGH,1,0.33,NO_DEPENDENCY,0.235,0
POS_0961,Traffic Congestion,Emergency Response Delay,Traffic,Emergency,traffic is moving slowly,response time is increasing,Velachery,1.25,46.9,CRITICAL,LOW,19,0.749,CAUSES,0.771,1
NEG_0071,Air Pollution,Safety Risk,Environment,Safety,local air pollution observed,safety risk reported,Guindy,7.46,50.5,LOW,CRITICAL,6,0.183,NO_DEPENDENCY,0.181,0
NEG_1274,Blocked Drain,Traffic Congestion,Drainage,Traffic,drain is clogged,severe congestion reported,Anna Nagar,3.46,95.6,HIGH,LOW,7,0.078,NO_DEPENDENCY,0.177,0
NEG_0396,Road Blockage,Pothole / Road Damage,Road,Road,road is partially blocked,multiple potholes reported,Kodambakkam,7.41,91.8,LOW,MEDIUM,6,0.351,NO_DEPENDENCY,0.198,0
NEG_1232,Public Health Risk,Road Blockage,Health,Road,disease risk is increasing,traffic lane is obstructed,Mylapore,3.53,78.1,LOW,HIGH,2,0.171,NO_DEPENDENCY,0.193,0
NEG_0647,Air Pollution,Safety Risk,Environment,Safety,polluted air reported,safety risk reported,Tambaram,6.87,64.7,HIGH,MEDIUM,1,0.095,NO_DEPENDENCY,0.127,0
POS_0805,Illegal Dumping,Waterlogging,Waste,Flooding,garbage dumped beside road,heavy waterlogging reported,Adyar,1.09,31.2,HIGH,LOW,3,0.64,CONTRIBUTES_TO,0.642,1
NEG_0252,Poor Road Visibility,Garbage Accumulation,Safety,Waste,low visibility reported,garbage has accumulated,Mylapore,4.48,29.7,MEDIUM,CRITICAL,12,0.081,NO_DEPENDENCY,0.242,0
NEG_0955,Illegal Dumping,Traffic Congestion,Waste,Traffic,garbage dumped beside road,severe congestion reported,Velachery,7.18,51.0,MEDIUM,CRITICAL,9,0.324,NO_DEPENDENCY,0.242,0
POS_0503,Water Leakage,Stagnant Water,Water,Public Health,water pipe is leaking,pool of water has remained,Tambaram,2.38,12.8,LOW,CRITICAL,5,0.706,CAUSES,0.675,1
POS_0780,Blocked Drain,Waterlogging,Drainage,Flooding,stormwater drain is blocked,heavy waterlogging reported,Perambur,1.79,16.4,MEDIUM,CRITICAL,1,0.916,CAUSES,0.798,1
NEG_0364,Safety Risk,Road Blockage,Safety,Road,residents feel unsafe,road is partially blocked,Perambur,0.68,18.3,CRITICAL,HIGH,1,0.39,NO_DEPENDENCY,0.347,0
POS_0201,Garbage Accumulation,Air Pollution,Waste,Environment,waste has built up,local air pollution observed,Mylapore,1.95,16.1,MEDIUM,MEDIUM,4,0.662,CONTRIBUTES_TO,0.651,1
NEG_0683,Safety Risk,Street Light Failure,Safety,Lighting,risk to pedestrians and vehicles,street light is not working,T Nagar,3.09,45.9,LOW,MEDIUM,7,0.277,NO_DEPENDENCY,0.284,0
NEG_0589,Garbage Accumulation,Sewer Overflow,Waste,Drainage,waste has built up,dirty wastewater is spreading,Thiruvanmiyur,6.22,11.4,MEDIUM,LOW,9,0.295,NO_DEPENDENCY,0.281,0
NEG_0779,Poor Road Visibility,Road Blockage,Safety,Road,visibility on road is poor,traffic lane is obstructed,Sholinganallur,5.12,90.9,CRITICAL,LOW,2,0.026,NO_DEPENDENCY,0.115,0
NEG_0297,Traffic Congestion,Garbage Accumulation,Traffic,Waste,vehicles are queued,waste has built up,Pallavaram,1.03,12.5,HIGH,LOW,11,0.208,NO_DEPENDENCY,0.342,0
POS_0379,Illegal Dumping,Waterlogging,Waste,Flooding,open dumping observed,road is flooded,Guindy,3.72,9.6,LOW,LOW,14,0.629,CONTRIBUTES_TO,0.581,1
NEG_0837,Poor Road Visibility,Water Leakage,Safety,Water,low visibility reported,water pipe is leaking,T Nagar,5.17,66.8,CRITICAL,LOW,4,0.174,NO_DEPENDENCY,0.189,0
POS_0419,Road Blockage,Traffic Congestion,Road,Traffic,vehicle movement is obstructed,traffic flow is disrupted,Anna Nagar,2.85,2.4,MEDIUM,HIGH,2,0.753,CAUSES,0.725,1
NEG_0199,Pothole / Road Damage,Blocked Drain,Road,Drainage,large pothole on the road,drain is clogged,Perambur,6.53,26.4,HIGH,CRITICAL,15,0.04,NO_DEPENDENCY,0.217,0
POS_0392,Water Leakage,Stagnant Water,Water,Public Health,pipeline leak near street,standing water is not clearing,Perambur,0.35,24.5,CRITICAL,LOW,18,0.67,CAUSES,0.81,1
NEG_1141,Traffic Congestion,Waterlogging,Traffic,Flooding,traffic flow is disrupted,standing rainwater on the street,Porur,1.04,47.5,CRITICAL,HIGH,15,0.447,NO_DEPENDENCY,0.404,0
NEG_0023,Waterlogging,Street Light Failure,Flooding,Lighting,water has accumulated on the road,street light is not working,Porur,6.71,31.8,HIGH,LOW,13,0.154,NO_DEPENDENCY,0.234,0
POS_1163,Pothole / Road Damage,Poor Road Visibility,Road,Safety,damaged road section,visibility on road is poor,Velachery,3.21,43.5,LOW,CRITICAL,12,0.761,CONTRIBUTES_TO,0.549,1
POS_1496,Garbage Accumulation,Air Pollution,Waste,Environment,waste has built up,air quality is affected,Guindy,0.42,4.4,MEDIUM,CRITICAL,1,0.872,CONTRIBUTES_TO,0.74,1
NEG_1196,Street Light Failure,Illegal Dumping,Lighting,Waste,streetlights are off,unauthorized dumping reported,Perambur,6.51,64.8,CRITICAL,LOW,14,0.201,NO_DEPENDENCY,0.229,0
NEG_0528,Street Light Failure,Stagnant Water,Lighting,Public Health,dark street due to light failure,standing water is not clearing,Velachery,5.59,77.3,LOW,LOW,2,0.296,NO_DEPENDENCY,0.201,0
POS_1153,Pothole / Road Damage,Poor Road Visibility,Road,Safety,large pothole on the road,drivers cannot see clearly,Thiruvanmiyur,3.62,7.5,HIGH,LOW,1,0.537,CONTRIBUTES_TO,0.566,1
POS_1368,Street Light Failure,Poor Road Visibility,Lighting,Safety,roadside light has failed,drivers cannot see clearly,Ambattur,3.06,41.6,LOW,LOW,6,0.482,CAUSES,0.588,1
NEG_1069,Emergency Response Delay,Safety Risk,Emergency,Safety,emergency access is difficult,area has become unsafe,Ambattur,7.43,81.3,LOW,MEDIUM,2,0.03,NO_DEPENDENCY,0.09,0
POS_0065,Garbage Accumulation,Public Health Risk,Waste,Health,uncollected garbage is present,sanitation may affect public health,Ambattur,0.18,40.9,HIGH,HIGH,7,0.546,CAUSES,0.718,1
NEG_0563,Air Pollution,Traffic Congestion,Environment,Traffic,dust and pollution are increasing,severe congestion reported,Guindy,6.91,72.5,MEDIUM,LOW,6,0.076,NO_DEPENDENCY,0.139,0
POS_1181,Illegal Dumping,Waterlogging,Waste,Flooding,unauthorized dumping reported,water has accumulated on the road,Kodambakkam,2.5,19.2,CRITICAL,CRITICAL,16,0.563,CONTRIBUTES_TO,0.665,1
POS_0493,Street Light Failure,Poor Road Visibility,Lighting,Safety,street light is not working,low visibility reported,Velachery,0.39,15.9,LOW,HIGH,16,0.706,CAUSES,0.76,1
POS_0380,Illegal Dumping,Waterlogging,Waste,Flooding,unauthorized dumping reported,heavy waterlogging reported,Adyar,0.07,35.5,CRITICAL,MEDIUM,14,0.743,CONTRIBUTES_TO,0.735,1
NEG_0736,Air Pollution,Emergency Response Delay,Environment,Emergency,polluted air reported,emergency access is difficult,Tambaram,7.44,21.7,MEDIUM,LOW,14,0.385,NO_DEPENDENCY,0.306,0
POS_0764,Water Leakage,Stagnant Water,Water,Public Health,damaged water supply line,stagnant water remains,Pallavaram,3.4,18.8,HIGH,CRITICAL,2,0.511,CAUSES,0.645,1
NEG_0765,Safety Risk,Public Health Risk,Safety,Health,area has become unsafe,possible health hazard,Sholinganallur,1.16,72.1,CRITICAL,LOW,13,0.446,NO_DEPENDENCY,0.371,0
POS_0792,Garbage Accumulation,Public Health Risk,Waste,Health,garbage has accumulated,possible health hazard,Mylapore,0.77,22.1,CRITICAL,MEDIUM,2,0.868,CAUSES,0.807,1
POS_1077,Poor Road Visibility,Safety Risk,Safety,Safety,visibility on road is poor,risk to pedestrians and vehicles,Kodambakkam,3.53,9.8,LOW,CRITICAL,13,0.772,CONTRIBUTES_TO,0.656,1
POS_0879,Pothole / Road Damage,Traffic Congestion,Road,Traffic,large pothole on the road,severe congestion reported,Kodambakkam,4.04,10.5,LOW,HIGH,7,0.876,CONTRIBUTES_TO,0.664,1
POS_0338,Water Leakage,Stagnant Water,Water,Public Health,continuous water leakage,standing water is not clearing,Perambur,3.57,3.6,MEDIUM,LOW,13,0.826,CAUSES,0.727,1
NEG_1268,Waterlogging,Pothole / Road Damage,Flooding,Road,heavy waterlogging reported,damaged road section,Mylapore,3.3,25.4,MEDIUM,HIGH,4,0.34,NO_DEPENDENCY,0.301,0
NEG_0844,Blocked Drain,Road Blockage,Drainage,Road,blocked drainage outlet,road is partially blocked,Nungambakkam,2.36,36.7,MEDIUM,MEDIUM,6,0.046,NO_DEPENDENCY,0.228,0
POS_1017,Waterlogging,Road Blockage,Flooding,Road,heavy waterlogging reported,traffic lane is obstructed,Adyar,1.22,33.2,HIGH,MEDIUM,13,0.87,CAUSES,0.807,1
POS_1276,Illegal Dumping,Waterlogging,Waste,Flooding,open dumping observed,road is flooded,Velachery,3.74,6.2,HIGH,HIGH,5,0.828,CONTRIBUTES_TO,0.653,1
POS_0456,Traffic Congestion,Emergency Response Delay,Traffic,Emergency,traffic flow is disrupted,response time is increasing,Thiruvanmiyur,1.44,31.5,CRITICAL,HIGH,20,0.827,CAUSES,0.806,1
POS_0816,Pothole / Road Damage,Traffic Congestion,Road,Traffic,multiple potholes reported,traffic flow is disrupted,Kodambakkam,2.99,3.8,LOW,MEDIUM,17,0.48,CONTRIBUTES_TO,0.645,1
NEG_0818,Public Health Risk,Waterlogging,Health,Flooding,health risk reported,road is flooded,Ambattur,7.38,22.5,MEDIUM,CRITICAL,13,0.042,NO_DEPENDENCY,0.198,0
POS_0996,Sewer Overflow,Stagnant Water,Drainage,Public Health,sewer water is overflowing,standing water is not clearing,Porur,0.15,47.3,CRITICAL,LOW,4,0.909,CAUSES,0.82,1
NEG_0482,Blocked Drain,Water Leakage,Drainage,Water,drain is clogged,continuous water leakage,Tambaram,5.9,54.5,HIGH,CRITICAL,12,0.085,NO_DEPENDENCY,0.202,0
POS_0202,Blocked Drain,Waterlogging,Drainage,Flooding,blocked drainage outlet,standing rainwater on the street,Mylapore,1.21,11.7,HIGH,LOW,11,0.849,CAUSES,0.856,1
POS_0162,Sewer Overflow,Stagnant Water,Drainage,Public Health,dirty wastewater is spreading,stagnant water remains,Nungambakkam,1.37,21.7,CRITICAL,HIGH,6,0.83,CAUSES,0.815,1
NEG_0080,Road Blockage,Stagnant Water,Road,Public Health,traffic lane is obstructed,stagnant water remains,Velachery,5.49,48.3,MEDIUM,LOW,10,0.078,NO_DEPENDENCY,0.201,0
NEG_1278,Blocked Drain,Garbage Accumulation,Drainage,Waste,blocked drainage outlet,uncollected garbage is present,Anna Nagar,0.98,38.8,LOW,HIGH,0,0.27,NO_DEPENDENCY,0.284,0
NEG_0950,Public Health Risk,Waterlogging,Health,Flooding,disease risk is increasing,road is flooded,T Nagar,4.91,42.6,HIGH,LOW,7,0.029,NO_DEPENDENCY,0.185,0
POS_0703,Road Blockage,Traffic Congestion,Road,Traffic,road is partially blocked,vehicles are queued,Sholinganallur,2.27,46.7,CRITICAL,HIGH,12,0.599,CAUSES,0.722,1
NEG_0001,Pothole / Road Damage,Sewer Overflow,Road,Drainage,damaged road section,sewage overflow reported,Porur,3.89,44.5,HIGH,CRITICAL,9,0.429,NO_DEPENDENCY,0.328,0
POS_1130,Street Light Failure,Poor Road Visibility,Lighting,Safety,street light is not working,drivers cannot see clearly,Nungambakkam,0.14,18.5,HIGH,LOW,11,0.864,CAUSES,0.832,1
NEG_1114,Traffic Congestion,Waterlogging,Traffic,Flooding,severe congestion reported,standing rainwater on the street,Tambaram,6.52,65.2,LOW,HIGH,5,0.431,NO_DEPENDENCY,0.252,0
POS_1022,Pothole / Road Damage,Poor Road Visibility,Road,Safety,road surface is badly damaged,visibility on road is poor,Ambattur,0.63,44.0,MEDIUM,CRITICAL,15,0.654,CONTRIBUTES_TO,0.623,1
NEG_0086,Emergency Response Delay,Waterlogging,Emergency,Flooding,emergency movement is delayed,standing rainwater on the street,Guindy,2.07,27.9,LOW,HIGH,2,0.165,NO_DEPENDENCY,0.255,0
NEG_0456,Stagnant Water,Street Light Failure,Public Health,Lighting,pool of water has remained,streetlights are off,Anna Nagar,3.59,52.4,CRITICAL,LOW,7,0.353,NO_DEPENDENCY,0.293,0
NEG_0754,Illegal Dumping,Garbage Accumulation,Waste,Waste,garbage dumped beside road,garbage has accumulated,Velachery,7.82,56.0,CRITICAL,CRITICAL,7,0.146,NO_DEPENDENCY,0.165,0
POS_0035,Pothole / Road Damage,Traffic Congestion,Road,Traffic,road surface is badly damaged,traffic is moving slowly,Nungambakkam,1.67,44.8,HIGH,MEDIUM,2,0.965,CONTRIBUTES_TO,0.731,1
POS_0776,Garbage Accumulation,Air Pollution,Waste,Environment,large pile of waste reported,air quality is affected,Guindy,1.28,24.3,MEDIUM,LOW,7,0.54,CONTRIBUTES_TO,0.64,1
NEG_1057,Emergency Response Delay,Garbage Accumulation,Emergency,Waste,emergency access is difficult,uncollected garbage is present,Velachery,7.52,82.6,MEDIUM,LOW,10,0.277,NO_DEPENDENCY,0.201,0
POS_1479,Blocked Drain,Waterlogging,Drainage,Flooding,blocked drainage outlet,heavy waterlogging reported,Thiruvanmiyur,4.06,43.4,CRITICAL,CRITICAL,13,0.584,CAUSES,0.718,1
POS_1391,Stagnant Water,Public Health Risk,Public Health,Health,water is collecting,sanitation may affect public health,Tambaram,2.03,15.4,HIGH,MEDIUM,15,0.947,CAUSES,0.816,1
NEG_0640,Pothole / Road Damage,Blocked Drain,Road,Drainage,multiple potholes reported,drain is clogged,Royapettah,5.94,29.8,HIGH,MEDIUM,4,0.305,NO_DEPENDENCY,0.248,0
POS_1364,Waterlogging,Road Blockage,Flooding,Road,water has accumulated on the road,road passage is blocked,Sholinganallur,0.84,3.6,LOW,LOW,8,0.753,CAUSES,0.772,1
NEG_1113,Stagnant Water,Road Blockage,Public Health,Road,standing water is not clearing,traffic lane is obstructed,Royapettah,7.6,64.9,HIGH,LOW,15,0.122,NO_DEPENDENCY,0.194,0
NEG_1325,Blocked Drain,Air Pollution,Drainage,Environment,rainwater drain is not flowing,polluted air reported,Anna Nagar,2.86,83.4,LOW,HIGH,13,0.052,NO_DEPENDENCY,0.218,0
NEG_0542,Waterlogging,Street Light Failure,Flooding,Lighting,road is flooded,dark street due to light failure,Anna Nagar,7.95,58.6,CRITICAL,HIGH,11,0.348,NO_DEPENDENCY,0.241,0
POS_0242,Pothole / Road Damage,Traffic Congestion,Road,Traffic,large pothole on the road,severe congestion reported,Porur,4.25,34.7,MEDIUM,CRITICAL,20,0.713,CONTRIBUTES_TO,0.65,1
NEG_0562,Air Pollution,Sewer Overflow,Environment,Drainage,local air pollution observed,sewage overflow reported,Tambaram,2.84,25.9,LOW,MEDIUM,2,0.208,NO_DEPENDENCY,0.258,0
NEG_0864,Street Light Failure,Air Pollution,Lighting,Environment,roadside light has failed,local air pollution observed,Velachery,2.95,67.8,CRITICAL,CRITICAL,5,0.189,NO_DEPENDENCY,0.231,0
POS_0601,Pothole / Road Damage,Traffic Congestion,Road,Traffic,road surface is badly damaged,traffic is moving slowly,T Nagar,0.29,5.9,CRITICAL,MEDIUM,16,0.529,CONTRIBUTES_TO,0.792,1
NEG_0936,Water Leakage,Traffic Congestion,Water,Traffic,continuous water leakage,traffic flow is disrupted,Sholinganallur,1.44,85.1,HIGH,HIGH,6,0.196,NO_DEPENDENCY,0.246,0
POS_1298,Stagnant Water,Public Health Risk,Public Health,Health,stagnant water remains,possible health hazard,Velachery,1.43,24.5,MEDIUM,CRITICAL,10,0.79,CAUSES,0.749,1
NEG_0715,Pothole / Road Damage,Air Pollution,Road,Environment,road surface is badly damaged,dust and pollution are increasing,Thiruvanmiyur,3.3,45.3,LOW,MEDIUM,15,0.237,NO_DEPENDENCY,0.309,0
NEG_1389,Public Health Risk,Emergency Response Delay,Health,Emergency,possible health hazard,emergency movement is delayed,Mylapore,6.59,12.9,MEDIUM,LOW,0,0.07,NO_DEPENDENCY,0.161,0
NEG_0569,Waterlogging,Safety Risk,Flooding,Safety,road is flooded,risk to pedestrians and vehicles,Tambaram,2.87,3.0,MEDIUM,MEDIUM,6,0.034,NO_DEPENDENCY,0.245,0
POS_0647,Waterlogging,Road Blockage,Flooding,Road,water has accumulated on the road,vehicle movement is obstructed,Adyar,1.94,36.7,CRITICAL,CRITICAL,1,0.509,CAUSES,0.707,1
NEG_0029,Air Pollution,Blocked Drain,Environment,Drainage,air quality is affected,blocked drainage outlet,Tambaram,3.86,35.9,MEDIUM,MEDIUM,8,0.253,NO_DEPENDENCY,0.278,0
NEG_1380,Sewer Overflow,Road Blockage,Drainage,Road,sewer line has overflowed,road passage is blocked,Velachery,6.51,7.8,LOW,CRITICAL,5,0.215,NO_DEPENDENCY,0.235,0
POS_1268,Stagnant Water,Public Health Risk,Public Health,Health,standing water is not clearing,possible health hazard,Guindy,3.02,5.1,MEDIUM,MEDIUM,19,0.711,CAUSES,0.743,1
NEG_0400,Pothole / Road Damage,Street Light Failure,Road,Lighting,damaged road section,dark street due to light failure,Pallavaram,0.79,72.4,HIGH,MEDIUM,3,0.24,NO_DEPENDENCY,0.265,0
POS_0563,Street Light Failure,Poor Road Visibility,Lighting,Safety,dark street due to light failure,low visibility reported,Royapettah,3.99,31.8,LOW,MEDIUM,5,0.967,CAUSES,0.673,1
NEG_1235,Water Leakage,Safety Risk,Water,Safety,damaged water supply line,area has become unsafe,Mylapore,4.58,74.8,HIGH,LOW,8,0.294,NO_DEPENDENCY,0.247,0
POS_0190,Water Leakage,Stagnant Water,Water,Public Health,pipeline leak near street,pool of water has remained,Ambattur,1.5,32.0,MEDIUM,CRITICAL,11,0.729,CAUSES,0.715,1
NEG_0307,Air Pollution,Emergency Response Delay,Environment,Emergency,air quality is affected,response time is increasing,Mylapore,3.15,59.2,MEDIUM,LOW,5,0.39,NO_DEPENDENCY,0.295,0
POS_0976,Poor Road Visibility,Safety Risk,Safety,Safety,dark road section,safety risk reported,Velachery,1.96,23.0,CRITICAL,HIGH,1,0.479,CONTRIBUTES_TO,0.663,1
NEG_1248,Air Pollution,Blocked Drain,Environment,Drainage,air quality is affected,rainwater drain is not flowing,Kodambakkam,6.81,23.7,MEDIUM,CRITICAL,8,0.328,NO_DEPENDENCY,0.267,0
NEG_0548,Street Light Failure,Sewer Overflow,Lighting,Drainage,street light is not working,sewer water is overflowing,Anna Nagar,6.39,23.7,MEDIUM,HIGH,10,0.393,NO_DEPENDENCY,0.302,0
NEG_1059,Pothole / Road Damage,Stagnant Water,Road,Public Health,road surface is badly damaged,stagnant water remains,Pallavaram,2.15,77.2,CRITICAL,MEDIUM,4,0.073,NO_DEPENDENCY,0.195,0
POS_1083,Garbage Accumulation,Air Pollution,Waste,Environment,uncollected garbage is present,polluted air reported,Pallavaram,2.96,25.5,LOW,LOW,18,0.592,CONTRIBUTES_TO,0.609,1
POS_0475,Stagnant Water,Public Health Risk,Public Health,Health,pool of water has remained,health risk reported,Mylapore,0.58,38.0,CRITICAL,MEDIUM,2,0.455,CAUSES,0.715,1
NEG_1405,Blocked Drain,Air Pollution,Drainage,Environment,rainwater drain is not flowing,local air pollution observed,Royapettah,2.21,24.1,HIGH,CRITICAL,11,0.13,NO_DEPENDENCY,0.291,0
POS_0748,Street Light Failure,Poor Road Visibility,Lighting,Safety,roadside light has failed,low visibility reported,Velachery,1.94,20.1,MEDIUM,CRITICAL,14,0.499,CAUSES,0.694,1
NEG_0801,Emergency Response Delay,Garbage Accumulation,Emergency,Waste,emergency vehicles cannot move quickly,uncollected garbage is present,Thiruvanmiyur,5.91,55.9,HIGH,CRITICAL,3,0.071,NO_DEPENDENCY,0.151,0
POS_0022,Traffic Congestion,Emergency Response Delay,Traffic,Emergency,traffic is moving slowly,emergency access is difficult,Adyar,0.9,21.8,CRITICAL,MEDIUM,9,0.674,CAUSES,0.775,1
POS_0460,Road Blockage,Traffic Congestion,Road,Traffic,traffic lane is obstructed,vehicles are queued,Thiruvanmiyur,2.39,8.6,HIGH,CRITICAL,12,0.469,CAUSES,0.721,1
POS_1185,Traffic Congestion,Emergency Response Delay,Traffic,Emergency,vehicles are queued,response time is increasing,Kodambakkam,1.39,4.9,CRITICAL,MEDIUM,6,0.654,CAUSES,0.774,1
NEG_0825,Waterlogging,Street Light Failure,Flooding,Lighting,road is flooded,street light is not working,Ambattur,5.66,43.8,LOW,CRITICAL,0,0.367,NO_DEPENDENCY,0.239,0
POS_0956,Illegal Dumping,Blocked Drain,Waste,Drainage,unauthorized dumping reported,rainwater drain is not flowing,Tambaram,3.76,32.8,HIGH,HIGH,18,0.914,CONTRIBUTES_TO,0.717,1
POS_1216,Waterlogging,Road Blockage,Flooding,Road,road is flooded,traffic lane is obstructed,T Nagar,3.53,46.0,LOW,LOW,18,0.918,CAUSES,0.703,1
NEG_0934,Garbage Accumulation,Street Light Failure,Waste,Lighting,waste has built up,dark street due to light failure,Perambur,2.51,71.7,CRITICAL,MEDIUM,11,0.118,NO_DEPENDENCY,0.243,0
NEG_1354,Emergency Response Delay,Public Health Risk,Emergency,Health,emergency access is difficult,health risk reported,Royapettah,5.16,30.2,CRITICAL,MEDIUM,6,0.127,NO_DEPENDENCY,0.216,0
NEG_0016,Water Leakage,Illegal Dumping,Water,Waste,continuous water leakage,waste is being dumped illegally,Ambattur,5.59,62.1,LOW,LOW,4,0.053,NO_DEPENDENCY,0.15,0
NEG_0892,Safety Risk,Road Blockage,Safety,Road,area has become unsafe,road is partially blocked,T Nagar,3.94,38.1,HIGH,HIGH,7,0.275,NO_DEPENDENCY,0.277,0
POS_0770,Sewer Overflow,Stagnant Water,Drainage,Public Health,sewage overflow reported,water is collecting,Sholinganallur,1.21,36.3,HIGH,HIGH,8,0.69,CAUSES,0.75,1
NEG_0186,Safety Risk,Garbage Accumulation,Safety,Waste,residents feel unsafe,large pile of waste reported,Perambur,5.69,58.0,LOW,LOW,6,0.233,NO_DEPENDENCY,0.216,0
POS_0131,Illegal Dumping,Blocked Drain,Waste,Drainage,waste is being dumped illegally,rainwater drain is not flowing,Adyar,0.14,15.9,CRITICAL,HIGH,20,0.875,CONTRIBUTES_TO,0.853,1
NEG_1420,Illegal Dumping,Emergency Response Delay,Waste,Emergency,garbage dumped beside road,emergency movement is delayed,Royapettah,3.8,64.3,MEDIUM,MEDIUM,10,0.142,NO_DEPENDENCY,0.232,0
NEG_0636,Emergency Response Delay,Illegal Dumping,Emergency,Waste,emergency movement is delayed,waste is being dumped illegally,Royapettah,4.16,56.5,CRITICAL,HIGH,5,0.166,NO_DEPENDENCY,0.215,0
POS_1483,Blocked Drain,Waterlogging,Drainage,Flooding,rainwater drain is not flowing,standing rainwater on the street,Sholinganallur,2.32,30.5,CRITICAL,HIGH,15,0.647,CAUSES,0.797,1
POS_0331,Traffic Congestion,Emergency Response Delay,Traffic,Emergency,vehicles are queued,response time is increasing,Velachery,3.65,6.5,MEDIUM,MEDIUM,14,0.674,CAUSES,0.69,1
POS_1239,Garbage Accumulation,Air Pollution,Waste,Environment,waste has built up,air quality is affected,Royapettah,3.37,21.9,CRITICAL,LOW,13,0.675,CONTRIBUTES_TO,0.683,1
POS_0467,Road Blockage,Traffic Congestion,Road,Traffic,vehicle movement is obstructed,vehicles are queued,Anna Nagar,0.66,5.7,HIGH,CRITICAL,15,0.691,CAUSES,0.82,1
NEG_0670,Safety Risk,Illegal Dumping,Safety,Waste,residents feel unsafe,open dumping observed,Perambur,4.42,16.2,LOW,CRITICAL,10,0.158,NO_DEPENDENCY,0.268,0
NEG_0139,Blocked Drain,Water Leakage,Drainage,Water,stormwater drain is blocked,pipeline leak near street,Tambaram,2.27,81.6,HIGH,LOW,3,0.32,NO_DEPENDENCY,0.259,0
POS_1096,Sewer Overflow,Stagnant Water,Drainage,Public Health,sewage overflow reported,stagnant water remains,Ambattur,0.22,33.0,HIGH,LOW,19,0.906,CAUSES,0.85,1
POS_1131,Water Leakage,Stagnant Water,Water,Public Health,pipeline leak near street,pool of water has remained,Royapettah,0.93,8.0,HIGH,MEDIUM,8,0.734,CAUSES,0.781,1
POS_1295,Poor Road Visibility,Safety Risk,Safety,Safety,dark road section,residents feel unsafe,Adyar,3.68,40.6,HIGH,MEDIUM,11,0.904,CONTRIBUTES_TO,0.681,1
POS_0861,Sewer Overflow,Stagnant Water,Drainage,Public Health,dirty wastewater is spreading,water is collecting,Guindy,1.82,29.5,LOW,LOW,11,0.967,CAUSES,0.757,1
